k_index,k_fractional,energy_eV,spectral_weight_per_eV
0,-0.3750000000,-35.0000000000,2.0170340124e-04
0,-0.3750000000,-34.9699957137,1.8732739468e-04
0,-0.3750000000,-34.9399914273,1.7532291621e-04
0,-0.3750000000,-34.9099871410,1.6582391282e-04
0,-0.3750000000,-34.8799828547,1.5872406639e-04
0,-0.3750000000,-34.8499785684,1.5376137021e-04
0,-0.3750000000,-34.8199742820,1.5072076623e-04
0,-0.3750000000,-34.7899699957,1.4953242191e-04
0,-0.3750000000,-34.7599657094,1.5016133006e-04
0,-0.3750000000,-34.7299614231,1.5238776700e-04
0,-0.3750000000,-34.6999571367,1.5566296839e-04
0,-0.3750000000,-34.6699528504,1.5923854255e-04
0,-0.3750000000,-34.6399485641,1.6260096969e-04
0,-0.3750000000,-34.6099442778,1.6570183106e-04
0,-0.3750000000,-34.5799399914,1.6853248062e-04
0,-0.3750000000,-34.5499357051,1.7068482800e-04
0,-0.3750000000,-34.5199314188,1.7175302541e-04
0,-0.3750000000,-34.4899271324,1.7208880559e-04
0,-0.3750000000,-34.4599228461,1.7269684031e-04
0,-0.3750000000,-34.4299185598,1.7432719343e-04
0,-0.3750000000,-34.3999142735,1.7685911478e-04
0,-0.3750000000,-34.3699099871,1.7955560957e-04
0,-0.3750000000,-34.3399057008,1.8198480242e-04
0,-0.3750000000,-34.3099014145,1.8473894483e-04
0,-0.3750000000,-34.2798971282,1.8917447122e-04
0,-0.3750000000,-34.2498928418,1.9657262225e-04
0,-0.3750000000,-34.2198885555,2.0748481690e-04
0,-0.3750000000,-34.1898842692,2.2127197749e-04
0,-0.3750000000,-34.1598799829,2.3566678258e-04
0,-0.3750000000,-34.1298756965,2.4696386481e-04
0,-0.3750000000,-34.0998714102,2.5187806177e-04
0,-0.3750000000,-34.0698671239,2.5018146884e-04
0,-0.3750000000,-34.0398628375,2.4499955420e-04
0,-0.3750000000,-34.0098585512,2.4041392056e-04
0,-0.3750000000,-33.9798542649,2.3944950173e-04
0,-0.3750000000,-33.9498499786,2.4377876664e-04
0,-0.3750000000,-33.9198456922,2.5421832473e-04
0,-0.3750000000,-33.8898414059,2.7125363623e-04
0,-0.3750000000,-33.8598371196,2.9537723261e-04
0,-0.3750000000,-33.8298328333,3.2693029571e-04
0,-0.3750000000,-33.7998285469,3.6507233930e-04
0,-0.3750000000,-33.7698242606,4.0616867760e-04
0,-0.3750000000,-33.7398199743,4.4308530140e-04
0,-0.3750000000,-33.7098156880,4.6742698085e-04
0,-0.3750000000,-33.6798114016,4.7395401780e-04
0,-0.3750000000,-33.6498071153,4.6271879674e-04
0,-0.3750000000,-33.6198028290,4.3763428884e-04
0,-0.3750000000,-33.5897985426,4.0454451270e-04
0,-0.3750000000,-33.5597942563,3.6992191612e-04
0,-0.3750000000,-33.5297899700,3.3935968723e-04
0,-0.3750000000,-33.4997856837,3.1629670987e-04
0,-0.3750000000,-33.4697813973,3.0184994941e-04
0,-0.3750000000,-33.4397771110,2.9527556461e-04
0,-0.3750000000,-33.4097728247,2.9428641666e-04
0,-0.3750000000,-33.3797685384,2.9544827344e-04
0,-0.3750000000,-33.3497642520,2.9550083655e-04
0,-0.3750000000,-33.3197599657,2.9310956194e-04
0,-0.3750000000,-33.2897556794,2.8878423617e-04
0,-0.3750000000,-33.2597513931,2.8285632267e-04
0,-0.3750000000,-33.2297471067,2.7453661902e-04
0,-0.3750000000,-33.1997428204,2.6319152876e-04
0,-0.3750000000,-33.1697385341,2.4945258931e-04
0,-0.3750000000,-33.1397342477,2.3470438059e-04
0,-0.3750000000,-33.1097299614,2.2038759278e-04
0,-0.3750000000,-33.0797256751,2.0784492839e-04
0,-0.3750000000,-33.0497213888,1.9812432915e-04
0,-0.3750000000,-33.0197171024,1.9179862444e-04
0,-0.3750000000,-32.9897128161,1.8906105995e-04
0,-0.3750000000,-32.9597085298,1.8994588032e-04
0,-0.3750000000,-32.9297042435,1.9448154234e-04
0,-0.3750000000,-32.8996999571,2.0274113551e-04
0,-0.3750000000,-32.8696956708,2.1484114014e-04
0,-0.3750000000,-32.8396913845,2.3089825154e-04
0,-0.3750000000,-32.8096870982,2.5074924455e-04
0,-0.3750000000,-32.7796828118,2.7316645844e-04
0,-0.3750000000,-32.7496785255,2.9488217133e-04
0,-0.3750000000,-32.7196742392,3.1073736030e-04
0,-0.3750000000,-32.6896699529,3.1621459118e-04
0,-0.3750000000,-32.6596656665,3.1089723131e-04
0,-0.3750000000,-32.6296613802,2.9901523413e-04
0,-0.3750000000,-32.5996570939,2.8639767504e-04
0,-0.3750000000,-32.5696528075,2.7746538907e-04
0,-0.3750000000,-32.5396485212,2.7456801370e-04
0,-0.3750000000,-32.5096442349,2.7874086771e-04
0,-0.3750000000,-32.4796399486,2.9041247144e-04
0,-0.3750000000,-32.4496356622,3.0949652109e-04
0,-0.3750000000,-32.4196313759,3.3490704712e-04
0,-0.3750000000,-32.3896270896,3.6390425251e-04
0,-0.3750000000,-32.3596228033,3.9241859147e-04
0,-0.3750000000,-32.3296185169,4.1757595935e-04
0,-0.3750000000,-32.2996142306,4.4074152484e-04
0,-0.3750000000,-32.2696099443,4.6693443221e-04
0,-0.3750000000,-32.2396056580,5.0056068563e-04
0,-0.3750000000,-32.2096013716,5.4132251061e-04
0,-0.3750000000,-32.1795970853,5.8206150344e-04
0,-0.3750000000,-32.1495927990,6.0916678396e-04
0,-0.3750000000,-32.1195885126,6.0826804245e-04
0,-0.3750000000,-32.0895842263,5.7460491992e-04
0,-0.3750000000,-32.0595799400,5.1738702887e-04
0,-0.3750000000,-32.0295756537,4.5199033341e-04
0,-0.3750000000,-31.9995713673,3.9025152481e-04
0,-0.3750000000,-31.9695670810,3.3764742645e-04
0,-0.3750000000,-31.9395627947,2.9521462931e-04
0,-0.3750000000,-31.9095585084,2.6197799659e-04
0,-0.3750000000,-31.8795542220,2.3640392132e-04
0,-0.3750000000,-31.8495499357,2.1700913632e-04
0,-0.3750000000,-31.8195456494,2.0251159349e-04
0,-0.3750000000,-31.7895413631,1.9178945352e-04
0,-0.3750000000,-31.7595370767,1.8383854717e-04
0,-0.3750000000,-31.7295327904,1.7788134906e-04
0,-0.3750000000,-31.6995285041,1.7357229084e-04
0,-0.3750000000,-31.6695242177,1.7097831685e-04
0,-0.3750000000,-31.6395199314,1.7020957729e-04
0,-0.3750000000,-31.6095156451,1.7095296421e-04
0,-0.3750000000,-31.5795113588,1.7215994329e-04
0,-0.3750000000,-31.5495070724,1.7216731704e-04
0,-0.3750000000,-31.5195027861,1.6955084632e-04
0,-0.3750000000,-31.4894984998,1.6417048757e-04
0,-0.3750000000,-31.4594942135,1.5716648861e-04
0,-0.3750000000,-31.4294899271,1.4998597099e-04
0,-0.3750000000,-31.3994856408,1.4364542133e-04
0,-0.3750000000,-31.3694813545,1.3861932939e-04
0,-0.3750000000,-31.3394770682,1.3501868989e-04
0,-0.3750000000,-31.3094727818,1.3278746074e-04
0,-0.3750000000,-31.2794684955,1.3183179380e-04
0,-0.3750000000,-31.2494642092,1.3208546087e-04
0,-0.3750000000,-31.2194599228,1.3353794773e-04
0,-0.3750000000,-31.1894556365,1.3624679083e-04
0,-0.3750000000,-31.1594513502,1.4034560773e-04
0,-0.3750000000,-31.1294470639,1.4605114087e-04
0,-0.3750000000,-31.0994427775,1.5366498417e-04
0,-0.3750000000,-31.0694384912,1.6355381981e-04
0,-0.3750000000,-31.0394342049,1.7607088747e-04
0,-0.3750000000,-31.0094299186,1.9135382917e-04
0,-0.3750000000,-30.9794256322,2.0894254938e-04
0,-0.3750000000,-30.9494213459,2.2734252079e-04
0,-0.3750000000,-30.9194170596,2.4412144385e-04
0,-0.3750000000,-30.8894127733,2.5721730673e-04
0,-0.3750000000,-30.8594084869,2.6654537334e-04
0,-0.3750000000,-30.8294042006,2.7360684134e-04
0,-0.3750000000,-30.7993999143,2.7939519118e-04
0,-0.3750000000,-30.7693956279,2.8358554640e-04
0,-0.3750000000,-30.7393913416,2.8596134541e-04
0,-0.3750000000,-30.7093870553,2.8768987494e-04
0,-0.3750000000,-30.6793827690,2.9033333769e-04
0,-0.3750000000,-30.6493784826,2.9389511512e-04
0,-0.3750000000,-30.6193741963,2.9649793230e-04
0,-0.3750000000,-30.5893699100,2.9643308602e-04
0,-0.3750000000,-30.5593656237,2.9452375221e-04
0,-0.3750000000,-30.5293613373,2.9398732075e-04
0,-0.3750000000,-30.4993570510,2.9836762011e-04
0,-0.3750000000,-30.4693527647,3.1008886624e-04
0,-0.3750000000,-30.4393484784,3.3008666226e-04
0,-0.3750000000,-30.4093441920,3.5741401874e-04
0,-0.3750000000,-30.3793399057,3.8822324427e-04
0,-0.3750000000,-30.3493356194,4.1507923103e-04
0,-0.3750000000,-30.3193313330,4.2921373391e-04
0,-0.3750000000,-30.2893270467,4.2641716757e-04
0,-0.3750000000,-30.2593227604,4.1071140254e-04
0,-0.3750000000,-30.2293184741,3.9055985292e-04
0,-0.3750000000,-30.1993141877,3.7234962348e-04
0,-0.3750000000,-30.1693099014,3.5750530362e-04
0,-0.3750000000,-30.1393056151,3.4371834156e-04
0,-0.3750000000,-30.1093013288,3.2841045009e-04
0,-0.3750000000,-30.0792970424,3.1169756963e-04
0,-0.3750000000,-30.0492927561,2.9619234189e-04
0,-0.3750000000,-30.0192884698,2.8469385710e-04
0,-0.3750000000,-29.9892841835,2.7867015357e-04
0,-0.3750000000,-29.9592798971,2.7815593124e-04
0,-0.3750000000,-29.9292756108,2.8229956451e-04
0,-0.3750000000,-29.8992713245,2.9013675203e-04
0,-0.3750000000,-29.8692670381,3.0111316241e-04
0,-0.3750000000,-29.8392627518,3.1470394810e-04
0,-0.3750000000,-29.8092584655,3.2940044438e-04
0,-0.3750000000,-29.7792541792,3.4201509100e-04
0,-0.3750000000,-29.7492498928,3.4820138834e-04
0,-0.3750000000,-29.7192456065,3.4466392948e-04
0,-0.3750000000,-29.6892413202,3.3155876951e-04
0,-0.3750000000,-29.6592370339,3.1249013778e-04
0,-0.3750000000,-29.6292327475,2.9190209617e-04
0,-0.3750000000,-29.5992284612,2.7264956664e-04
0,-0.3750000000,-29.5692241749,2.5582492169e-04
0,-0.3750000000,-29.5392198886,2.4189640754e-04
0,-0.3750000000,-29.5092156022,2.3134298921e-04
0,-0.3750000000,-29.4792113159,2.2451352026e-04
0,-0.3750000000,-29.4492070296,2.2141066010e-04
0,-0.3750000000,-29.4192027432,2.2164729049e-04
0,-0.3750000000,-29.3891984569,2.2446997488e-04
0,-0.3750000000,-29.3591941706,2.2894485807e-04
0,-0.3750000000,-29.3291898843,2.3449959761e-04
0,-0.3750000000,-29.2991855979,2.4149116109e-04
0,-0.3750000000,-29.2691813116,2.5111610870e-04
0,-0.3750000000,-29.2391770253,2.6478561165e-04
0,-0.3750000000,-29.2091727390,2.8363715081e-04
0,-0.3750000000,-29.1791684526,3.0829437828e-04
0,-0.3750000000,-29.1491641663,3.3862063289e-04
0,-0.3750000000,-29.1191598800,3.7358751284e-04
0,-0.3750000000,-29.0891555937,4.1191568440e-04
0,-0.3750000000,-29.0591513073,4.5360651009e-04
0,-0.3750000000,-29.0291470210,5.0073760855e-04
0,-0.3750000000,-28.9991427347,5.5593608506e-04
0,-0.3750000000,-28.9691384483,6.1888702216e-04
0,-0.3750000000,-28.9391341620,6.8216260258e-04
0,-0.3750000000,-28.9091298757,7.2958126450e-04
0,-0.3750000000,-28.8791255894,7.4272841669e-04
0,-0.3750000000,-28.8491213030,7.1479979961e-04
0,-0.3750000000,-28.8191170167,6.5701295140e-04
0,-0.3750000000,-28.7891127304,5.8902366305e-04
0,-0.3750000000,-28.7591084441,5.2626648629e-04
0,-0.3750000000,-28.7291041577,4.7570676319e-04
0,-0.3750000000,-28.6990998714,4.3755937859e-04
0,-0.3750000000,-28.6690955851,4.0794294053e-04
0,-0.3750000000,-28.6390912988,3.8147706822e-04
0,-0.3750000000,-28.6090870124,3.5438198610e-04
0,-0.3750000000,-28.5790827261,3.2644535060e-04
0,-0.3750000000,-28.5490784398,2.9985789213e-04
0,-0.3750000000,-28.5190741535,2.7667352260e-04
0,-0.3750000000,-28.4890698671,2.5761246034e-04
0,-0.3750000000,-28.4590655808,2.4238431947e-04
0,-0.3750000000,-28.4290612945,2.3048802511e-04
0,-0.3750000000,-28.3990570081,2.2170049250e-04
0,-0.3750000000,-28.3690527218,2.1605831849e-04
0,-0.3750000000,-28.3390484355,2.1367280799e-04
0,-0.3750000000,-28.3090441492,2.1467187109e-04
0,-0.3750000000,-28.2790398628,2.1923056792e-04
0,-0.3750000000,-28.2490355765,2.2751146965e-04
0,-0.3750000000,-28.2190312902,2.3935667682e-04
0,-0.3750000000,-28.1890270039,2.5365953343e-04
0,-0.3750000000,-28.1590227175,2.6761121799e-04
0,-0.3750000000,-28.1290184312,2.7673863791e-04
0,-0.3750000000,-28.0990141449,2.7700276698e-04
0,-0.3750000000,-28.0690098586,2.6793451536e-04
0,-0.3750000000,-28.0390055722,2.5304983337e-04
0,-0.3750000000,-28.0090012859,2.3696561094e-04
0,-0.3750000000,-27.9789969996,2.2288879175e-04
0,-0.3750000000,-27.9489927132,2.1224871081e-04
0,-0.3750000000,-27.9189884269,2.0539223647e-04
0,-0.3750000000,-27.8889841406,2.0224673535e-04
0,-0.3750000000,-27.8589798543,2.0266435183e-04
0,-0.3750000000,-27.8289755679,2.0649454959e-04
0,-0.3750000000,-27.7989712816,2.1342729279e-04
0,-0.3750000000,-27.7689669953,2.2259624419e-04
0,-0.3750000000,-27.7389627090,2.3205241310e-04
0,-0.3750000000,-27.7089584226,2.3869839521e-04
0,-0.3750000000,-27.6789541363,2.3959344472e-04
0,-0.3750000000,-27.6489498500,2.3412418492e-04
0,-0.3750000000,-27.6189455637,2.2449684512e-04
0,-0.3750000000,-27.5889412773,2.1385251498e-04
0,-0.3750000000,-27.5589369910,2.0444076365e-04
0,-0.3750000000,-27.5289327047,1.9726214530e-04
0,-0.3750000000,-27.4989284183,1.9251757533e-04
0,-0.3750000000,-27.4689241320,1.9007374691e-04
0,-0.3750000000,-27.4389198457,1.8971950528e-04
0,-0.3750000000,-27.4089155594,1.9125318161e-04
0,-0.3750000000,-27.3789112730,1.9446522927e-04
0,-0.3750000000,-27.3489069867,1.9905714955e-04
0,-0.3750000000,-27.3189027004,2.0454784875e-04
0,-0.3750000000,-27.2888984141,2.1027605961e-04
0,-0.3750000000,-27.2588941277,2.1565078967e-04
0,-0.3750000000,-27.2288898414,2.2059723991e-04
0,-0.3750000000,-27.1988855551,2.2572202633e-04
0,-0.3750000000,-27.1688812688,2.3194900123e-04
0,-0.3750000000,-27.1388769824,2.4009463183e-04
0,-0.3750000000,-27.1088726961,2.5076720559e-04
0,-0.3750000000,-27.0788684098,2.6448514712e-04
0,-0.3750000000,-27.0488641234,2.8182319797e-04
0,-0.3750000000,-27.0188598371,3.0351950742e-04
0,-0.3750000000,-26.9888555508,3.3054272960e-04
0,-0.3750000000,-26.9588512645,3.6411338678e-04
0,-0.3750000000,-26.9288469781,4.0563788520e-04
0,-0.3750000000,-26.8988426918,4.5647872718e-04
0,-0.3750000000,-26.8688384055,5.1753019022e-04
0,-0.3750000000,-26.8388341192,5.8880448386e-04
0,-0.3750000000,-26.8088298328,6.6934677353e-04
0,-0.3750000000,-26.7788255465,7.5680475746e-04
0,-0.3750000000,-26.7488212602,8.4505230133e-04
0,-0.3750000000,-26.7188169739,9.2174409903e-04
0,-0.3750000000,-26.6888126875,9.7222847043e-04
0,-0.3750000000,-26.6588084012,9.8956355562e-04
0,-0.3750000000,-26.6288041149,9.7804164514e-04
0,-0.3750000000,-26.5987998285,9.4631721907e-04
0,-0.3750000000,-26.5687955422,9.0303991743e-04
0,-0.3750000000,-26.5387912559,8.5827432512e-04
0,-0.3750000000,-26.5087869696,8.2215379383e-04
0,-0.3750000000,-26.4787826832,8.0065713815e-04
0,-0.3750000000,-26.4487783969,7.9394828975e-04
0,-0.3750000000,-26.4187741106,7.9862471382e-04
0,-0.3750000000,-26.3887698243,8.1239605211e-04
0,-0.3750000000,-26.3587655379,8.3771255016e-04
0,-0.3750000000,-26.3287612516,8.8115208695e-04
0,-0.3750000000,-26.2987569653,9.5049873300e-04
0,-0.3750000000,-26.2687526790,1.0530700017e-03
0,-0.3750000000,-26.2387483926,1.1952332060e-03
0,-0.3750000000,-26.2087441063,1.3808174294e-03
0,-0.3750000000,-26.1787398200,1.6061049915e-03
0,-0.3750000000,-26.1487355336,1.8503717388e-03
0,-0.3750000000,-26.1187312473,2.0667918765e-03
0,-0.3750000000,-26.0887269610,2.1900807728e-03
0,-0.3750000000,-26.0587226747,2.1736755531e-03
0,-0.3750000000,-26.0287183883,2.0265856734e-03
0,-0.3750000000,-25.9987141020,1.8023228317e-03
0,-0.3750000000,-25.9687098157,1.5573592522e-03
0,-0.3750000000,-25.9387055294,1.3280681660e-03
0,-0.3750000000,-25.9087012430,1.1312345593e-03
0,-0.3750000000,-25.8786969567,9.7102331612e-04
0,-0.3750000000,-25.8486926704,8.4500705124e-04
0,-0.3750000000,-25.8186883841,7.4832752482e-04
0,-0.3750000000,-25.7886840977,6.7603235887e-04
0,-0.3750000000,-25.7586798114,6.2406185836e-04
0,-0.3750000000,-25.7286755251,5.8948163049e-04
0,-0.3750000000,-25.6986712387,5.7033914325e-04
0,-0.3750000000,-25.6686669524,5.6524219582e-04
0,-0.3750000000,-25.6386626661,5.7253285265e-04
0,-0.3750000000,-25.6086583798,5.8888672987e-04
0,-0.3750000000,-25.5786540934,6.0774162567e-04
0,-0.3750000000,-25.5486498071,6.1951582781e-04
0,-0.3750000000,-25.5186455208,6.1595948650e-04
0,-0.3750000000,-25.4886412345,5.9593769350e-04
0,-0.3750000000,-25.4586369481,5.6549981357e-04
0,-0.3750000000,-25.4286326618,5.3252727521e-04
0,-0.3750000000,-25.3986283755,5.0288401698e-04
0,-0.3750000000,-25.3686240892,4.7992149686e-04
0,-0.3750000000,-25.3386198028,4.6518260536e-04
0,-0.3750000000,-25.3086155165,4.5898313301e-04
0,-0.3750000000,-25.2786112302,4.6052390439e-04
0,-0.3750000000,-25.2486069438,4.6759581323e-04
0,-0.3750000000,-25.2186026575,4.7596170534e-04
0,-0.3750000000,-25.1885983712,4.7939039604e-04
0,-0.3750000000,-25.1585940849,4.7236559067e-04
0,-0.3750000000,-25.1285897985,4.5432522522e-04
0,-0.3750000000,-25.0985855122,4.3016055580e-04
0,-0.3750000000,-25.0685812259,4.0620012027e-04
0,-0.3750000000,-25.0385769396,3.8680241938e-04
0,-0.3750000000,-25.0085726532,3.7392463021e-04
0,-0.3750000000,-24.9785683669,3.6812893229e-04
0,-0.3750000000,-24.9485640806,3.6953476181e-04
0,-0.3750000000,-24.9185597943,3.7835699740e-04
0,-0.3750000000,-24.8885555079,3.9513539426e-04
0,-0.3750000000,-24.8585512216,4.2076026757e-04
0,-0.3750000000,-24.8285469353,4.5626563030e-04
0,-0.3750000000,-24.7985426489,5.0219373127e-04
0,-0.3750000000,-24.7685383626,5.5722567513e-04
0,-0.3750000000,-24.7385340763,6.1612470032e-04
0,-0.3750000000,-24.7085297900,6.6856357216e-04
0,-0.3750000000,-24.6785255036,7.0207875014e-04
0,-0.3750000000,-24.6485212173,7.0910249313e-04
0,-0.3750000000,-24.6185169310,6.9095299069e-04
0,-0.3750000000,-24.5885126447,6.5528654917e-04
0,-0.3750000000,-24.5585083583,6.1221582113e-04
0,-0.3750000000,-24.5285040720,5.7132434919e-04
0,-0.3750000000,-24.4984997857,5.3926347953e-04
0,-0.3750000000,-24.4684954994,5.1928093833e-04
0,-0.3750000000,-24.4384912130,5.1245426018e-04
0,-0.3750000000,-24.4084869267,5.1914015143e-04
0,-0.3750000000,-24.3784826404,5.3991896497e-04
0,-0.3750000000,-24.3484783541,5.7606193085e-04
0,-0.3750000000,-24.3184740677,6.2967469209e-04
0,-0.3750000000,-24.2884697814,7.0349317806e-04
0,-0.3750000000,-24.2584654951,7.9999897361e-04
0,-0.3750000000,-24.2284612087,9.1912948163e-04
0,-0.3750000000,-24.1984569224,1.0537968799e-03
0,-0.3750000000,-24.1684526361,1.1842892415e-03
0,-0.3750000000,-24.1384483498,1.2782431262e-03
0,-0.3750000000,-24.1084440634,1.3059359395e-03
0,-0.3750000000,-24.0784397771,1.2639489316e-03
0,-0.3750000000,-24.0484354908,1.1788592961e-03
0,-0.3750000000,-24.0184312045,1.0851624249e-03
0,-0.3750000000,-23.9884269181,1.0045833192e-03
0,-0.3750000000,-23.9584226318,9.4114580166e-04
0,-0.3750000000,-23.9284183455,8.8582446991e-04
0,-0.3750000000,-23.8984140592,8.2546992618e-04
0,-0.3750000000,-23.8684097728,7.5333381249e-04
0,-0.3750000000,-23.8384054865,6.7341877530e-04
0,-0.3750000000,-23.8084012002,5.9488194556e-04
0,-0.3750000000,-23.7783969138,5.2476032079e-04
0,-0.3750000000,-23.7483926275,4.6577795480e-04
0,-0.3750000000,-23.7183883412,4.1767752161e-04
0,-0.3750000000,-23.6883840549,3.7894350265e-04
0,-0.3750000000,-23.6583797685,3.4782289739e-04
0,-0.3750000000,-23.6283754822,3.2274576590e-04
0,-0.3750000000,-23.5983711959,3.0243586898e-04
0,-0.3750000000,-23.5683669096,2.8589805266e-04
0,-0.3750000000,-23.5383626232,2.7236948452e-04
0,-0.3750000000,-23.5083583369,2.6126847477e-04
0,-0.3750000000,-23.4783540506,2.5215136495e-04
0,-0.3750000000,-23.4483497643,2.4467912686e-04
0,-0.3750000000,-23.4183454779,2.3859247949e-04
0,-0.3750000000,-23.3883411916,2.3369376211e-04
0,-0.3750000000,-23.3583369053,2.2983398163e-04
0,-0.3750000000,-23.3283326189,2.2690380934e-04
0,-0.3750000000,-23.2983283326,2.2482763012e-04
0,-0.3750000000,-23.2683240463,2.2355995818e-04
0,-0.3750000000,-23.2383197600,2.2308352661e-04
0,-0.3750000000,-23.2083154736,2.2340790473e-04
0,-0.3750000000,-23.1783111873,2.2456608440e-04
0,-0.3750000000,-23.1483069010,2.2660318049e-04
0,-0.3750000000,-23.1183026147,2.2954548733e-04
0,-0.3750000000,-23.0882983283,2.3333316152e-04
0,-0.3750000000,-23.0582940420,2.3771537805e-04
0,-0.3750000000,-23.0282897557,2.4218241006e-04
0,-0.3750000000,-22.9982854694,2.4611333897e-04
0,-0.3750000000,-22.9682811830,2.4919308534e-04
0,-0.3750000000,-22.9382768967,2.5172275126e-04
0,-0.3750000000,-22.9082726104,2.5444565438e-04
0,-0.3750000000,-22.8782683240,2.5813113720e-04
0,-0.3750000000,-22.8482640377,2.6335268132e-04
0,-0.3750000000,-22.8182597514,2.7051854251e-04
0,-0.3750000000,-22.7882554651,2.7998441832e-04
0,-0.3750000000,-22.7582511787,2.9212513655e-04
0,-0.3750000000,-22.7282468924,3.0731122000e-04
0,-0.3750000000,-22.6982426061,3.2572892513e-04
0,-0.3750000000,-22.6682383198,3.4694808750e-04
0,-0.3750000000,-22.6382340334,3.6923613504e-04
0,-0.3750000000,-22.6082297471,3.8912088102e-04
0,-0.3750000000,-22.5782254608,4.0243307092e-04
0,-0.3750000000,-22.5482211745,4.0716646701e-04
0,-0.3750000000,-22.5182168881,4.0534914436e-04
0,-0.3750000000,-22.4882126018,4.0138764753e-04
0,-0.3750000000,-22.4582083155,3.9916560719e-04
0,-0.3750000000,-22.4282040291,4.0087660017e-04
0,-0.3750000000,-22.3981997428,4.0742548560e-04
0,-0.3750000000,-22.3681954565,4.1915018757e-04
0,-0.3750000000,-22.3381911702,4.3631474901e-04
0,-0.3750000000,-22.3081868838,4.5936711417e-04
0,-0.3750000000,-22.2781825975,4.8907255562e-04
0,-0.3750000000,-22.2481783112,5.2659863557e-04
0,-0.3750000000,-22.2181740249,5.7357422727e-04
0,-0.3750000000,-22.1881697385,6.3208641421e-04
0,-0.3750000000,-22.1581654522,7.0448469751e-04
0,-0.3750000000,-22.1281611659,7.9269247664e-04
0,-0.3750000000,-22.0981568796,8.9651249069e-04
0,-0.3750000000,-22.0681525932,1.0105530821e-03
0,-0.3750000000,-22.0381483069,1.1210983198e-03
0,-0.3750000000,-22.0081440206,1.2080864807e-03
0,-0.3750000000,-21.9781397342,1.2571346697e-03
0,-0.3750000000,-21.9481354479,1.2730356272e-03
0,-0.3750000000,-21.9181311616,1.2776785631e-03
0,-0.3750000000,-21.8881268753,1.2955825709e-03
0,-0.3750000000,-21.8581225889,1.3445706152e-03
0,-0.3750000000,-21.8281183026,1.4359772666e-03
0,-0.3750000000,-21.7981140163,1.5781432861e-03
0,-0.3750000000,-21.7681097300,1.7784422698e-03
0,-0.3750000000,-21.7381054436,2.0419213677e-03
0,-0.3750000000,-21.7081011573,2.3649398818e-03
0,-0.3750000000,-21.6780968710,2.7226746258e-03
0,-0.3750000000,-21.6480925847,3.0559268204e-03
0,-0.3750000000,-21.6180882983,3.2782811482e-03
0,-0.3750000000,-21.5880840120,3.3245618456e-03
0,-0.3750000000,-21.5580797257,3.2067141978e-03
0,-0.3750000000,-21.5280754393,3.0060263287e-03
0,-0.3750000000,-21.4980711530,2.8119924622e-03
0,-0.3750000000,-21.4680668667,2.6795785004e-03
0,-0.3750000000,-21.4380625804,2.6240030466e-03
0,-0.3750000000,-21.4080582940,2.6293406676e-03
0,-0.3750000000,-21.3780540077,2.6595441428e-03
0,-0.3750000000,-21.3480497214,2.6778362705e-03
0,-0.3750000000,-21.3180454351,2.6686869807e-03
0,-0.3750000000,-21.2880411487,2.6365074856e-03
0,-0.3750000000,-21.2580368624,2.5814703485e-03
0,-0.3750000000,-21.2280325761,2.4906276932e-03
0,-0.3750000000,-21.1980282898,2.3592385301e-03
0,-0.3750000000,-21.1680240034,2.2089197835e-03
0,-0.3750000000,-21.1380197171,2.0759299922e-03
0,-0.3750000000,-21.1080154308,1.9891622832e-03
0,-0.3750000000,-21.0780111444,1.9605034234e-03
0,-0.3750000000,-21.0480068581,1.9838361603e-03
0,-0.3750000000,-21.0180025718,2.0333124139e-03
0,-0.3750000000,-20.9879982855,2.0637130809e-03
0,-0.3750000000,-20.9579939991,2.0264932832e-03
0,-0.3750000000,-20.9279897128,1.9015514370e-03
0,-0.3750000000,-20.8979854265,1.7116792593e-03
0,-0.3750000000,-20.8679811402,1.4999753002e-03
0,-0.3750000000,-20.8379768538,1.3004703255e-03
0,-0.3750000000,-20.8079725675,1.1289459339e-03
0,-0.3750000000,-20.7779682812,9.8817076491e-04
0,-0.3750000000,-20.7479639949,8.7495096798e-04
0,-0.3750000000,-20.7179597085,7.8442724641e-04
0,-0.3750000000,-20.6879554222,7.1194163012e-04
0,-0.3750000000,-20.6579511359,6.5361988028e-04
0,-0.3750000000,-20.6279468495,6.0642290050e-04
0,-0.3750000000,-20.5979425632,5.6802522855e-04
0,-0.3750000000,-20.5679382769,5.3666344482e-04
0,-0.3750000000,-20.5379339906,5.1100218786e-04
0,-0.3750000000,-20.5079297042,4.9002839249e-04
0,-0.3750000000,-20.4779254179,4.7297177595e-04
0,-0.3750000000,-20.4479211316,4.5924642204e-04
0,-0.3750000000,-20.4179168453,4.4840838679e-04
0,-0.3750000000,-20.3879125589,4.4012522148e-04
0,-0.3750000000,-20.3579082726,4.3415435681e-04
0,-0.3750000000,-20.3279039863,4.3032817939e-04
0,-0.3750000000,-20.2978997000,4.2854432842e-04
0,-0.3750000000,-20.2678954136,4.2876028096e-04
0,-0.3750000000,-20.2378911273,4.3099172640e-04
0,-0.3750000000,-20.2078868410,4.3531459997e-04
0,-0.3750000000,-20.1778825547,4.4187098573e-04
0,-0.3750000000,-20.1478782683,4.5087943186e-04
0,-0.3750000000,-20.1178739820,4.6265053029e-04
0,-0.3750000000,-20.0878696957,4.7760879699e-04
0,-0.3750000000,-20.0578654093,4.9632163623e-04
0,-0.3750000000,-20.0278611230,5.1953468400e-04
0,-0.3750000000,-19.9978568367,5.4820838587e-04
0,-0.3750000000,-19.9678525504,5.8354057099e-04
0,-0.3750000000,-19.9378482640,6.2694377276e-04
0,-0.3750000000,-19.9078439777,6.7994243155e-04
0,-0.3750000000,-19.8778396914,7.4403266144e-04
0,-0.3750000000,-19.8478354051,8.2077926672e-04
0,-0.3750000000,-19.8178311187,9.1255051808e-04
0,-0.3750000000,-19.7878268324,1.0236293715e-03
0,-0.3750000000,-19.7578225461,1.1603272790e-03
0,-0.3750000000,-19.7278182598,1.3286807583e-03
0,-0.3750000000,-19.6978139734,1.5290534121e-03
0,-0.3750000000,-19.6678096871,1.7475185528e-03
0,-0.3750000000,-19.6378054008,1.9471518127e-03
0,-0.3750000000,-19.6078011144,2.0718443682e-03
0,-0.3750000000,-19.5777968281,2.0765896887e-03
0,-0.3750000000,-19.5477925418,1.9645799371e-03
0,-0.3750000000,-19.5177882555,1.7847511030e-03
0,-0.3750000000,-19.4877839691,1.5932484594e-03
0,-0.3750000000,-19.4577796828,1.4255928606e-03
0,-0.3750000000,-19.4277753965,1.2944238517e-03
0,-0.3750000000,-19.3977711102,1.1972987970e-03
0,-0.3750000000,-19.3677668238,1.1233512328e-03
0,-0.3750000000,-19.3377625375,1.0587777700e-03
0,-0.3750000000,-19.3077582512,9.9363126841e-04
0,-0.3750000000,-19.2777539649,9.2655521402e-04
0,-0.3750000000,-19.2477496785,8.6240389806e-04
0,-0.3750000000,-19.2177453922,8.0631801684e-04
0,-0.3750000000,-19.1877411059,7.6069880815e-04
0,-0.3750000000,-19.1577368195,7.2554296147e-04
0,-0.3750000000,-19.1277325332,6.9969437567e-04
0,-0.3750000000,-19.0977282469,6.8172431411e-04
0,-0.3750000000,-19.0677239606,6.7033101961e-04
0,-0.3750000000,-19.0377196742,6.6446077546e-04
0,-0.3750000000,-19.0077153879,6.6331032930e-04
0,-0.3750000000,-18.9777111016,6.6629133337e-04
0,-0.3750000000,-18.9477068153,6.7298968079e-04
0,-0.3750000000,-18.9177025289,6.8313069920e-04
0,-0.3750000000,-18.8876982426,6.9655251517e-04
0,-0.3750000000,-18.8576939563,7.1318698585e-04
0,-0.3750000000,-18.8276896700,7.3304690402e-04
0,-0.3750000000,-18.7976853836,7.5621826307e-04
0,-0.3750000000,-18.7676810973,7.8285666326e-04
0,-0.3750000000,-18.7376768110,8.1318725751e-04
0,-0.3750000000,-18.7076725246,8.4750792109e-04
0,-0.3750000000,-18.6776682383,8.8619558374e-04
0,-0.3750000000,-18.6476639520,9.2971589895e-04
0,-0.3750000000,-18.6176596657,9.7863666502e-04
0,-0.3750000000,-18.5876553793,1.0336456772e-03
0,-0.3750000000,-18.5576510930,1.0955740078e-03
0,-0.3750000000,-18.5276468067,1.1654261134e-03
0,-0.3750000000,-18.4976425204,1.2444186958e-03
0,-0.3750000000,-18.4676382340,1.3340309575e-03
0,-0.3750000000,-18.4376339477,1.4360698702e-03
0,-0.3750000000,-18.4076296614,1.5527554336e-03
0,-0.3750000000,-18.3776253751,1.6868328041e-03
0,-0.3750000000,-18.3476210887,1.8417208552e-03
0,-0.3750000000,-18.3176168024,2.0217105202e-03
0,-0.3750000000,-18.2876125161,2.2322316190e-03
0,-0.3750000000,-18.2576082297,2.4802143710e-03
0,-0.3750000000,-18.2276039434,2.7745821108e-03
0,-0.3750000000,-18.1975996571,3.1269253473e-03
0,-0.3750000000,-18.1675953708,3.5524237471e-03
0,-0.3750000000,-18.1375910844,4.0710981241e-03
0,-0.3750000000,-18.1075867981,4.7094761102e-03
0,-0.3750000000,-18.0775825118,5.5027056005e-03
0,-0.3750000000,-18.0475782255,6.4969513638e-03
0,-0.3750000000,-18.0175739391,7.7513218290e-03
0,-0.3750000000,-17.9875696528,9.3370539692e-03
0,-0.3750000000,-17.9575653665,1.1328212553e-02
0,-0.3750000000,-17.9275610802,1.3771633160e-02
0,-0.3750000000,-17.8975567938,1.6616690936e-02
0,-0.3750000000,-17.8675525075,1.9596244415e-02
0,-0.3750000000,-17.8375482212,2.2126199657e-02
0,-0.3750000000,-17.8075439348,2.3430726544e-02
0,-0.3750000000,-17.7775396485,2.3021554314e-02
0,-0.3750000000,-17.7475353622,2.1117960750e-02
0,-0.3750000000,-17.7175310759,1.8451844588e-02
0,-0.3750000000,-17.6875267895,1.5727284946e-02
0,-0.3750000000,-17.6575225032,1.3331779294e-02
0,-0.3750000000,-17.6275182169,1.1362770633e-02
0,-0.3750000000,-17.5975139306,9.7548663712e-03
0,-0.3750000000,-17.5675096442,8.3966487778e-03
0,-0.3750000000,-17.5375053579,7.2110694965e-03
0,-0.3750000000,-17.5075010716,6.1750907053e-03
0,-0.3750000000,-17.4774967853,5.2896403396e-03
0,-0.3750000000,-17.4474924989,4.5504333136e-03
0,-0.3750000000,-17.4174882126,3.9420230549e-03
0,-0.3750000000,-17.3874839263,3.4435364139e-03
0,-0.3750000000,-17.3574796399,3.0342840538e-03
0,-0.3750000000,-17.3274753536,2.6963962298e-03
0,-0.3750000000,-17.2974710673,2.4154066901e-03
0,-0.3750000000,-17.2674667810,2.1799408129e-03
0,-0.3750000000,-17.2374624946,1.9811508255e-03
0,-0.3750000000,-17.2074582083,1.8121628725e-03
0,-0.3750000000,-17.1774539220,1.6676171607e-03
0,-0.3750000000,-17.1474496357,1.5433097432e-03
0,-0.3750000000,-17.1174453493,1.4359212651e-03
0,-0.3750000000,-17.0874410630,1.3428138472e-03
0,-0.3750000000,-17.0574367767,1.2618794267e-03
0,-0.3750000000,-17.0274324904,1.1914264189e-03
0,-0.3750000000,-16.9974282040,1.1300948688e-03
0,-0.3750000000,-16.9674239177,1.0767929239e-03
0,-0.3750000000,-16.9374196314,1.0306494745e-03
0,-0.3750000000,-16.9074153450,9.9097931583e-04
0,-0.3750000000,-16.8774110587,9.5725830807e-04
0,-0.3750000000,-16.8474067724,9.2910686966e-04
0,-0.3750000000,-16.8174024861,9.0628081004e-04
0,-0.3750000000,-16.7873981997,8.8866903236e-04
0,-0.3750000000,-16.7573939134,8.7629799248e-04
0,-0.3750000000,-16.7273896271,8.6934282921e-04
0,-0.3750000000,-16.6973853408,8.6814437359e-04
0,-0.3750000000,-16.6673810544,8.7322902454e-04
0,-0.3750000000,-16.6373767681,8.8532415960e-04
0,-0.3750000000,-16.6073724818,9.0535865827e-04
0,-0.3750000000,-16.5773681955,9.3445463349e-04
0,-0.3750000000,-16.5473639091,9.7399048844e-04
0,-0.3750000000,-16.5173596228,1.0259167521e-03
0,-0.3750000000,-16.4873553365,1.0933725622e-03
0,-0.3750000000,-16.4573510502,1.1812039652e-03
0,-0.3750000000,-16.4273467638,1.2960049595e-03
0,-0.3750000000,-16.3973424775,1.4458671919e-03
0,-0.3750000000,-16.3673381912,1.6398459869e-03
0,-0.3750000000,-16.3373339048,1.8861647553e-03
0,-0.3750000000,-16.3073296185,2.1871293998e-03
0,-0.3750000000,-16.2773253322,2.5283256349e-03
0,-0.3750000000,-16.2473210459,2.8632261018e-03
0,-0.3750000000,-16.2173167595,3.1076767125e-03
0,-0.3750000000,-16.1873124732,3.1720015535e-03
0,-0.3750000000,-16.1573081869,3.0261980742e-03
0,-0.3750000000,-16.1273039006,2.7267933597e-03
0,-0.3750000000,-16.0972996142,2.3680530489e-03
0,-0.3750000000,-16.0672953279,2.0226004359e-03
0,-0.3750000000,-16.0372910416,1.7244730889e-03
0,-0.3750000000,-16.0072867553,1.4807650049e-03
0,-0.3750000000,-15.9772824689,1.2862314374e-03
0,-0.3750000000,-15.9472781826,1.1320554506e-03
0,-0.3750000000,-15.9172738963,1.0096475221e-03
0,-0.3750000000,-15.8872696099,9.1184664125e-04
0,-0.3750000000,-15.8572653236,8.3304911341e-04
0,-0.3750000000,-15.8272610373,7.6898573516e-04
0,-0.3750000000,-15.7972567510,7.1643441229e-04
0,-0.3750000000,-15.7672524646,6.7296441041e-04
0,-0.3750000000,-15.7372481783,6.3673409765e-04
0,-0.3750000000,-15.7072438920,6.0633872340e-04
0,-0.3750000000,-15.6772396057,5.8069829423e-04
0,-0.3750000000,-15.6472353193,5.5897563368e-04
0,-0.3750000000,-15.6172310330,5.4051654055e-04
0,-0.3750000000,-15.5872267467,5.2480594357e-04
0,-0.3750000000,-15.5572224604,5.1143560562e-04
0,-0.3750000000,-15.5272181740,5.0008018825e-04
0,-0.3750000000,-15.4972138877,4.9047940268e-04
0,-0.3750000000,-15.4672096014,4.8242462824e-04
0,-0.3750000000,-15.4372053150,4.7574884348e-04
0,-0.3750000000,-15.4072010287,4.7031904513e-04
0,-0.3750000000,-15.3771967424,4.6603056596e-04
0,-0.3750000000,-15.3471924561,4.6280287292e-04
0,-0.3750000000,-15.3171881697,4.6057655339e-04
0,-0.3750000000,-15.2871838834,4.5931129308e-04
0,-0.3750000000,-15.2571795971,4.5898472660e-04
0,-0.3750000000,-15.2271753108,4.5959210796e-04
0,-0.3750000000,-15.1971710244,4.6114681189e-04
0,-0.3750000000,-15.1671667381,4.6368174323e-04
0,-0.3750000000,-15.1371624518,4.6725180975e-04
0,-0.3750000000,-15.1071581655,4.7193771164e-04
0,-0.3750000000,-15.0771538791,4.7785143044e-04
0,-0.3750000000,-15.0471495928,4.8514397595e-04
0,-0.3750000000,-15.0171453065,4.9401619038e-04
0,-0.3750000000,-14.9871410201,5.0473373210e-04
0,-0.3750000000,-14.9571367338,5.1764777628e-04
0,-0.3750000000,-14.9271324475,5.3322343981e-04
0,-0.3750000000,-14.8971281612,5.5207829548e-04
0,-0.3750000000,-14.8671238748,5.7503305028e-04
0,-0.3750000000,-14.8371195885,6.0317404549e-04
0,-0.3750000000,-14.8071153022,6.3791889594e-04
0,-0.3750000000,-14.7771110159,6.8105324602e-04
0,-0.3750000000,-14.7471067295,7.3464877695e-04
0,-0.3750000000,-14.7171024432,8.0064741378e-04
0,-0.3750000000,-14.6870981569,8.7968754485e-04
0,-0.3750000000,-14.6570938706,9.6862483683e-04
0,-0.3750000000,-14.6270895842,1.0569671001e-03
0,-0.3750000000,-14.5970852979,1.1254694913e-03
0,-0.3750000000,-14.5670810116,1.1533083461e-03
0,-0.3750000000,-14.5370767252,1.1331401614e-03
0,-0.3750000000,-14.5070724389,1.0777317244e-03
0,-0.3750000000,-14.4770681526,1.0089708301e-03
0,-0.3750000000,-14.4470638663,9.4397057690e-04
0,-0.3750000000,-14.4170595799,8.9091248692e-04
0,-0.3750000000,-14.3870552936,8.5166794894e-04
0,-0.3750000000,-14.3570510073,8.2520322329e-04
0,-0.3750000000,-14.3270467210,8.0964556773e-04
0,-0.3750000000,-14.2970424346,8.0318731977e-04
0,-0.3750000000,-14.2670381483,8.0437820597e-04
0,-0.3750000000,-14.2370338620,8.1216476182e-04
0,-0.3750000000,-14.2070295757,8.2584738756e-04
0,-0.3750000000,-14.1770252893,8.4502353439e-04
0,-0.3750000000,-14.1470210030,8.6954054788e-04
0,-0.3750000000,-14.1170167167,8.9946428979e-04
0,-0.3750000000,-14.0870124303,9.3506393056e-04
0,-0.3750000000,-14.0570081440,9.7681215894e-04
0,-0.3750000000,-14.0270038577,1.0254006256e-03
0,-0.3750000000,-13.9969995714,1.0817716805e-03
0,-0.3750000000,-13.9669952850,1.1471690894e-03
0,-0.3750000000,-13.9369909987,1.2232124380e-03
0,-0.3750000000,-13.9069867124,1.3120025071e-03
0,-0.3750000000,-13.8769824261,1.4162681999e-03
0,-0.3750000000,-13.8469781397,1.5395696899e-03
0,-0.3750000000,-13.8169738534,1.6865769278e-03
0,-0.3750000000,-13.7869695671,1.8634456682e-03
0,-0.3750000000,-13.7569652808,2.0783090788e-03
0,-0.3750000000,-13.7269609944,2.3418762286e-03
0,-0.3750000000,-13.6969567081,2.6680397696e-03
0,-0.3750000000,-13.6669524218,3.0741503604e-03
0,-0.3750000000,-13.6369481354,3.5800179841e-03
0,-0.3750000000,-13.6069438491,4.2034376216e-03
0,-0.3750000000,-13.5769395628,4.9480470931e-03
0,-0.3750000000,-13.5469352765,5.7786704207e-03
0,-0.3750000000,-13.5169309901,6.5885097283e-03
0,-0.3750000000,-13.4869267038,7.1933862508e-03
0,-0.3750000000,-13.4569224175,7.4114773672e-03
0,-0.3750000000,-13.4269181312,7.2028521840e-03
0,-0.3750000000,-13.3969138448,6.7087594193e-03
0,-0.3750000000,-13.3669095585,6.1360416214e-03
0,-0.3750000000,-13.3369052722,5.6381089180e-03
0,-0.3750000000,-13.3069009859,5.2890949413e-03
0,-0.3750000000,-13.2768966995,5.1122083810e-03
0,-0.3750000000,-13.2468924132,5.1105687930e-03
0,-0.3750000000,-13.2168881269,5.2848389441e-03
0,-0.3750000000,-13.1868838405,5.6394417748e-03
0,-0.3750000000,-13.1568795542,6.1799465055e-03
0,-0.3750000000,-13.1268752679,6.9002083869e-03
0,-0.3750000000,-13.0968709816,7.7557411487e-03
0,-0.3750000000,-13.0668666952,8.6293618785e-03
0,-0.3750000000,-13.0368624089,9.3278292183e-03
0,-0.3750000000,-13.0068581226,9.6696132052e-03
0,-0.3750000000,-12.9768538363,9.6298387173e-03
0,-0.3750000000,-12.9468495499,9.3736807288e-03
0,-0.3750000000,-12.9168452636,9.1327272379e-03
0,-0.3750000000,-12.8868409773,9.0860877837e-03
0,-0.3750000000,-12.8568366910,9.3392313143e-03
0,-0.3750000000,-12.8268324046,9.9560092525e-03
0,-0.3750000000,-12.7968281183,1.0990041517e-02
0,-0.3750000000,-12.7668238320,1.2496615942e-02
0,-0.3750000000,-12.7368195456,1.4518530574e-02
0,-0.3750000000,-12.7068152593,1.7033159715e-02
0,-0.3750000000,-12.6768109730,1.9846518483e-02
0,-0.3750000000,-12.6468066867,2.2466434986e-02
0,-0.3750000000,-12.6168024003,2.4119441839e-02
0,-0.3750000000,-12.5867981140,2.4126901869e-02
0,-0.3750000000,-12.5567938277,2.2438528348e-02
0,-0.3750000000,-12.5267895414,1.9674035364e-02
0,-0.3750000000,-12.4967852550,1.6613845528e-02
0,-0.3750000000,-12.4667809687,1.3779281327e-02
0,-0.3750000000,-12.4367766824,1.1380586422e-02
0,-0.3750000000,-12.4067723961,9.4377646896e-03
0,-0.3750000000,-12.3767681097,7.8923911403e-03
0,-0.3750000000,-12.3467638234,6.6680635472e-03
0,-0.3750000000,-12.3167595371,5.6946639588e-03
0,-0.3750000000,-12.2867552508,4.9150619513e-03
0,-0.3750000000,-12.2567509644,4.2849716987e-03
0,-0.3750000000,-12.2267466781,3.7707610782e-03
0,-0.3750000000,-12.1967423918,3.3470449036e-03
0,-0.3750000000,-12.1667381054,2.9946359230e-03
0,-0.3750000000,-12.1367338191,2.6989527245e-03
0,-0.3750000000,-12.1067295328,2.4488303441e-03
0,-0.3750000000,-12.0767252465,2.2356463547e-03
0,-0.3750000000,-12.0467209601,2.0526820799e-03
0,-0.3750000000,-12.0167166738,1.8946551995e-03
0,-0.3750000000,-11.9867123875,1.7573762264e-03
0,-0.3750000000,-11.9567081012,1.6374943936e-03
0,-0.3750000000,-11.9267038148,1.5323082684e-03
0,-0.3750000000,-11.8966995285,1.4396234723e-03
0,-0.3750000000,-11.8666952422,1.3576449136e-03
0,-0.3750000000,-11.8366909559,1.2848944964e-03
0,-0.3750000000,-11.8066866695,1.2201477832e-03
0,-0.3750000000,-11.7766823832,1.1623848741e-03
0,-0.3750000000,-11.7466780969,1.1107520321e-03
0,-0.3750000000,-11.7166738105,1.0645315020e-03
0,-0.3750000000,-11.6866695242,1.0231176211e-03
0,-0.3750000000,-11.6566652379,9.8599780276e-04
0,-0.3750000000,-11.6266609516,9.5273732418e-04
0,-0.3750000000,-11.5966566652,9.2296710617e-04
0,-0.3750000000,-11.5666523789,8.9637386799e-04
0,-0.3750000000,-11.5366480926,8.7269218365e-04
0,-0.3750000000,-11.5066438063,8.5169807607e-04
0,-0.3750000000,-11.4766395199,8.3320386933e-04
0,-0.3750000000,-11.4466352336,8.1705408439e-04
0,-0.3750000000,-11.4166309473,8.0312221427e-04
0,-0.3750000000,-11.3866266610,7.9130825618e-04
0,-0.3750000000,-11.3566223746,7.8153691119e-04
0,-0.3750000000,-11.3266180883,7.7375639067e-04
0,-0.3750000000,-11.2966138020,7.6793779419e-04
0,-0.3750000000,-11.2666095156,7.6407504671e-04
0,-0.3750000000,-11.2366052293,7.6218540669e-04
0,-0.3750000000,-11.2066009430,7.6231058095e-04
0,-0.3750000000,-11.1765966567,7.6451850988e-04
0,-0.3750000000,-11.1465923703,7.6890591855e-04
0,-0.3750000000,-11.1165880840,7.7560176879e-04
0,-0.3750000000,-11.0865837977,7.8477179663e-04
0,-0.3750000000,-11.0565795114,7.9662438348e-04
0,-0.3750000000,-11.0265752250,8.1141809300e-04
0,-0.3750000000,-10.9965709387,8.2947131721e-04
0,-0.3750000000,-10.9665666524,8.5117462506e-04
0,-0.3750000000,-10.9365623661,8.7700661130e-04
0,-0.3750000000,-10.9065580797,9.0755432277e-04
0,-0.3750000000,-10.8765537934,9.4353972733e-04
0,-0.3750000000,-10.8465495071,9.8585423029e-04
0,-0.3750000000,-10.8165452207,1.0356040008e-03
0,-0.3750000000,-10.7865409344,1.0941699387e-03
0,-0.3750000000,-10.7565366481,1.1632876236e-03
0,-0.3750000000,-10.7265323618,1.2451547234e-03
0,-0.3750000000,-10.6965280754,1.3425763435e-03
0,-0.3750000000,-10.6665237891,1.4591629573e-03
0,-0.3750000000,-10.6365195028,1.5996011310e-03
0,-0.3750000000,-10.6065152165,1.7700241953e-03
0,-0.3750000000,-10.5765109301,1.9785172214e-03
0,-0.3750000000,-10.5465066438,2.2357939267e-03
0,-0.3750000000,-10.5165023575,2.5560699751e-03
0,-0.3750000000,-10.4864980712,2.9580940797e-03
0,-0.3750000000,-10.4564937848,3.4661016086e-03
0,-0.3750000000,-10.4264894985,4.1099312141e-03
0,-0.3750000000,-10.3964852122,4.9223032595e-03
0,-0.3750000000,-10.3664809258,5.9287601507e-03
0,-0.3750000000,-10.3364766395,7.1223277372e-03
0,-0.3750000000,-10.3064723532,8.4159895400e-03
0,-0.3750000000,-10.2764680669,9.5894827352e-03
0,-0.3750000000,-10.2464637805,1.0306456627e-02
0,-0.3750000000,-10.2164594942,1.0289715355e-02
0,-0.3750000000,-10.1864552079,9.5455513442e-03
0,-0.3750000000,-10.1564509216,8.3580239716e-03
0,-0.3750000000,-10.1264466352,7.0612344544e-03
0,-0.3750000000,-10.0964423489,5.8699377117e-03
0,-0.3750000000,-10.0664380626,4.8670570093e-03
0,-0.3750000000,-10.0364337763,4.0576129493e-03
0,-0.3750000000,-10.0064294899,3.4154491066e-03
0,-0.3750000000,-9.9764252036,2.9078271087e-03
0,-0.3750000000,-9.9464209173,2.5050866450e-03
0,-0.3750000000,-9.9164166309,2.1831989466e-03
0,-0.3750000000,-9.8864123446,1.9235933322e-03
0,-0.3750000000,-9.8564080583,1.7121917143e-03
0,-0.3750000000,-9.8264037720,1.5383810003e-03
0,-0.3750000000,-9.7963994856,1.3941470614e-03
0,-0.3750000000,-9.7663951993,1.2734048289e-03
0,-0.3750000000,-9.7363909130,1.1714989677e-03
0,-0.3750000000,-9.7063866267,1.0848374445e-03
0,-0.3750000000,-9.6763823403,1.0106238753e-03
0,-0.3750000000,-9.6463780540,9.4666177490e-04
0,-0.3750000000,-9.6163737677,8.9121073223e-04
0,-0.3750000000,-9.5863694814,8.4288004905e-04
0,-0.3750000000,-9.5563651950,8.0054949052e-04
0,-0.3750000000,-9.5263609087,7.6330976228e-04
0,-0.3750000000,-9.4963566224,7.3041743639e-04
0,-0.3750000000,-9.4663523360,7.0126053920e-04
0,-0.3750000000,-9.4363480497,6.7533206801e-04
0,-0.3750000000,-9.4063437634,6.5220945074e-04
0,-0.3750000000,-9.3763394771,6.3153849486e-04
0,-0.3750000000,-9.3463351907,6.1302075389e-04
0,-0.3750000000,-9.3163309044,5.9640351513e-04
0,-0.3750000000,-9.2863266181,5.8147181230e-04
0,-0.3750000000,-9.2563223318,5.6804201378e-04
0,-0.3750000000,-9.2263180454,5.5595664479e-04
0,-0.3750000000,-9.1963137591,5.4508018262e-04
0,-0.3750000000,-9.1663094728,5.3529562365e-04
0,-0.3750000000,-9.1363051865,5.2650166652e-04
0,-0.3750000000,-9.1063009001,5.1861038991e-04
0,-0.3750000000,-9.0762966138,5.1154532964e-04
0,-0.3750000000,-9.0462923275,5.0523988000e-04
0,-0.3750000000,-9.0162880411,4.9963595958e-04
0,-0.3750000000,-8.9862837548,4.9468289431e-04
0,-0.3750000000,-8.9562794685,4.9033647931e-04
0,-0.3750000000,-8.9262751822,4.8655818937e-04
0,-0.3750000000,-8.8962708958,4.8331451287e-04
0,-0.3750000000,-8.8662666095,4.8057638947e-04
0,-0.3750000000,-8.8362623232,4.7831873496e-04
0,-0.3750000000,-8.8062580369,4.7652004016e-04
0,-0.3750000000,-8.7762537505,4.7516203279e-04
0,-0.3750000000,-8.7462494642,4.7422939367e-04
0,-0.3750000000,-8.7162451779,4.7370951964e-04
0,-0.3750000000,-8.6862408916,4.7359232754e-04
0,-0.3750000000,-8.6562366052,4.7387009418e-04
0,-0.3750000000,-8.6262323189,4.7453732855e-04
0,-0.3750000000,-8.5962280326,4.7559067309e-04
0,-0.3750000000,-8.5662237462,4.7702883146e-04
0,-0.3750000000,-8.5362194599,4.7885252120e-04
0,-0.3750000000,-8.5062151736,4.8106444974e-04
0,-0.3750000000,-8.4762108873,4.8366931301e-04
0,-0.3750000000,-8.4462066009,4.8667381621e-04
0,-0.3750000000,-8.4162023146,4.9008671688e-04
0,-0.3750000000,-8.3861980283,4.9391889052e-04
0,-0.3750000000,-8.3561937420,4.9818341990e-04
0,-0.3750000000,-8.3261894556,5.0289570912e-04
0,-0.3750000000,-8.2961851693,5.0807362446e-04
0,-0.3750000000,-8.2661808830,5.1373766424e-04
0,-0.3750000000,-8.2361765967,5.1991116056e-04
0,-0.3750000000,-8.2061723103,5.2662051664e-04
0,-0.3750000000,-8.1761680240,5.3389548404e-04
0,-0.3750000000,-8.1461637377,5.4176948493e-04
0,-0.3750000000,-8.1161594514,5.5027998579e-04
0,-0.3750000000,-8.0861551650,5.5946893007e-04
0,-0.3750000000,-8.0561508787,5.6938323871e-04
0,-0.3750000000,-8.0261465924,5.8007538935e-04
0,-0.3750000000,-7.9961423060,5.9160408715e-04
0,-0.3750000000,-7.9661380197,6.0403504265e-04
0,-0.3750000000,-7.9361337334,6.1744187531e-04
0,-0.3750000000,-7.9061294471,6.3190716532e-04
0,-0.3750000000,-7.8761251607,6.4752368068e-04
0,-0.3750000000,-7.8461208744,6.6439581284e-04
0,-0.3750000000,-7.8161165881,6.8264126102e-04
0,-0.3750000000,-7.7861123018,7.0239301464e-04
0,-0.3750000000,-7.7561080154,7.2380169442e-04
0,-0.3750000000,-7.7261037291,7.4703832698e-04
0,-0.3750000000,-7.6960994428,7.7229764570e-04
0,-0.3750000000,-7.6660951565,7.9980203352e-04
0,-0.3750000000,-7.6360908701,8.2980625240e-04
0,-0.3750000000,-7.6060865838,8.6260314177e-04
0,-0.3750000000,-7.5760822975,8.9853051666e-04
0,-0.3750000000,-7.5460780111,9.3797955937e-04
0,-0.3750000000,-7.5160737248,9.8140508084e-04
0,-0.3750000000,-7.4860694385,1.0293381366e-03
0,-0.3750000000,-7.4560651522,1.0824016264e-03
0,-0.3750000000,-7.4260608658,1.1413296978e-03
0,-0.3750000000,-7.3960565795,1.2069920351e-03
0,-0.3750000000,-7.3660522932,1.2804244607e-03
0,-0.3750000000,-7.3360480069,1.3628677581e-03
0,-0.3750000000,-7.3060437205,1.4558172774e-03
0,-0.3750000000,-7.2760394342,1.5610867946e-03
0,-0.3750000000,-7.2460351479,1.6808913576e-03
0,-0.3750000000,-7.2160308616,1.8179556256e-03
0,-0.3750000000,-7.1860265752,1.9756567045e-03
0,-0.3750000000,-7.1560222889,2.1582140115e-03
0,-0.3750000000,-7.1260180026,2.3709436983e-03
0,-0.3750000000,-7.0960137162,2.6206021994e-03
0,-0.3750000000,-7.0660094299,2.9158532666e-03
0,-0.3750000000,-7.0360051436,3.2679061066e-03
0,-0.3750000000,-7.0060008573,3.6913891280e-03
0,-0.3750000000,-6.9759965709,4.2055424618e-03
0,-0.3750000000,-6.9459922846,4.8358247957e-03
0,-0.3750000000,-6.9159879983,5.6160113544e-03
0,-0.3750000000,-6.8859837120,6.5907422865e-03
0,-0.3750000000,-6.8559794256,7.8180920165e-03
0,-0.3750000000,-6.8259751393,9.3706630355e-03
0,-0.3750000000,-6.7959708530,1.1331106234e-02
0,-0.3750000000,-6.7659665667,1.3772478642e-02
0,-0.3750000000,-6.7359622803,1.6705221404e-02
0,-0.3750000000,-6.7059579940,1.9969808787e-02
0,-0.3750000000,-6.6759537077,2.3094431368e-02
0,-0.3750000000,-6.6459494213,2.5271134476e-02
0,-0.3750000000,-6.6159451350,2.5703129958e-02
0,-0.3750000000,-6.5859408487,2.4208083132e-02
0,-0.3750000000,-6.5559365624,2.1382888440e-02
0,-0.3750000000,-6.5259322760,1.8099315601e-02
0,-0.3750000000,-6.4959279897,1.4988613409e-02
0,-0.3750000000,-6.4659237034,1.2329423067e-02
0,-0.3750000000,-6.4359194171,1.0168257830e-02
0,-0.3750000000,-6.4059151307,8.4498624900e-03
0,-0.3750000000,-6.3759108444,7.0918950423e-03
0,-0.3750000000,-6.3459065581,6.0162669242e-03
0,-0.3750000000,-6.3159022718,5.1585562466e-03
0,-0.3750000000,-6.2858979854,4.4685857731e-03
0,-0.3750000000,-6.2558936991,3.9082050206e-03
0,-0.3750000000,-6.2258894128,3.4486399249e-03
0,-0.3750000000,-6.1958851264,3.0681812091e-03
0,-0.3750000000,-6.1658808401,2.7503708406e-03
0,-0.3750000000,-6.1358765538,2.4826418641e-03
0,-0.3750000000,-6.1058722675,2.2553178219e-03
0,-0.3750000000,-6.0758679811,2.0608815843e-03
0,-0.3750000000,-6.0458636948,1.8934409622e-03
0,-0.3750000000,-6.0158594085,1.7483365813e-03
0,-0.3750000000,-5.9858551222,1.6218523730e-03
0,-0.3750000000,-5.9558508358,1.5110002565e-03
0,-0.3750000000,-5.9258465495,1.4133587234e-03
0,-0.3750000000,-5.8958422632,1.3269508399e-03
0,-0.3750000000,-5.8658379769,1.2501512815e-03
0,-0.3750000000,-5.8358336905,1.1816149193e-03
0,-0.3750000000,-5.8058294042,1.1202215283e-03
0,-0.3750000000,-5.7758251179,1.0650326527e-03
0,-0.3750000000,-5.7458208315,1.0152577080e-03
0,-0.3750000000,-5.7158165452,9.7022715474e-04
0,-0.3750000000,-5.6858122589,9.2937112627e-04
0,-0.3750000000,-5.6558079726,8.9220229165e-04
0,-0.3750000000,-5.6258036862,8.5830203068e-04
0,-0.3750000000,-5.5957993999,8.2730921528e-04
0,-0.3750000000,-5.5657951136,7.9891105516e-04
0,-0.3750000000,-5.5357908273,7.7283558808e-04
0,-0.3750000000,-5.5057865409,7.4884548790e-04
0,-0.3750000000,-5.4757822546,7.2673293438e-04
0,-0.3750000000,-5.4457779683,7.0631534300e-04
0,-0.3750000000,-5.4157736820,6.8743179475e-04
0,-0.3750000000,-5.3857693956,6.6994003855e-04
0,-0.3750000000,-5.3557651093,6.5371396432e-04
0,-0.3750000000,-5.3257608230,6.3864146435e-04
0,-0.3750000000,-5.2957565366,6.2462261675e-04
0,-0.3750000000,-5.2657522503,6.1156813679e-04
0,-0.3750000000,-5.2357479640,5.9939805223e-04
0,-0.3750000000,-5.2057436777,5.8804056649e-04
0,-0.3750000000,-5.1757393913,5.7743107991e-04
0,-0.3750000000,-5.1457351050,5.6751134453e-04
0,-0.3750000000,-5.1157308187,5.5822873218e-04
0,-0.3750000000,-5.0857265324,5.4953559873e-04
0,-0.3750000000,-5.0557222460,5.4138873048e-04
0,-0.3750000000,-5.0257179597,5.3374886085e-04
0,-0.3750000000,-4.9957136734,5.2658024725e-04
0,-0.3750000000,-4.9657093871,5.1985029985e-04
0,-0.3750000000,-4.9357051007,5.1352925514e-04
0,-0.3750000000,-4.9057008144,5.0758988804e-04
0,-0.3750000000,-4.8756965281,5.0200725776e-04
0,-0.3750000000,-4.8456922417,4.9675848268e-04
0,-0.3750000000,-4.8156879554,4.9182254068e-04
0,-0.3750000000,-4.7856836691,4.8718009173e-04
0,-0.3750000000,-4.7556793828,4.8281331982e-04
0,-0.3750000000,-4.7256750964,4.7870579198e-04
0,-0.3750000000,-4.6956708101,4.7484233224e-04
0,-0.3750000000,-4.6656665238,4.7120890884e-04
0,-0.3750000000,-4.6356622375,4.6779253301e-04
0,-0.3750000000,-4.6056579511,4.6458116805e-04
0,-0.3750000000,-4.5756536648,4.6156364758e-04
0,-0.3750000000,-4.5456493785,4.5872960180e-04
0,-0.3750000000,-4.5156450922,4.5606939099e-04
0,-0.3750000000,-4.4856408058,4.5357404537e-04
0,-0.3750000000,-4.4556365195,4.5123521071e-04
0,-0.3750000000,-4.4256322332,4.4904509897e-04
0,-0.3750000000,-4.3956279468,4.4699644360e-04
0,-0.3750000000,-4.3656236605,4.4508245880e-04
0,-0.3750000000,-4.3356193742,4.4329680257e-04
0,-0.3750000000,-4.3056150879,4.4163354294e-04
0,-0.3750000000,-4.2756108015,4.4008712726e-04
0,-0.3750000000,-4.2456065152,4.3865235409e-04
0,-0.3750000000,-4.2156022289,4.3732434754e-04
0,-0.3750000000,-4.1855979426,4.3609853377e-04
0,-0.3750000000,-4.1555936562,4.3497061946e-04
0,-0.3750000000,-4.1255893699,4.3393657206e-04
0,-0.3750000000,-4.0955850836,4.3299260166e-04
0,-0.3750000000,-4.0655807973,4.3213514434e-04
0,-0.3750000000,-4.0355765109,4.3136084684e-04
0,-0.3750000000,-4.0055722246,4.3066655243e-04
0,-0.3750000000,-3.9755679383,4.3004928793e-04
0,-0.3750000000,-3.9455636520,4.2950625167e-04
0,-0.3750000000,-3.9155593656,4.2903480245e-04
0,-0.3750000000,-3.8855550793,4.2863244929e-04
0,-0.3750000000,-3.8555507930,4.2829684192e-04
0,-0.3750000000,-3.8255465066,4.2802576210e-04
0,-0.3750000000,-3.7955422203,4.2781711541e-04
0,-0.3750000000,-3.7655379340,4.2766892378e-04
0,-0.3750000000,-3.7355336477,4.2757931849e-04
0,-0.3750000000,-3.7055293613,4.2754653368e-04
0,-0.3750000000,-3.6755250750,4.2756890033e-04
0,-0.3750000000,-3.6455207887,4.2764484067e-04
0,-0.3750000000,-3.6155165024,4.2777286297e-04
0,-0.3750000000,-3.5855122160,4.2795155665e-04
0,-0.3750000000,-3.5555079297,4.2817958781e-04
0,-0.3750000000,-3.5255036434,4.2845569503e-04
0,-0.3750000000,-3.4954993571,4.2877868537e-04
0,-0.3750000000,-3.4654950707,4.2914743078e-04
0,-0.3750000000,-3.4354907844,4.2956086463e-04
0,-0.3750000000,-3.4054864981,4.3001797857e-04
0,-0.3750000000,-3.3754822117,4.3051781947e-04
0,-0.3750000000,-3.3454779254,4.3105948669e-04
0,-0.3750000000,-3.3154736391,4.3164212944e-04
0,-0.3750000000,-3.2854693528,4.3226494433e-04
0,-0.3750000000,-3.2554650664,4.3292717313e-04
0,-0.3750000000,-3.2254607801,4.3362810055e-04
0,-0.3750000000,-3.1954564938,4.3436705230e-04
0,-0.3750000000,-3.1654522075,4.3514339320e-04
0,-0.3750000000,-3.1354479211,4.3595652539e-04
0,-0.3750000000,-3.1054436348,4.3680588669e-04
0,-0.3750000000,-3.0754393485,4.3769094907e-04
0,-0.3750000000,-3.0454350622,4.3861121718e-04
0,-0.3750000000,-3.0154307758,4.3956622700e-04
0,-0.3750000000,-2.9854264895,4.4055554456e-04
0,-0.3750000000,-2.9554222032,4.4157876473e-04
0,-0.3750000000,-2.9254179168,4.4263551012e-04
0,-0.3750000000,-2.8954136305,4.4372543002e-04
0,-0.3750000000,-2.8654093442,4.4484819940e-04
0,-0.3750000000,-2.8354050579,4.4600351802e-04
0,-0.3750000000,-2.8054007715,4.4719110952e-04
0,-0.3750000000,-2.7753964852,4.4841072064e-04
0,-0.3750000000,-2.7453921989,4.4966212047e-04
0,-0.3750000000,-2.7153879126,4.5094509970e-04
0,-0.3750000000,-2.6853836262,4.5225947000e-04
0,-0.3750000000,-2.6553793399,4.5360506338e-04
0,-0.3750000000,-2.6253750536,4.5498173164e-04
0,-0.3750000000,-2.5953707673,4.5638934578e-04
0,-0.3750000000,-2.5653664809,4.5782779555e-04
0,-0.3750000000,-2.5353621946,4.5929698899e-04
0,-0.3750000000,-2.5053579083,4.6079685195e-04
0,-0.3750000000,-2.4753536219,4.6232732777e-04
0,-0.3750000000,-2.4453493356,4.6388837683e-04
0,-0.3750000000,-2.4153450493,4.6547997629e-04
0,-0.3750000000,-2.3853407630,4.6710211976e-04
0,-0.3750000000,-2.3553364766,4.6875481699e-04
0,-0.3750000000,-2.3253321903,4.7043809367e-04
0,-0.3750000000,-2.2953279040,4.7215199117e-04
0,-0.3750000000,-2.2653236177,4.7389656636e-04
0,-0.3750000000,-2.2353193313,4.7567189140e-04
0,-0.3750000000,-2.2053150450,4.7747805364e-04
0,-0.3750000000,-2.1753107587,4.7931515543e-04
0,-0.3750000000,-2.1453064724,4.8118331406e-04
0,-0.3750000000,-2.1153021860,4.8308266165e-04
0,-0.3750000000,-2.0852978997,4.8501334508e-04
0,-0.3750000000,-2.0552936134,4.8697552594e-04
0,-0.3750000000,-2.0252893270,4.8896938054e-04
0,-0.3750000000,-1.9952850407,4.9099509986e-04
0,-0.3750000000,-1.9652807544,4.9305288958e-04
0,-0.3750000000,-1.9352764681,4.9514297014e-04
0,-0.3750000000,-1.9052721817,4.9726557675e-04
0,-0.3750000000,-1.8752678954,4.9942095948e-04
0,-0.3750000000,-1.8452636091,5.0160938337e-04
0,-0.3750000000,-1.8152593228,5.0383112852e-04
0,-0.3750000000,-1.7852550364,5.0608649022e-04
0,-0.3750000000,-1.7552507501,5.0837577911e-04
0,-0.3750000000,-1.7252464638,5.1069932134e-04
0,-0.3750000000,-1.6952421775,5.1305745878e-04
0,-0.3750000000,-1.6652378911,5.1545054920e-04
0,-0.3750000000,-1.6352336048,5.1787896651e-04
0,-0.3750000000,-1.6052293185,5.2034310101e-04
0,-0.3750000000,-1.5752250321,5.2284335969e-04
0,-0.3750000000,-1.5452207458,5.2538016646e-04
0,-0.3750000000,-1.5152164595,5.2795396252e-04
0,-0.3750000000,-1.4852121732,5.3056520667e-04
0,-0.3750000000,-1.4552078868,5.3321437567e-04
0,-0.3750000000,-1.4252036005,5.3590196464e-04
0,-0.3750000000,-1.3951993142,5.3862848746e-04
0,-0.3750000000,-1.3651950279,5.4139447717e-04
0,-0.3750000000,-1.3351907415,5.4420048648e-04
0,-0.3750000000,-1.3051864552,5.4704708824e-04
0,-0.3750000000,-1.2751821689,5.4993487591e-04
0,-0.3750000000,-1.2451778826,5.5286446417e-04
0,-0.3750000000,-1.2151735962,5.5583648943e-04
0,-0.3750000000,-1.1851693099,5.5885161047e-04
0,-0.3750000000,-1.1551650236,5.6191050907e-04
0,-0.3750000000,-1.1251607372,5.6501389066e-04
0,-0.3750000000,-1.0951564509,5.6816248503e-04
0,-0.3750000000,-1.0651521646,5.7135704708e-04
0,-0.3750000000,-1.0351478783,5.7459835759e-04
0,-0.3750000000,-1.0051435919,5.7788722402e-04
0,-0.3750000000,-0.9751393056,5.8122448141e-04
0,-0.3750000000,-0.9451350193,5.8461099323e-04
0,-0.3750000000,-0.9151307330,5.8804765237e-04
0,-0.3750000000,-0.8851264466,5.9153538212e-04
0,-0.3750000000,-0.8551221603,5.9507513720e-04
0,-0.3750000000,-0.8251178740,5.9866790487e-04
0,-0.3750000000,-0.7951135877,6.0231470612e-04
0,-0.3750000000,-0.7651093013,6.0601659681e-04
0,-0.3750000000,-0.7351050150,6.0977466899e-04
0,-0.3750000000,-0.7051007287,6.1359005224e-04
0,-0.3750000000,-0.6750964423,6.1746391504e-04
0,-0.3750000000,-0.6450921560,6.2139746628e-04
0,-0.3750000000,-0.6150878697,6.2539195681e-04
0,-0.3750000000,-0.5850835834,6.2944868102e-04
0,-0.3750000000,-0.5550792970,6.3356897864e-04
0,-0.3750000000,-0.5250750107,6.3775423646e-04
0,-0.3750000000,-0.4950707244,6.4200589029e-04
0,-0.3750000000,-0.4650664381,6.4632542691e-04
0,-0.3750000000,-0.4350621517,6.5071438619e-04
0,-0.3750000000,-0.4050578654,6.5517436330e-04
0,-0.3750000000,-0.3750535791,6.5970701104e-04
0,-0.3750000000,-0.3450492928,6.6431404227e-04
0,-0.3750000000,-0.3150450064,6.6899723252e-04
0,-0.3750000000,-0.2850407201,6.7375842270e-04
0,-0.3750000000,-0.2550364338,6.7859952196e-04
0,-0.3750000000,-0.2250321474,6.8352251073e-04
0,-0.3750000000,-0.1950278611,6.8852944392e-04
0,-0.3750000000,-0.1650235748,6.9362245426e-04
0,-0.3750000000,-0.1350192885,6.9880375590e-04
0,-0.3750000000,-0.1050150021,7.0407564812e-04
0,-0.3750000000,-0.0750107158,7.0944051936e-04
0,-0.3750000000,-0.0450064295,7.1490085135e-04
0,-0.3750000000,-0.0150021432,7.2045922361e-04
0,-0.3750000000,0.0150021432,7.2611831813e-04
0,-0.3750000000,0.0450064295,7.3188092432e-04
0,-0.3750000000,0.0750107158,7.3774994430e-04
0,-0.3750000000,0.1050150021,7.4372839848e-04
0,-0.3750000000,0.1350192885,7.4981943146e-04
0,-0.3750000000,0.1650235748,7.5602631832e-04
0,-0.3750000000,0.1950278611,7.6235247124e-04
0,-0.3750000000,0.2250321474,7.6880144660e-04
0,-0.3750000000,0.2550364338,7.7537695248e-04
0,-0.3750000000,0.2850407201,7.8208285658e-04
0,-0.3750000000,0.3150450064,7.8892319478e-04
0,-0.3750000000,0.3450492928,7.9590218008e-04
0,-0.3750000000,0.3750535791,8.0302421224e-04
0,-0.3750000000,0.4050578654,8.1029388798e-04
0,-0.3750000000,0.4350621517,8.1771601188e-04
0,-0.3750000000,0.4650664381,8.2529560797e-04
0,-0.3750000000,0.4950707244,8.3303793216e-04
0,-0.3750000000,0.5250750107,8.4094848541e-04
0,-0.3750000000,0.5550792970,8.4903302789e-04
0,-0.3750000000,0.5850835834,8.5729759405e-04
0,-0.3750000000,0.6150878697,8.6574850880e-04
0,-0.3750000000,0.6450921560,8.7439240473e-04
0,-0.3750000000,0.6750964423,8.8323624068e-04
0,-0.3750000000,0.7051007287,8.9228732153e-04
0,-0.3750000000,0.7351050150,9.0155331947e-04
0,-0.3750000000,0.7651093013,9.1104229682e-04
0,-0.3750000000,0.7951135877,9.2076273057e-04
0,-0.3750000000,0.8251178740,9.3072353867e-04
0,-0.3750000000,0.8551221603,9.4093410841e-04
0,-0.3750000000,0.8851264466,9.5140432690e-04
0,-0.3750000000,0.9151307330,9.6214461391e-04
0,-0.3750000000,0.9451350193,9.7316595733e-04
0,-0.3750000000,0.9751393056,9.8447995134e-04
0,-0.3750000000,1.0051435919,9.9609883772e-04
0,-0.3750000000,1.0351478783,1.0080355504e-03
0,-0.3750000000,1.0651521646,1.0203037639e-03
0,-0.3750000000,1.0951564509,1.0329179453e-03
0,-0.3750000000,1.1251607372,1.0458934110e-03
0,-0.3750000000,1.1551650236,1.0592463883e-03
0,-0.3750000000,1.1851693099,1.0729940820e-03
0,-0.3750000000,1.2151735962,1.0871547466e-03
0,-0.3750000000,1.2451778826,1.1017477657e-03
0,-0.3750000000,1.2751821689,1.1167937375e-03
0,-0.3750000000,1.3051864552,1.1323145686e-03
0,-0.3750000000,1.3351907415,1.1483335763e-03
0,-0.3750000000,1.3651950279,1.1648756000e-03
0,-0.3750000000,1.3951993142,1.1819671237e-03
0,-0.3750000000,1.4252036005,1.1996364096e-03
0,-0.3750000000,1.4552078868,1.2179136448e-03
0,-0.3750000000,1.4852121732,1.2368311022e-03
0,-0.3750000000,1.5152164595,1.2564233179e-03
0,-0.3750000000,1.5452207458,1.2767272854e-03
0,-0.3750000000,1.5752250321,1.2977826709e-03
0,-0.3750000000,1.6052293185,1.3196320496e-03
0,-0.3750000000,1.6352336048,1.3423211679e-03
0,-0.3750000000,1.6652378911,1.3658992329e-03
0,-0.3750000000,1.6952421775,1.3904192333e-03
0,-0.3750000000,1.7252464638,1.4159382963e-03
0,-0.3750000000,1.7552507501,1.4425180830e-03
0,-0.3750000000,1.7852550364,1.4702252301e-03
0,-0.3750000000,1.8152593228,1.4991318415e-03
0,-0.3750000000,1.8452636091,1.5293160383e-03
0,-0.3750000000,1.8752678954,1.5608625735e-03
0,-0.3750000000,1.9052721817,1.5938635220e-03
0,-0.3750000000,1.9352764681,1.6284190553e-03
0,-0.3750000000,1.9652807544,1.6646383136e-03
0,-0.3750000000,1.9952850407,1.7026403887e-03
0,-0.3750000000,2.0252893270,1.7425554358e-03
0,-0.3750000000,2.0552936134,1.7845259316e-03
0,-0.3750000000,2.0852978997,1.8287081025e-03
0,-0.3750000000,2.1153021860,1.8752735494e-03
0,-0.3750000000,2.1453064724,1.9244111002e-03
0,-0.3750000000,2.1753107587,1.9763289273e-03
0,-0.3750000000,2.2053150450,2.0312569740e-03
0,-0.3750000000,2.2353193313,2.0894497424e-03
0,-0.3750000000,2.2653236177,2.1511895048e-03
0,-0.3750000000,2.2953279040,2.2167900149e-03
0,-0.3750000000,2.3253321903,2.2866008072e-03
0,-0.3750000000,2.3553364766,2.3610121941e-03
0,-0.3750000000,2.3853407630,2.4404610937e-03
0,-0.3750000000,2.4153450493,2.5254378459e-03
0,-0.3750000000,2.4453493356,2.6164942148e-03
0,-0.3750000000,2.4753536219,2.7142528167e-03
0,-0.3750000000,2.5053579083,2.8194182683e-03
0,-0.3750000000,2.5353621946,2.9327904232e-03
0,-0.3750000000,2.5653664809,3.0552801492e-03
0,-0.3750000000,2.5953707673,3.1879282178e-03
0,-0.3750000000,2.6253750536,3.3319280179e-03
0,-0.3750000000,2.6553793399,3.4886529991e-03
0,-0.3750000000,2.6853836262,3.6596899888e-03
0,-0.3750000000,2.7153879126,3.8468798515e-03
0,-0.3750000000,2.7453921989,4.0523673724e-03
0,-0.3750000000,2.7753964852,4.2786628051e-03
0,-0.3750000000,2.8054007715,4.5287182598e-03
0,-0.3750000000,2.8354050579,4.8060230960e-03
0,-0.3750000000,2.8654093442,5.1147238233e-03
0,-0.3750000000,2.8954136305,5.4597758283e-03
0,-0.3750000000,2.9254179168,5.8471367381e-03
0,-0.3750000000,2.9554222032,6.2840146674e-03
0,-0.3750000000,2.9854264895,6.7791893756e-03
0,-0.3750000000,3.0154307758,7.3434310406e-03
0,-0.3750000000,3.0454350622,7.9900507603e-03
0,-0.3750000000,3.0754393485,8.7356301707e-03
0,-0.3750000000,3.1054436348,9.6009963657e-03
0,-0.3750000000,3.1354479211,1.0612534839e-02
0,-0.3750000000,3.1654522075,1.1803970317e-02
0,-0.3750000000,3.1954564938,1.3218796237e-02
0,-0.3750000000,3.2254607801,1.4913600269e-02
0,-0.3750000000,3.2554650664,1.6962612019e-02
0,-0.3750000000,3.2854693528,1.9463868230e-02
0,-0.3750000000,3.3154736391,2.2547378484e-02
0,-0.3750000000,3.3454779254,2.6385376964e-02
0,-0.3750000000,3.3754822117,3.1203633741e-02
0,-0.3750000000,3.4054864981,3.7289584009e-02
0,-0.3750000000,3.4354907844,4.4984865601e-02
0,-0.3750000000,3.4654950707,5.4631554543e-02
0,-0.3750000000,3.4954993571,6.6408345662e-02
0,-0.3750000000,3.5255036434,7.9962371699e-02
0,-0.3750000000,3.5555079297,9.3820186368e-02
0,-0.3750000000,3.5855122160,1.0498328996e-01
0,-0.3750000000,3.6155165024,1.0975708840e-01
0,-0.3750000000,3.6455207887,1.0618554684e-01
0,-0.3750000000,3.6755250750,9.5761452821e-02
0,-0.3750000000,3.7055293613,8.2098405044e-02
0,-0.3750000000,3.7355336477,6.8393704128e-02
0,-0.3750000000,3.7655379340,5.6335352986e-02
0,-0.3750000000,3.7955422203,4.6400743179e-02
0,-0.3750000000,3.8255465066,3.8460195423e-02
0,-0.3750000000,3.8555507930,3.2181599451e-02
0,-0.3750000000,3.8855550793,2.7218152323e-02
0,-0.3750000000,3.9155593656,2.3273342228e-02
0,-0.3750000000,3.9455636520,2.0112671459e-02
0,-0.3750000000,3.9755679383,1.7556745858e-02
0,-0.3750000000,4.0055722246,1.5470043652e-02
0,-0.3750000000,4.0355765109,1.3750398830e-02
0,-0.3750000000,4.0655807973,1.2320520285e-02
0,-0.3750000000,4.0955850836,1.1121554022e-02
0,-0.3750000000,4.1255893699,1.0108323589e-02
0,-0.3750000000,4.1555936562,9.2458472545e-03
0,-0.3750000000,4.1855979426,8.5067941007e-03
0,-0.3750000000,4.2156022289,7.8696205819e-03
0,-0.3750000000,4.2456065152,7.3171979936e-03
0,-0.3750000000,4.2756108015,6.8357944357e-03
0,-0.3750000000,4.3056150879,6.4143138262e-03
0,-0.3750000000,4.3356193742,6.0437224282e-03
0,-0.3750000000,4.3656236605,5.7166131274e-03
0,-0.3750000000,4.3956279468,5.4268716765e-03
0,-0.3750000000,4.4256322332,5.1694190071e-03
0,-0.3750000000,4.4556365195,4.9400107402e-03
0,-0.3750000000,4.4856408058,4.7350800379e-03
0,-0.3750000000,4.5156450922,4.5516135495e-03
0,-0.3750000000,4.5456493785,4.3870528148e-03
0,-0.3750000000,4.5756536648,4.2392153879e-03
0,-0.3750000000,4.6056579511,4.1062313467e-03
0,-0.3750000000,4.6356622375,3.9864918812e-03
0,-0.3750000000,4.6656665238,3.8786074291e-03
0,-0.3750000000,4.6956708101,3.7813734010e-03
0,-0.3750000000,4.7256750964,3.6937419756e-03
0,-0.3750000000,4.7556793828,3.6147987759e-03
0,-0.3750000000,4.7856836691,3.5437434920e-03
0,-0.3750000000,4.8156879554,3.4798737115e-03
0,-0.3750000000,4.8456922417,3.4225713690e-03
0,-0.3750000000,4.8756965281,3.3712913456e-03
0,-0.3750000000,4.9057008144,3.3255518395e-03
0,-0.3750000000,4.9357051007,3.2849262042e-03
0,-0.3750000000,4.9657093871,3.2490360060e-03
0,-0.3750000000,4.9957136734,3.2175451003e-03
0,-0.3750000000,5.0257179597,3.1901545607e-03
0,-0.3750000000,5.0557222460,3.1665983265e-03
0,-0.3750000000,5.0857265324,3.1466394565e-03
0,-0.3750000000,5.1157308187,3.1300668972e-03
0,-0.3750000000,5.1457351050,3.1166926872e-03
0,-0.3750000000,5.1757393913,3.1063495360e-03
0,-0.3750000000,5.2057436777,3.0988887215e-03
0,-0.3750000000,5.2357479640,3.0941782624e-03
0,-0.3750000000,5.2657522503,3.0921013285e-03
0,-0.3750000000,5.2957565366,3.0925548546e-03
0,-0.3750000000,5.3257608230,3.0954483347e-03
0,-0.3750000000,5.3557651093,3.1007027693e-03
0,-0.3750000000,5.3857693956,3.1082497512e-03
0,-0.3750000000,5.4157736820,3.1180306691e-03
0,-0.3750000000,5.4457779683,3.1299960185e-03
0,-0.3750000000,5.4757822546,3.1441048047e-03
0,-0.3750000000,5.5057865409,3.1603240316e-03
0,-0.3750000000,5.5357908273,3.1786282635e-03
0,-0.3750000000,5.5657951136,3.1989992568e-03
0,-0.3750000000,5.5957993999,3.2214256516e-03
0,-0.3750000000,5.6258036862,3.2459027209e-03
0,-0.3750000000,5.6558079726,3.2724321722e-03
0,-0.3750000000,5.6858122589,3.3010219966e-03
0,-0.3750000000,5.7158165452,3.3316863655e-03
0,-0.3750000000,5.7458208315,3.3644455692e-03
0,-0.3750000000,5.7758251179,3.3993259991e-03
0,-0.3750000000,5.8058294042,3.4363601690e-03
0,-0.3750000000,5.8358336905,3.4755867787e-03
0,-0.3750000000,5.8658379769,3.5170508152e-03
0,-0.3750000000,5.8958422632,3.5608036966e-03
0,-0.3750000000,5.9258465495,3.6069034551e-03
0,-0.3750000000,5.9558508358,3.6554149631e-03
0,-0.3750000000,5.9858551222,3.7064102035e-03
0,-0.3750000000,6.0158594085,3.7599685850e-03
0,-0.3750000000,6.0458636948,3.8161773070e-03
0,-0.3750000000,6.0758679811,3.8751317758e-03
0,-0.3750000000,6.1058722675,3.9369360768e-03
0,-0.3750000000,6.1358765538,4.0017035066e-03
0,-0.3750000000,6.1658808401,4.0695571703e-03
0,-0.3750000000,6.1958851264,4.1406306506e-03
0,-0.3750000000,6.2258894128,4.2150687540e-03
0,-0.3750000000,6.2558936991,4.2930283439e-03
0,-0.3750000000,6.2858979854,4.3746792680e-03
0,-0.3750000000,6.3159022718,4.4602053914e-03
0,-0.3750000000,6.3459065581,4.5498057459e-03
0,-0.3750000000,6.3759108444,4.6436958110e-03
0,-0.3750000000,6.4059151307,4.7421089390e-03
0,-0.3750000000,6.4359194171,4.8452979449e-03
0,-0.3750000000,6.4659237034,4.9535368794e-03
0,-0.3750000000,6.4959279897,5.0671230081e-03
0,-0.3750000000,6.5259322760,5.1863790248e-03
0,-0.3750000000,6.5559365624,5.3116555285e-03
0,-0.3750000000,6.5859408487,5.4433337997e-03
0,-0.3750000000,6.6159451350,5.5818289171e-03
0,-0.3750000000,6.6459494213,5.7275932615e-03
0,-0.3750000000,6.6759537077,5.8811204632e-03
0,-0.3750000000,6.7059579940,6.0429498551e-03
0,-0.3750000000,6.7359622803,6.2136715072e-03
0,-0.3750000000,6.7659665667,6.3939319297e-03
0,-0.3750000000,6.7959708530,6.5844405470e-03
0,-0.3750000000,6.8259751393,6.7859770617e-03
0,-0.3750000000,6.8559794256,6.9993998526e-03
0,-0.3750000000,6.8859837120,7.2256555719e-03
0,-0.3750000000,6.9159879983,7.4657901418e-03
0,-0.3750000000,6.9459922846,7.7209613870e-03
0,-0.3750000000,6.9759965709,7.9924535836e-03
0,-0.3750000000,7.0060008573,8.2816942654e-03
0,-0.3750000000,7.0360051436,8.5902736901e-03
0,-0.3750000000,7.0660094299,8.9199674589e-03
0,-0.3750000000,7.0960137162,9.2727628800e-03
0,-0.3750000000,7.1260180026,9.6508897985e-03
0,-0.3750000000,7.1560222889,1.0056856773e-02
0,-0.3750000000,7.1860265752,1.0493493677e-02
0,-0.3750000000,7.2160308616,1.0964002055e-02
0,-0.3750000000,7.2460351479,1.1472014873e-02
0,-0.3750000000,7.2760394342,1.2021667712e-02
0,-0.3750000000,7.3060437205,1.2617683951e-02
0,-0.3750000000,7.3360480069,1.3265477137e-02
0,-0.3750000000,7.3660522932,1.3971274602e-02
0,-0.3750000000,7.3960565795,1.4742267441e-02
0,-0.3750000000,7.4260608658,1.5586793421e-02
0,-0.3750000000,7.4560651522,1.6514561229e-02
0,-0.3750000000,7.4860694385,1.7536926959e-02
0,-0.3750000000,7.5160737248,1.8667237006e-02
0,-0.3750000000,7.5460780111,1.9921255928e-02
0,-0.3750000000,7.5760822975,2.1317703786e-02
0,-0.3750000000,7.6060865838,2.2878935529e-02
0,-0.3750000000,7.6360908701,2.4631806027e-02
0,-0.3750000000,7.6660951565,2.6608779596e-02
0,-0.3750000000,7.6960994428,2.8849363988e-02
0,-0.3750000000,7.7261037291,3.1401978371e-02
0,-0.3750000000,7.7561080154,3.4326406390e-02
0,-0.3750000000,7.7861123018,3.7697044043e-02
0,-0.3750000000,7.8161165881,4.1607235123e-02
0,-0.3750000000,7.8461208744,4.6175104290e-02
0,-0.3750000000,7.8761251607,5.1551462235e-02
0,-0.3750000000,7.9061294471,5.7930583541e-02
0,-0.3750000000,7.9361337334,6.5564956192e-02
0,-0.3750000000,7.9661380197,7.4785460841e-02
0,-0.3750000000,7.9961423060,8.6028773716e-02
0,-0.3750000000,8.0261465924,9.9873810421e-02
0,-0.3750000000,8.0561508787,1.1708790995e-01
0,-0.3750000000,8.0861551650,1.3867902312e-01
0,-0.3750000000,8.1161594514,1.6593707774e-01
0,-0.3750000000,8.1461637377,2.0041395025e-01
0,-0.3750000000,8.1761680240,2.4371448582e-01
0,-0.3750000000,8.2061723103,2.9682668043e-01
0,-0.3750000000,8.2361765967,3.5856276190e-01
0,-0.3750000000,8.2661808830,4.2292818499e-01
0,-0.3750000000,8.2961851693,4.7693126712e-01
0,-0.3750000000,8.3261894556,5.0342000717e-01
0,-0.3750000000,8.3561937420,4.9170714651e-01
0,-0.3750000000,8.3861980283,4.4673888783e-01
0,-0.3750000000,8.4162023146,3.8464776376e-01
0,-0.3750000000,8.4462066009,3.2088175026e-01
0,-0.3750000000,8.4762108873,2.6410178147e-01
0,-0.3750000000,8.5062151736,2.1704880185e-01
0,-0.3750000000,8.5362194599,1.7934825958e-01
0,-0.3750000000,8.5662237462,1.4952114659e-01
0,-0.3750000000,8.5962280326,1.2595198584e-01
0,-0.3750000000,8.6262323189,1.0723803732e-01
0,-0.3750000000,8.6562366052,9.2262684334e-02
0,-0.3750000000,8.6862408916,8.0169381205e-02
0,-0.3750000000,8.7162451779,7.0310515991e-02
0,-0.3750000000,8.7462494642,6.2197945781e-02
0,-0.3750000000,8.7762537505,5.5462632192e-02
0,-0.3750000000,8.8062580369,4.9823843388e-02
0,-0.3750000000,8.8362623232,4.5066334643e-02
0,-0.3750000000,8.8662666095,4.1023638318e-02
0,-0.3750000000,8.8962708958,3.7565859694e-02
0,-0.3750000000,8.9262751822,3.4590742156e-02
0,-0.3750000000,8.9562794685,3.2017091481e-02
0,-0.3750000000,8.9862837548,2.9779903114e-02
0,-0.3750000000,9.0162880411,2.7826723530e-02
0,-0.3750000000,9.0462923275,2.6114911129e-02
0,-0.3750000000,9.0762966138,2.4609557321e-02
0,-0.3750000000,9.1063009001,2.3281895869e-02
0,-0.3750000000,9.1363051865,2.2108076113e-02
0,-0.3750000000,9.1663094728,2.1068209561e-02
0,-0.3750000000,9.1963137591,2.0145623442e-02
0,-0.3750000000,9.2263180454,1.9326272153e-02
0,-0.3750000000,9.2563223318,1.8598270067e-02
0,-0.3750000000,9.2863266181,1.7951518305e-02
0,-0.3750000000,9.3163309044,1.7377404752e-02
0,-0.3750000000,9.3463351907,1.6868561584e-02
0,-0.3750000000,9.3763394771,1.6418668213e-02
0,-0.3750000000,9.4063437634,1.6022290351e-02
0,-0.3750000000,9.4363480497,1.5674747976e-02
0,-0.3750000000,9.4663523360,1.5372006541e-02
0,-0.3750000000,9.4963566224,1.5110587020e-02
0,-0.3750000000,9.5263609087,1.4887491269e-02
0,-0.3750000000,9.5563651950,1.4700139962e-02
0,-0.3750000000,9.5863694814,1.4546320856e-02
0,-0.3750000000,9.6163737677,1.4424145650e-02
0,-0.3750000000,9.6463780540,1.4332013992e-02
0,-0.3750000000,9.6763823403,1.4268583512e-02
0,-0.3750000000,9.7063866267,1.4232744939e-02
0,-0.3750000000,9.7363909130,1.4223601582e-02
0,-0.3750000000,9.7663951993,1.4240452556e-02
0,-0.3750000000,9.7963994856,1.4282779282e-02
0,-0.3750000000,9.8264037720,1.4350234879e-02
0,-0.3750000000,9.8564080583,1.4442636142e-02
0,-0.3750000000,9.8864123446,1.4559957880e-02
0,-0.3750000000,9.9164166309,1.4702329442e-02
0,-0.3750000000,9.9464209173,1.4870033313e-02
0,-0.3750000000,9.9764252036,1.5063505707e-02
0,-0.3750000000,10.0064294899,1.5283339146e-02
0,-0.3750000000,10.0364337763,1.5530287032e-02
0,-0.3750000000,10.0664380626,1.5805270284e-02
0,-0.3750000000,10.0964423489,1.6109386141e-02
0,-0.3750000000,10.1264466352,1.6443919308e-02
0,-0.3750000000,10.1564509216,1.6810355623e-02
0,-0.3750000000,10.1864552079,1.7210398544e-02
0,-0.3750000000,10.2164594942,1.7645988774e-02
0,-0.3750000000,10.2464637805,1.8119327439e-02
0,-0.3750000000,10.2764680669,1.8632903333e-02
0,-0.3750000000,10.3064723532,1.9189524832e-02
0,-0.3750000000,10.3364766395,1.9792357225e-02
0,-0.3750000000,10.3664809258,2.0444966371e-02
0,-0.3750000000,10.3964852122,2.1151369765e-02
0,-0.3750000000,10.4264894985,2.1916096345e-02
0,-0.3750000000,10.4564937848,2.2744256669e-02
0,-0.3750000000,10.4864980712,2.3641625424e-02
0,-0.3750000000,10.5165023575,2.4614738701e-02
0,-0.3750000000,10.5465066438,2.5671009009e-02
0,-0.3750000000,10.5765109301,2.6818861723e-02
0,-0.3750000000,10.6065152165,2.8067897523e-02
0,-0.3750000000,10.6365195028,2.9429086527e-02
0,-0.3750000000,10.6665237891,3.0915001260e-02
0,-0.3750000000,10.6965280754,3.2540097435e-02
0,-0.3750000000,10.7265323618,3.4321053937e-02
0,-0.3750000000,10.7565366481,3.6277186502e-02
0,-0.3750000000,10.7865409344,3.8430953648e-02
0,-0.3750000000,10.8165452207,4.0808578801e-02
0,-0.3750000000,10.8465495071,4.3440819653e-02
0,-0.3750000000,10.8765537934,4.6363925297e-02
0,-0.3750000000,10.9065580797,4.9620834468e-02
0,-0.3750000000,10.9365623661,5.3262685504e-02
0,-0.3750000000,10.9665666524,5.7350732260e-02
0,-0.3750000000,10.9965709387,6.1958792633e-02
0,-0.3750000000,11.0265752250,6.7176401264e-02
0,-0.3750000000,11.0565795114,7.3112900523e-02
0,-0.3750000000,11.0865837977,7.9902791618e-02
0,-0.3750000000,11.1165880840,8.7712791255e-02
0,-0.3750000000,11.1465923703,9.6751214113e-02
0,-0.3750000000,11.1765966567,1.0728054871e-01
0,-0.3750000000,11.2066009430,1.1963444253e-01
0,-0.3750000000,11.2366052293,1.3424079677e-01
0,-0.3750000000,11.2666095156,1.5165332541e-01
0,-0.3750000000,11.2966138020,1.7259476432e-01
0,-0.3750000000,11.3266180883,1.9801582578e-01
0,-0.3750000000,11.3566223746,2.2917456829e-01
0,-0.3750000000,11.3866266610,2.6773983021e-01
0,-0.3750000000,11.4166309473,3.1591631572e-01
0,-0.3750000000,11.4466352336,3.7656910715e-01
0,-0.3750000000,11.4766395199,4.5327126411e-01
0,-0.3750000000,11.5066438063,5.5006687904e-01
0,-0.3750000000,11.5366480926,6.7046690920e-01
0,-0.3750000000,11.5666523789,8.1477131945e-01
0,-0.3750000000,11.5966566652,9.7471450784e-01
0,-0.3750000000,11.6266609516,1.1265457596e+00
0,-0.3750000000,11.6566652379,1.2303684797e+00
0,-0.3750000000,11.6866695242,1.2479341058e+00
0,-0.3750000000,11.7166738105,1.1719728679e+00
0,-0.3750000000,11.7466780969,1.0327799900e+00
0,-0.3750000000,11.7766823832,8.7282259404e-01
0,-0.3750000000,11.8066866695,7.2222058654e-01
0,-0.3750000000,11.8366909559,5.9399239858e-01
0,-0.3750000000,11.8666952422,4.9011516355e-01
0,-0.3750000000,11.8966995285,4.0779997318e-01
0,-0.3750000000,11.9267038148,3.4303279454e-01
0,-0.3750000000,11.9567081012,2.9204450703e-01
0,-0.3750000000,11.9867123875,2.5174489693e-01
0,-0.3750000000,12.0167166738,2.1974287140e-01
0,-0.3750000000,12.0467209601,1.9423783550e-01
0,-0.3750000000,12.0767252465,1.7389319517e-01
0,-0.3750000000,12.1067295328,1.5772804271e-01
0,-0.3750000000,12.1367338191,1.4503451209e-01
0,-0.3750000000,12.1667381054,1.3531892822e-01
0,-0.3750000000,12.1967423918,1.2826279399e-01
0,-0.3750000000,12.2267466781,1.2369998650e-01
0,-0.3750000000,12.2567509644,1.2160726769e-01
0,-0.3750000000,12.2867552508,1.2210521577e-01
0,-0.3750000000,12.3167595371,1.2546447129e-01
0,-0.3750000000,12.3467638234,1.3210464880e-01
0,-0.3750000000,12.3767681097,1.4255387185e-01
0,-0.3750000000,12.4067723961,1.5729514368e-01
0,-0.3750000000,12.4367766824,1.7635889074e-01
0,-0.3750000000,12.4667809687,1.9849519742e-01
0,-0.3750000000,12.4967852550,2.2005561414e-01
0,-0.3750000000,12.5267895414,2.3473964321e-01
0,-0.3750000000,12.5567938277,2.3619641190e-01
0,-0.3750000000,12.5867981140,2.2275039825e-01
0,-0.3750000000,12.6168024003,1.9888198115e-01
0,-0.3750000000,12.6468066867,1.7139312980e-01
0,-0.3750000000,12.6768109730,1.4529426498e-01
0,-0.3750000000,12.7068152593,1.2282896873e-01
0,-0.3750000000,12.7368195456,1.0438927402e-01
0,-0.3750000000,12.7668238320,8.9545616373e-02
0,-0.3750000000,12.7968281183,7.7644724348e-02
0,-0.3750000000,12.8268324046,6.8062993046e-02
0,-0.3750000000,12.8568366910,6.0283792166e-02
0,-0.3750000000,12.8868409773,5.3903260452e-02
0,-0.3750000000,12.9168452636,4.8613199114e-02
0,-0.3750000000,12.9468495499,4.4180213162e-02
0,-0.3750000000,12.9768538363,4.0427407028e-02
0,-0.3750000000,13.0068581226,3.7219980700e-02
0,-0.3750000000,13.0368624089,3.4454405352e-02
0,-0.3750000000,13.0668666952,3.2050447831e-02
0,-0.3750000000,13.0968709816,2.9945333660e-02
0,-0.3750000000,13.1268752679,2.8089474072e-02
0,-0.3750000000,13.1568795542,2.6443324982e-02
0,-0.3750000000,13.1868838405,2.4975063250e-02
0,-0.3750000000,13.2168881269,2.3658854488e-02
0,-0.3750000000,13.2468924132,2.2473551160e-02
0,-0.3750000000,13.2768966995,2.1401705750e-02
0,-0.3750000000,13.3069009859,2.0428816366e-02
0,-0.3750000000,13.3369052722,1.9542745176e-02
0,-0.3750000000,13.3669095585,1.8733266401e-02
0,-0.3750000000,13.3969138448,1.7991712212e-02
0,-0.3750000000,13.4269181312,1.7310693206e-02
0,-0.3750000000,13.4569224175,1.6683876140e-02
0,-0.3750000000,13.4869267038,1.6105805956e-02
0,-0.3750000000,13.5169309901,1.5571762321e-02
0,-0.3750000000,13.5469352765,1.5077643255e-02
0,-0.3750000000,13.5769395628,1.4619870171e-02
0,-0.3750000000,13.6069438491,1.4195309938e-02
0,-0.3750000000,13.6369481354,1.3801210583e-02
0,-0.3750000000,13.6669524218,1.3435147976e-02
0,-0.3750000000,13.6969567081,1.3094981417e-02
0,-0.3750000000,13.7269609944,1.2778816482e-02
0,-0.3750000000,13.7569652808,1.2484973823e-02
0,-0.3750000000,13.7869695671,1.2211962880e-02
0,-0.3750000000,13.8169738534,1.1958459657e-02
0,-0.3750000000,13.8469781397,1.1723287915e-02
0,-0.3750000000,13.8769824261,1.1505403206e-02
0,-0.3750000000,13.9069867124,1.1303879330e-02
0,-0.3750000000,13.9369909987,1.1117896843e-02
0,-0.3750000000,13.9669952850,1.0946733332e-02
0,-0.3750000000,13.9969995714,1.0789755214e-02
0,-0.3750000000,14.0270038577,1.0646410874e-02
0,-0.3750000000,14.0570081440,1.0516224985e-02
0,-0.3750000000,14.0870124303,1.0398793879e-02
0,-0.3750000000,14.1170167167,1.0293781901e-02
0,-0.3750000000,14.1470210030,1.0200918641e-02
0,-0.3750000000,14.1770252893,1.0119997031e-02
0,-0.3750000000,14.2070295757,1.0050872252e-02
0,-0.3750000000,14.2370338620,9.9934614617e-03
0,-0.3750000000,14.2670381483,9.9477443545e-03
0,-0.3750000000,14.2970424346,9.9137645789e-03
0,-0.3750000000,14.3270467210,9.8916320830e-03
0,-0.3750000000,14.3570510073,9.8815264661e-03
0,-0.3750000000,14.3870552936,9.8837014521e-03
0,-0.3750000000,14.4170595799,9.8984906377e-03
0,-0.3750000000,14.4470638663,9.9263147084e-03
0,-0.3750000000,14.4770681526,9.9676903719e-03
0,-0.3750000000,14.5070724389,1.0023241322e-02
0,-0.3750000000,14.5370767252,1.0093711637e-02
0,-0.3750000000,14.5670810116,1.0179982105e-02
0,-0.3750000000,14.5970852979,1.0283090143e-02
0,-0.3750000000,14.6270895842,1.0404254098e-02
0,-0.3750000000,14.6570938706,1.0544902999e-02
0,-0.3750000000,14.6870981569,1.0706713107e-02
0,-0.3750000000,14.7171024432,1.0891653000e-02
0,-0.3750000000,14.7471067295,1.1102039479e-02
0,-0.3750000000,14.7771110159,1.1340607274e-02
0,-0.3750000000,14.8071153022,1.1610596501e-02
0,-0.3750000000,14.8371195885,1.1915863101e-02
0,-0.3750000000,14.8671238748,1.2261019318e-02
0,-0.3750000000,14.8971281612,1.2651613692e-02
0,-0.3750000000,14.9271324475,1.3094363520e-02
0,-0.3750000000,14.9571367338,1.3597457507e-02
0,-0.3750000000,14.9871410201,1.4170953110e-02
0,-0.3750000000,15.0171453065,1.4827302613e-02
0,-0.3750000000,15.0471495928,1.5582055489e-02
0,-0.3750000000,15.0771538791,1.6454803634e-02
0,-0.3750000000,15.1071581655,1.7470462617e-02
0,-0.3750000000,15.1371624518,1.8661018164e-02
0,-0.3750000000,15.1671667381,2.0067913616e-02
0,-0.3750000000,15.1971710244,2.1745306833e-02
0,-0.3750000000,15.2271753108,2.3764464831e-02
0,-0.3750000000,15.2571795971,2.6219530152e-02
0,-0.3750000000,15.2871838834,2.9234616118e-02
0,-0.3750000000,15.3171881697,3.2971236439e-02
0,-0.3750000000,15.3471924561,3.7632415367e-02
0,-0.3750000000,15.3771967424,4.3453242933e-02
0,-0.3750000000,15.4072010287,5.0653422187e-02
0,-0.3750000000,15.4372053150,5.9303711351e-02
0,-0.3750000000,15.4672096014,6.9044703652e-02
0,-0.3750000000,15.4972138877,7.8684868040e-02
0,-0.3750000000,15.5272181740,8.6049023281e-02
0,-0.3750000000,15.5572224604,8.8800757518e-02
0,-0.3750000000,15.5872267467,8.6141836938e-02
0,-0.3750000000,15.6172310330,7.9537934248e-02
0,-0.3750000000,15.6472353193,7.1464103900e-02
0,-0.3750000000,15.6772396057,6.3846985802e-02
0,-0.3750000000,15.7072438920,5.7609433648e-02
0,-0.3750000000,15.7372481783,5.2970744698e-02
0,-0.3750000000,15.7672524646,4.9830217468e-02
0,-0.3750000000,15.7972567510,4.7999449713e-02
0,-0.3750000000,15.8272610373,4.7304762370e-02
0,-0.3750000000,15.8572653236,4.7621831565e-02
0,-0.3750000000,15.8872696099,4.8882912288e-02
0,-0.3750000000,15.9172738963,5.1076001561e-02
0,-0.3750000000,15.9472781826,5.4244009721e-02
0,-0.3750000000,15.9772824689,5.8487163337e-02
0,-0.3750000000,16.0072867553,6.3970150753e-02
0,-0.3750000000,16.0372910416,7.0935152733e-02
0,-0.3750000000,16.0672953279,7.9722007882e-02
0,-0.3750000000,16.0972996142,9.0796773034e-02
0,-0.3750000000,16.1273039006,1.0478902110e-01
0,-0.3750000000,16.1573081869,1.2253447509e-01
0,-0.3750000000,16.1873124732,1.4510844974e-01
0,-0.3750000000,16.2173167595,1.7380687044e-01
0,-0.3750000000,16.2473210459,2.0996626171e-01
0,-0.3750000000,16.2773253322,2.5439210263e-01
0,-0.3750000000,16.3073296185,3.0603526671e-01
0,-0.3750000000,16.3373339048,3.5977414426e-01
0,-0.3750000000,16.3673381912,4.0461073569e-01
0,-0.3750000000,16.3973424775,4.2616035721e-01
0,-0.3750000000,16.4273467638,4.1564083249e-01
0,-0.3750000000,16.4573510502,3.7742649703e-01
0,-0.3750000000,16.4873553365,3.2511865838e-01
0,-0.3750000000,16.5173596228,2.7159693455e-01
0,-0.3750000000,16.5473639091,2.2402289150e-01
0,-0.3750000000,16.5773681955,1.8462996826e-01
0,-0.3750000000,16.6073724818,1.5307462484e-01
0,-0.3750000000,16.6373767681,1.2810619310e-01
0,-0.3750000000,16.6673810544,1.0836773752e-01
0,-0.3750000000,16.6973853408,9.2685377184e-02
0,-0.3750000000,16.7273896271,8.0128632469e-02
0,-0.3750000000,16.7573939134,6.9986190299e-02
0,-0.3750000000,16.7873981997,6.1720705225e-02
0,-0.3750000000,16.8174024861,5.4926734274e-02
0,-0.3750000000,16.8474067724,4.9297461006e-02
0,-0.3750000000,16.8774110587,4.4599587414e-02
0,-0.3750000000,16.9074153450,4.0654699220e-02
0,-0.3750000000,16.9374196314,3.7325566885e-02
0,-0.3750000000,16.9674239177,3.4506138400e-02
0,-0.3750000000,16.9974282040,3.2114261658e-02
0,-0.3750000000,17.0274324904,3.0086421361e-02
0,-0.3750000000,17.0574367767,2.8373977676e-02
0,-0.3750000000,17.0874410630,2.6940551643e-02
0,-0.3750000000,17.1174453493,2.5760323125e-02
0,-0.3750000000,17.1474496357,2.4817098695e-02
0,-0.3750000000,17.1774539220,2.4104072652e-02
0,-0.3750000000,17.2074582083,2.3624235190e-02
0,-0.3750000000,17.2374624946,2.3391340159e-02
0,-0.3750000000,17.2674667810,2.3431125242e-02
0,-0.3750000000,17.2974710673,2.3781822584e-02
0,-0.3750000000,17.3274753536,2.4491353117e-02
0,-0.3750000000,17.3574796399,2.5605033590e-02
0,-0.3750000000,17.3874839263,2.7131705858e-02
0,-0.3750000000,17.4174882126,2.8972894718e-02
0,-0.3750000000,17.4474924989,3.0822022819e-02
0,-0.3750000000,17.4774967853,3.2127258804e-02
0,-0.3750000000,17.5075010716,3.2298991355e-02
0,-0.3750000000,17.5375053579,3.1135060630e-02
0,-0.3750000000,17.5675096442,2.8999152141e-02
0,-0.3750000000,17.5975139306,2.6504589117e-02
0,-0.3750000000,17.6275182169,2.4125567871e-02
0,-0.3750000000,17.6575225032,2.2084780247e-02
0,-0.3750000000,17.6875267895,2.0428854138e-02
0,-0.3750000000,17.7175310759,1.9123871869e-02
0,-0.3750000000,17.7475353622,1.8112854328e-02
0,-0.3750000000,17.7775396485,1.7340644189e-02
0,-0.3750000000,17.8075439348,1.6761501531e-02
0,-0.3750000000,17.8375482212,1.6339094371e-02
0,-0.3750000000,17.8675525075,1.6043184907e-02
0,-0.3750000000,17.8975567938,1.5844996952e-02
0,-0.3750000000,17.9275610802,1.5714238483e-02
0,-0.3750000000,17.9575653665,1.5622882772e-02
0,-0.3750000000,17.9875696528,1.5555764030e-02
0,-0.3750000000,18.0175739391,1.5515710411e-02
0,-0.3750000000,18.0475782255,1.5515067036e-02
0,-0.3750000000,18.0775825118,1.5564290418e-02
0,-0.3750000000,18.1075867981,1.5668020694e-02
0,-0.3750000000,18.1375910844,1.5826774772e-02
0,-0.3750000000,18.1675953708,1.6039487910e-02
0,-0.3750000000,18.1975996571,1.6305086474e-02
0,-0.3750000000,18.2276039434,1.6623170962e-02
0,-0.3750000000,18.2576082297,1.6994231774e-02
0,-0.3750000000,18.2876125161,1.7419681287e-02
0,-0.3750000000,18.3176168024,1.7901838051e-02
0,-0.3750000000,18.3476210887,1.8443917936e-02
0,-0.3750000000,18.3776253751,1.9050051584e-02
0,-0.3750000000,18.4076296614,1.9725334303e-02
0,-0.3750000000,18.4376339477,2.0475910764e-02
0,-0.3750000000,18.4676382340,2.1309096860e-02
0,-0.3750000000,18.4976425204,2.2233542628e-02
0,-0.3750000000,18.5276468067,2.3259442322e-02
0,-0.3750000000,18.5576510930,2.4398800541e-02
0,-0.3750000000,18.5876553793,2.5665766699e-02
0,-0.3750000000,18.6176596657,2.7077054442e-02
0,-0.3750000000,18.6476639520,2.8652468211e-02
0,-0.3750000000,18.6776682383,3.0415566513e-02
0,-0.3750000000,18.7076725246,3.2394501384e-02
0,-0.3750000000,18.7376768110,3.4623086972e-02
0,-0.3750000000,18.7676810973,3.7142168618e-02
0,-0.3750000000,18.7976853836,4.0001389371e-02
0,-0.3750000000,18.8276896700,4.3261486426e-02
0,-0.3750000000,18.8576939563,4.6997299911e-02
0,-0.3750000000,18.8876982426,5.1301746829e-02
0,-0.3750000000,18.9177025289,5.6291112509e-02
0,-0.3750000000,18.9477068153,6.2112152703e-02
0,-0.3750000000,18.9777111016,6.8951697503e-02
0,-0.3750000000,19.0077153879,7.7049722720e-02
0,-0.3750000000,19.0377196742,8.6717222642e-02
0,-0.3750000000,19.0677239606,9.8360678680e-02
0,-0.3750000000,19.0977282469,1.1251540174e-01
0,-0.3750000000,19.1277325332,1.2989026366e-01
0,-0.3750000000,19.1577368195,1.5142552208e-01
0,-0.3750000000,19.1877411059,1.7836142645e-01
0,-0.3750000000,19.2177453922,2.1230265840e-01
0,-0.3750000000,19.2477496785,2.5522984071e-01
0,-0.3750000000,19.2777539649,3.0932886237e-01
0,-0.3750000000,19.3077582512,3.7634549797e-01
0,-0.3750000000,19.3377625375,4.5594257069e-01
0,-0.3750000000,19.3677668238,5.4257968653e-01
0,-0.3750000000,19.3977711102,6.2191409158e-01
0,-0.3750000000,19.4277753965,6.7164030843e-01
0,-0.3750000000,19.4577796828,6.7280566471e-01
0,-0.3750000000,19.4877839691,6.2500795973e-01
0,-0.3750000000,19.5177882555,5.4676207128e-01
0,-0.3750000000,19.5477925418,4.6051963130e-01
0,-0.3750000000,19.5777968281,3.8097838694e-01
0,-0.3750000000,19.6078011144,3.1394315872e-01
0,-0.3750000000,19.6378054008,2.5987857756e-01
0,-0.3750000000,19.6678096871,2.1708071118e-01
0,-0.3750000000,19.6978139734,1.8336764885e-01
0,-0.3750000000,19.7278182598,1.5675053993e-01
0,-0.3750000000,19.7578225461,1.3561504253e-01
0,-0.3750000000,19.7878268324,1.1871348898e-01
0,-0.3750000000,19.8178311187,1.0510129586e-01
0,-0.3750000000,19.8478354051,9.4068256125e-02
0,-0.3750000000,19.8778396914,8.5080390928e-02
0,-0.3750000000,19.9078439777,7.7734933867e-02
0,-0.3750000000,19.9378482640,7.1726822386e-02
0,-0.3750000000,19.9678525504,6.6824195983e-02
0,-0.3750000000,19.9978568367,6.2850621358e-02
0,-0.3750000000,20.0278611230,5.9672248794e-02
0,-0.3750000000,20.0578654093,5.7188572196e-02
0,-0.3750000000,20.0878696957,5.5325843901e-02
0,-0.3750000000,20.1178739820,5.4032482527e-02
0,-0.3750000000,20.1478782683,5.3276025622e-02
0,-0.3750000000,20.1778825547,5.3041339553e-02
0,-0.3750000000,20.2078868410,5.3329924648e-02
0,-0.3750000000,20.2378911273,5.4160258791e-02
0,-0.3750000000,20.2678954136,5.5569218657e-02
0,-0.3750000000,20.2978997000,5.7614712835e-02
0,-0.3750000000,20.3279039863,6.0379760546e-02
0,-0.3750000000,20.3579082726,6.3978357269e-02
0,-0.3750000000,20.3879125589,6.8563592677e-02
0,-0.3750000000,20.4179168453,7.4338611312e-02
0,-0.3750000000,20.4479211316,8.1570885417e-02
0,-0.3750000000,20.4779254179,9.0609195523e-02
0,-0.3750000000,20.5079297042,1.0190076644e-01
0,-0.3750000000,20.5379339906,1.1600682786e-01
0,-0.3750000000,20.5679382769,1.3362563632e-01
0,-0.3750000000,20.5979425632,1.5565259738e-01
0,-0.3750000000,20.6279468495,1.8328874102e-01
0,-0.3750000000,20.6579511359,2.1807080530e-01
0,-0.3750000000,20.6879554222,2.6153712502e-01
0,-0.3750000000,20.7179597085,3.1422659536e-01
0,-0.3750000000,20.7479639949,3.7373205129e-01
0,-0.3750000000,20.7779682812,4.3204972089e-01
0,-0.3750000000,20.8079725675,4.7469649829e-01
0,-0.3750000000,20.8379768538,4.8632537954e-01
0,-0.3750000000,20.8679811402,4.6194159390e-01
0,-0.3750000000,20.8979854265,4.1138922391e-01
0,-0.3750000000,20.9279897128,3.5088147230e-01
0,-0.3750000000,20.9579939991,2.9285427004e-01
0,-0.3750000000,20.9879982855,2.4313275269e-01
0,-0.3750000000,21.0180025718,2.0295661296e-01
0,-0.3750000000,21.0480068581,1.7148427353e-01
0,-0.3750000000,21.0780111444,1.4728914544e-01
0,-0.3750000000,21.1080154308,1.2900021217e-01
0,-0.3750000000,21.1380197171,1.1548127916e-01
0,-0.3750000000,21.1680240034,1.0578690308e-01
0,-0.3750000000,21.1980282898,9.8991784861e-02
0,-0.3750000000,21.2280325761,9.3965676505e-02
0,-0.3750000000,21.2580368624,8.9298120876e-02
0,-0.3750000000,21.2880411487,8.3689044955e-02
0,-0.3750000000,21.3180454351,7.6667416576e-02
0,-0.3750000000,21.3480497214,6.8780592590e-02
0,-0.3750000000,21.3780540077,6.0959646041e-02
0,-0.3750000000,21.4080582940,5.3868292757e-02
0,-0.3750000000,21.4380625804,4.7752606236e-02
0,-0.3750000000,21.4680668667,4.2586495502e-02
0,-0.3750000000,21.4980711530,3.8237846776e-02
0,-0.3750000000,21.5280754393,3.4564341364e-02
0,-0.3750000000,21.5580797257,3.1445100522e-02
0,-0.3750000000,21.5880840120,2.8781242135e-02
0,-0.3750000000,21.6180882983,2.6491238498e-02
0,-0.3750000000,21.6480925847,2.4508246596e-02
0,-0.3750000000,21.6780968710,2.2778246862e-02
0,-0.3750000000,21.7081011573,2.1258035356e-02
0,-0.3750000000,21.7381054436,1.9913163444e-02
0,-0.3750000000,21.7681097300,1.8716088381e-02
0,-0.3750000000,21.7981140163,1.7644652821e-02
0,-0.3750000000,21.8281183026,1.6680892174e-02
0,-0.3750000000,21.8581225889,1.5810119430e-02
0,-0.3750000000,21.8881268753,1.5020228353e-02
0,-0.3750000000,21.9181311616,1.4301162975e-02
0,-0.3750000000,21.9481354479,1.3644512147e-02
0,-0.3750000000,21.9781397342,1.3043198055e-02
0,-0.3750000000,22.0081440206,1.2491235722e-02
0,-0.3750000000,22.0381483069,1.1983546783e-02
0,-0.3750000000,22.0681525932,1.1515815462e-02
0,-0.3750000000,22.0981568796,1.1084378144e-02
0,-0.3750000000,22.1281611659,1.0686140561e-02
0,-0.3750000000,22.1581654522,1.0318518452e-02
0,-0.3750000000,22.1881697385,9.9793986559e-03
0,-0.3750000000,22.2181740249,9.6671172990e-03
0,-0.3750000000,22.2481783112,9.3804489394e-03
0,-0.3750000000,22.2781825975,9.1185934719e-03
0,-0.3750000000,22.3081868838,8.8811367043e-03
0,-0.3750000000,22.3381911702,8.6679530236e-03
0,-0.3750000000,22.3681954565,8.4790107806e-03
0,-0.3750000000,22.3981997428,8.3139319353e-03
0,-0.3750000000,22.4282040291,8.1708201382e-03
0,-0.3750000000,22.4582083155,8.0438834024e-03
0,-0.3750000000,22.4882126018,7.9211667860e-03
0,-0.3750000000,22.5182168881,7.7868265789e-03
0,-0.3750000000,22.5482211745,7.6306986200e-03
0,-0.3750000000,22.5782254608,7.4568549713e-03
0,-0.3750000000,22.6082297471,7.2798412167e-03
0,-0.3750000000,22.6382340334,7.1139149238e-03
0,-0.3750000000,22.6682383198,6.9674011013e-03
0,-0.3750000000,22.6982426061,6.8434609850e-03
0,-0.3750000000,22.7282468924,6.7427059515e-03
0,-0.3750000000,22.7582511787,6.6651158184e-03
0,-0.3750000000,22.7882554651,6.6109912721e-03
0,-0.3750000000,22.8182597514,6.5812623093e-03
0,-0.3750000000,22.8482640377,6.5773093957e-03
0,-0.3750000000,22.8782683240,6.6001227293e-03
0,-0.3750000000,22.9082726104,6.6483392637e-03
0,-0.3750000000,22.9382768967,6.7149669690e-03
0,-0.3750000000,22.9682811830,6.7847082077e-03
0,-0.3750000000,22.9982854694,6.8375814267e-03
0,-0.3750000000,23.0282897557,6.8621619570e-03
0,-0.3750000000,23.0582940420,6.8668654735e-03
0,-0.3750000000,23.0882983283,6.8743793012e-03
0,-0.3750000000,23.1183026147,6.9071332984e-03
0,-0.3750000000,23.1483069010,6.9800457565e-03
0,-0.3750000000,23.1783111873,7.1018964057e-03
0,-0.3750000000,23.2083154736,7.2791266178e-03
0,-0.3750000000,23.2383197600,7.5187650579e-03
0,-0.3750000000,23.2683240463,7.8302336409e-03
0,-0.3750000000,23.2983283326,8.2266225646e-03
0,-0.3750000000,23.3283326189,8.7259406793e-03
0,-0.3750000000,23.3583369053,9.3526641770e-03
0,-0.3750000000,23.3883411916,1.0139790362e-02
0,-0.3750000000,23.4183454779,1.1131500758e-02
0,-0.3750000000,23.4483497643,1.2386309534e-02
0,-0.3750000000,23.4783540506,1.3979932110e-02
0,-0.3750000000,23.5083583369,1.6005429233e-02
0,-0.3750000000,23.5383626232,1.8564230389e-02
0,-0.3750000000,23.5683669096,2.1733768888e-02
0,-0.3750000000,23.5983711959,2.5486942903e-02
0,-0.3750000000,23.6283754822,2.9543331093e-02
0,-0.3750000000,23.6583797685,3.3208836885e-02
0,-0.3750000000,23.6883840549,3.5445974943e-02
0,-0.3750000000,23.7183883412,3.5433042668e-02
0,-0.3750000000,23.7483926275,3.3239645204e-02
0,-0.3750000000,23.7783969138,2.9768293575e-02
0,-0.3750000000,23.8084012002,2.6044691858e-02
0,-0.3750000000,23.8384054865,2.2719377829e-02
0,-0.3750000000,23.8684097728,2.0046345445e-02
0,-0.3750000000,23.8984140592,1.8052040341e-02
0,-0.3750000000,23.9284183455,1.6677471296e-02
0,-0.3750000000,23.9584226318,1.5853120470e-02
0,-0.3750000000,23.9884269181,1.5529735624e-02
0,-0.3750000000,24.0184312045,1.5688477332e-02
0,-0.3750000000,24.0484354908,1.6342643550e-02
0,-0.3750000000,24.0784397771,1.7534185702e-02
0,-0.3750000000,24.1084440634,1.9320740931e-02
0,-0.3750000000,24.1384483498,2.1739844330e-02
0,-0.3750000000,24.1684526361,2.4727270431e-02
0,-0.3750000000,24.1984569224,2.7975027006e-02
0,-0.3750000000,24.2284612087,3.0796296245e-02
0,-0.3750000000,24.2584654951,3.2235374302e-02
0,-0.3750000000,24.2884697814,3.1618099511e-02
0,-0.3750000000,24.3184740677,2.9112579740e-02
0,-0.3750000000,24.3484783541,2.5572287365e-02
0,-0.3750000000,24.3784826404,2.1880945522e-02
0,-0.3750000000,24.4084869267,1.8561168243e-02
0,-0.3750000000,24.4384912130,1.5792308817e-02
0,-0.3750000000,24.4684954994,1.3564431386e-02
0,-0.3750000000,24.4984997857,1.1796088299e-02
0,-0.3750000000,24.5285040720,1.0392525411e-02
0,-0.3750000000,24.5585083583,9.2680621477e-03
0,-0.3750000000,24.5885126447,8.3541107664e-03
0,-0.3750000000,24.6185169310,7.6016118270e-03
0,-0.3750000000,24.6485212173,6.9779748966e-03
0,-0.3750000000,24.6785255036,6.4604749705e-03
0,-0.3750000000,24.7085297900,6.0310202540e-03
0,-0.3750000000,24.7385340763,5.6737308016e-03
0,-0.3750000000,24.7685383626,5.3739375283e-03
0,-0.3750000000,24.7985426489,5.1181504588e-03
0,-0.3750000000,24.8285469353,4.8956116808e-03
0,-0.3750000000,24.8585512216,4.7003196487e-03
0,-0.3750000000,24.8885555079,4.5306395679e-03
0,-0.3750000000,24.9185597943,4.3866279140e-03
0,-0.3750000000,24.9485640806,4.2680492781e-03
0,-0.3750000000,24.9785683669,4.1741194272e-03
0,-0.3750000000,25.0085726532,4.1040078313e-03
0,-0.3750000000,25.0385769396,4.0573176368e-03
0,-0.3750000000,25.0685812259,4.0343870353e-03
0,-0.3750000000,25.0985855122,4.0364946296e-03
0,-0.3750000000,25.1285897985,4.0660627479e-03
0,-0.3750000000,25.1585940849,4.1269193794e-03
0,-0.3750000000,25.1885983712,4.2246505466e-03
0,-0.3750000000,25.2186026575,4.3670401433e-03
0,-0.3750000000,25.2486069438,4.5645152798e-03
0,-0.3750000000,25.2786112302,4.8303112816e-03
0,-0.3750000000,25.3086155165,5.1795800278e-03
0,-0.3750000000,25.3386198028,5.6256415231e-03
0,-0.3750000000,25.3686240892,6.1700137669e-03
0,-0.3750000000,25.3986283755,6.7825571569e-03
0,-0.3750000000,25.4286326618,7.3760809531e-03
0,-0.3750000000,25.4586369481,7.8047056437e-03
0,-0.3750000000,25.4886412345,7.9305566330e-03
0,-0.3750000000,25.5186455208,7.7311711458e-03
0,-0.3750000000,25.5486498071,7.3208722886e-03
0,-0.3750000000,25.5786540934,6.8557723005e-03
0,-0.3750000000,25.6086583798,6.4457635477e-03
0,-0.3750000000,25.6386626661,6.1416182600e-03
0,-0.3750000000,25.6686669524,5.9604816918e-03
0,-0.3750000000,25.6986712387,5.9079891453e-03
0,-0.3750000000,25.7286755251,5.9886959156e-03
0,-0.3750000000,25.7586798114,6.2108567961e-03
0,-0.3750000000,25.7886840977,6.5890799573e-03
0,-0.3750000000,25.8186883841,7.1446576914e-03
0,-0.3750000000,25.8486926704,7.9013280553e-03
0,-0.3750000000,25.8786969567,8.8714291378e-03
0,-0.3750000000,25.9087012430,1.0024541851e-02
0,-0.3750000000,25.9387055294,1.1236631046e-02
0,-0.3750000000,25.9687098157,1.2252743753e-02
0,-0.3750000000,25.9987141020,1.2752958749e-02
0,-0.3750000000,26.0287183883,1.2560273818e-02
0,-0.3750000000,26.0587226747,1.1796212387e-02
0,-0.3750000000,26.0887269610,1.0772944240e-02
0,-0.3750000000,26.1187312473,9.7671247357e-03
0,-0.3750000000,26.1487355336,8.9125072503e-03
0,-0.3750000000,26.1787398200,8.2208520408e-03
0,-0.3750000000,26.2087441063,7.6477158535e-03
0,-0.3750000000,26.2387483926,7.1551642875e-03
0,-0.3750000000,26.2687526790,6.7399800973e-03
0,-0.3750000000,26.2987569653,6.4204183642e-03
0,-0.3750000000,26.3287612516,6.2136140955e-03
0,-0.3750000000,26.3587655379,6.1278546223e-03
0,-0.3750000000,26.3887698243,6.1653533316e-03
0,-0.3750000000,26.4187741106,6.3246698226e-03
0,-0.3750000000,26.4487783969,6.5969501726e-03
0,-0.3750000000,26.4787826832,6.9538750918e-03
0,-0.3750000000,26.5087869696,7.3315134909e-03
0,-0.3750000000,26.5387912559,7.6305533124e-03
0,-0.3750000000,26.5687955422,7.7614689915e-03
0,-0.3750000000,26.5987998285,7.7132476375e-03
0,-0.3750000000,26.6288041149,7.5632828264e-03
0,-0.3750000000,26.6588084012,7.4146589289e-03
0,-0.3750000000,26.6888126875,7.3414222397e-03
0,-0.3750000000,26.7188169739,7.3808375588e-03
0,-0.3750000000,26.7488212602,7.5483783232e-03
0,-0.3750000000,26.7788255465,7.8520263692e-03
0,-0.3750000000,26.8088298328,8.3008491363e-03
0,-0.3750000000,26.8388341192,8.9097231653e-03
0,-0.3750000000,26.8688384055,9.7023431679e-03
0,-0.3750000000,26.8988426918,1.0713920317e-02
0,-0.3750000000,26.9288469781,1.1994416956e-02
0,-0.3750000000,26.9588512645,1.3612792422e-02
0,-0.3750000000,26.9888555508,1.5662352430e-02
0,-0.3750000000,27.0188598371,1.8266500788e-02
0,-0.3750000000,27.0488641234,2.1582144892e-02
0,-0.3750000000,27.0788684098,2.5792968386e-02
0,-0.3750000000,27.1088726961,3.1073811720e-02
0,-0.3750000000,27.1388769824,3.7488733512e-02
0,-0.3750000000,27.1688812688,4.4772829694e-02
0,-0.3750000000,27.1988855551,5.2010647280e-02
0,-0.3750000000,27.2288898414,5.7487471520e-02
0,-0.3750000000,27.2588941277,5.9292737713e-02
0,-0.3750000000,27.2888984141,5.6674163817e-02
0,-0.3750000000,27.3189027004,5.0709049994e-02
0,-0.3750000000,27.3489069867,4.3365243315e-02
0,-0.3750000000,27.3789112730,3.6216521419e-02
0,-0.3750000000,27.4089155594,3.0021146310e-02
0,-0.3750000000,27.4389198457,2.4944340158e-02
0,-0.3750000000,27.4689241320,2.0875505423e-02
0,-0.3750000000,27.4989284183,1.7630122626e-02
0,-0.3750000000,27.5289327047,1.5036762757e-02
0,-0.3750000000,27.5589369910,1.2956703734e-02
0,-0.3750000000,27.5889412773,1.1279972520e-02
0,-0.3750000000,27.6189455637,9.9195314585e-03
0,-0.3750000000,27.6489498500,8.8071990693e-03
0,-0.3750000000,27.6789541363,7.8902875522e-03
0,-0.3750000000,27.7089584226,7.1285472415e-03
0,-0.3750000000,27.7389627090,6.4913880342e-03
0,-0.3750000000,27.7689669953,5.9554416584e-03
0,-0.3750000000,27.7989712816,5.5025877272e-03
0,-0.3750000000,27.8289755679,5.1183776384e-03
0,-0.3750000000,27.8589798543,4.7906479661e-03
0,-0.3750000000,27.8889841406,4.5083544140e-03
0,-0.3750000000,27.9189884269,4.2612689802e-03
0,-0.3750000000,27.9489927132,4.0412577555e-03
0,-0.3750000000,27.9789969996,3.8439876108e-03
0,-0.3750000000,28.0090012859,3.6685162261e-03
0,-0.3750000000,28.0390055722,3.5150160142e-03
0,-0.3750000000,28.0690098586,3.3831819593e-03
0,-0.3750000000,28.0990141449,3.2720871074e-03
0,-0.3750000000,28.1290184312,3.1806177213e-03
0,-0.3750000000,28.1590227175,3.1078233072e-03
0,-0.3750000000,28.1890270039,3.0530182134e-03
0,-0.3750000000,28.2190312902,3.0156188095e-03
0,-0.3750000000,28.2490355765,2.9946786248e-03
0,-0.3750000000,28.2790398628,2.9882011878e-03
0,-0.3750000000,28.3090441492,2.9928672342e-03
0,-0.3750000000,28.3390484355,3.0053927289e-03
0,-0.3750000000,28.3690527218,3.0253626568e-03
0,-0.3750000000,28.3990570081,3.0564645955e-03
0,-0.3750000000,28.4290612945,3.1045176740e-03
0,-0.3750000000,28.4590655808,3.1753503825e-03
0,-0.3750000000,28.4890698671,3.2748779034e-03
0,-0.3750000000,28.5190741535,3.4101294176e-03
0,-0.3750000000,28.5490784398,3.5898566114e-03
0,-0.3750000000,28.5790827261,3.8250523114e-03
0,-0.3750000000,28.6090870124,4.1298783140e-03
0,-0.3750000000,28.6390912988,4.5228864076e-03
0,-0.3750000000,28.6690955851,5.0281391650e-03
0,-0.3750000000,28.6990998714,5.6754683607e-03
0,-0.3750000000,28.7291041577,6.4979808928e-03
0,-0.3750000000,28.7591084441,7.5225260828e-03
0,-0.3750000000,28.7891127304,8.7455384243e-03
0,-0.3750000000,28.8191170167,1.0087719483e-02
0,-0.3750000000,28.8491213030,1.1343639056e-02
0,-0.3750000000,28.8791255894,1.2199410625e-02
0,-0.3750000000,28.9091298757,1.2401834188e-02
0,-0.3750000000,28.9391341620,1.1972757018e-02
0,-0.3750000000,28.9691384483,1.1201109753e-02
0,-0.3750000000,28.9991427347,1.0421297441e-02
0,-0.3750000000,29.0291470210,9.8430915362e-03
0,-0.3750000000,29.0591513073,9.5215185499e-03
0,-0.3750000000,29.0891555937,9.3816236516e-03
0,-0.3750000000,29.1191598800,9.2531969154e-03
0,-0.3750000000,29.1491641663,8.9500805997e-03
0,-0.3750000000,29.1791684526,8.3938382251e-03
0,-0.3750000000,29.2091727390,7.6643894253e-03
0,-0.3750000000,29.2391770253,6.9149184253e-03
0,-0.3750000000,29.2691813116,6.2659033720e-03
0,-0.3750000000,29.2991855979,5.7721335669e-03
0,-0.3750000000,29.3291898843,5.4381049647e-03
0,-0.3750000000,29.3591941706,5.2358138478e-03
0,-0.3750000000,29.3891984569,5.1108074610e-03
0,-0.3750000000,29.4192027432,4.9875142184e-03
0,-0.3750000000,29.4492070296,4.7951684981e-03
0,-0.3750000000,29.4792113159,4.5105474241e-03
0,-0.3750000000,29.5092156022,4.1698822550e-03
0,-0.3750000000,29.5392198886,3.8321423417e-03
0,-0.3750000000,29.5692241749,3.5406159154e-03
0,-0.3750000000,29.5992284612,3.3134262411e-03
0,-0.3750000000,29.6292327475,3.1505014821e-03
0,-0.3750000000,29.6592370339,3.0403008292e-03
0,-0.3750000000,29.6892413202,2.9623230032e-03
0,-0.3750000000,29.7192456065,2.8899527671e-03
0,-0.3750000000,29.7492498928,2.7997723299e-03
0,-0.3750000000,29.7792541792,2.6846547940e-03
0,-0.3750000000,29.8092584655,2.5563838624e-03
0,-0.3750000000,29.8392627518,2.4335912981e-03
0,-0.3750000000,29.8692670381,2.3297406953e-03
0,-0.3750000000,29.8992713245,2.2504824593e-03
0,-0.3750000000,29.9292756108,2.1964465211e-03
0,-0.3750000000,29.9592798971,2.1662554794e-03
0,-0.3750000000,29.9892841835,2.1581947273e-03
0,-0.3750000000,30.0192884698,2.1708862101e-03
0,-0.3750000000,30.0492927561,2.2036707957e-03
0,-0.3750000000,30.0792970424,2.2571722623e-03
0,-0.3750000000,30.1093013288,2.3338446676e-03
0,-0.3750000000,30.1393056151,2.4379936820e-03
0,-0.3750000000,30.1693099014,2.5755400002e-03
0,-0.3750000000,30.1993141877,2.7542716585e-03
0,-0.3750000000,30.2293184741,2.9847217469e-03
0,-0.3750000000,30.2593227604,3.2811637850e-03
0,-0.3750000000,30.2893270467,3.6622134913e-03
0,-0.3750000000,30.3193313330,4.1506108060e-03
0,-0.3750000000,30.3493356194,4.7708080913e-03
0,-0.3750000000,30.3793399057,5.5408004838e-03
0,-0.3750000000,30.4093441920,6.4521209760e-03
0,-0.3750000000,30.4393484784,7.4337805345e-03
0,-0.3750000000,30.4693527647,8.3160899142e-03
0,-0.3750000000,30.4993570510,8.8548277815e-03
0,-0.3750000000,30.5293613373,8.8711308498e-03
0,-0.3750000000,30.5593656237,8.4036891211e-03
0,-0.3750000000,30.5893699100,7.6770343804e-03
0,-0.3750000000,30.6193741963,6.9276777388e-03
0,-0.3750000000,30.6493784826,6.2892143170e-03
0,-0.3750000000,30.6793827690,5.7857956282e-03
0,-0.3750000000,30.7093870553,5.3727633717e-03
0,-0.3750000000,30.7393913416,4.9884019883e-03
0,-0.3750000000,30.7693956279,4.5981006738e-03
0,-0.3750000000,30.7993999143,4.2044916971e-03
0,-0.3750000000,30.8294042006,3.8288685487e-03
0,-0.3750000000,30.8594084869,3.4937063310e-03
0,-0.3750000000,30.8894127733,3.2143462075e-03
0,-0.3750000000,30.9194170596,2.9965776184e-03
0,-0.3750000000,30.9494213459,2.8390495833e-03
0,-0.3750000000,30.9794256322,2.7374647017e-03
0,-0.3750000000,31.0094299186,2.6877022142e-03
0,-0.3750000000,31.0394342049,2.6873103686e-03
0,-0.3750000000,31.0694384912,2.7359443697e-03
0,-0.3750000000,31.0994427775,2.8354990306e-03
0,-0.3750000000,31.1294470639,2.9905960668e-03
0,-0.3750000000,31.1594513502,3.2091558898e-03
0,-0.3750000000,31.1894556365,3.5007862950e-03
0,-0.3750000000,31.2194599228,3.8700869939e-03
0,-0.3750000000,31.2494642092,4.3039152939e-03
0,-0.3750000000,31.2794684955,4.7568527661e-03
0,-0.3750000000,31.3094727818,5.1524631039e-03
0,-0.3750000000,31.3394770682,5.4237939661e-03
0,-0.3750000000,31.3694813545,5.5705901845e-03
0,-0.3750000000,31.3994856408,5.6575880009e-03
0,-0.3750000000,31.4294899271,5.7426741939e-03
0,-0.3750000000,31.4594942135,5.8140181188e-03
0,-0.3750000000,31.4894984998,5.7955605873e-03
0,-0.3750000000,31.5195027861,5.6202530268e-03
0,-0.3750000000,31.5495070724,5.3017362094e-03
0,-0.3750000000,31.5795113588,4.9193866174e-03
0,-0.3750000000,31.6095156451,4.5441329290e-03
0,-0.3750000000,31.6395199314,4.1960380262e-03
0,-0.3750000000,31.6695242177,3.8596442304e-03
0,-0.3750000000,31.6995285041,3.5234372840e-03
0,-0.3750000000,31.7295327904,3.1987785782e-03
0,-0.3750000000,31.7595370767,2.9070484064e-03
0,-0.3750000000,31.7895413631,2.6623366444e-03
0,-0.3750000000,31.8195456494,2.4676148076e-03
0,-0.3750000000,31.8495499357,2.3191092405e-03
0,-0.3750000000,31.8795542220,2.2109207650e-03
0,-0.3750000000,31.9095585084,2.1375752527e-03
0,-0.3750000000,31.9395627947,2.0950234297e-03
0,-0.3750000000,31.9695670810,2.0809107818e-03
0,-0.3750000000,31.9995713673,2.0946080551e-03
0,-0.3750000000,32.0295756537,2.1372126714e-03
0,-0.3750000000,32.0595799400,2.2115585584e-03
0,-0.3750000000,32.0895842263,2.3221190441e-03
0,-0.3750000000,32.1195885126,2.4744393228e-03
0,-0.3750000000,32.1495927990,2.6732646027e-03
0,-0.3750000000,32.1795970853,2.9178589488e-03
0,-0.3750000000,32.2096013716,3.1930498262e-03
0,-0.3750000000,32.2396056580,3.4585091087e-03
0,-0.3750000000,32.2696099443,3.6498405060e-03
0,-0.3750000000,32.2996142306,3.7096556892e-03
0,-0.3750000000,32.3296185169,3.6329836915e-03
0,-0.3750000000,32.3596228033,3.4727510156e-03
0,-0.3750000000,32.3896270896,3.2976272772e-03
0,-0.3750000000,32.4196313759,3.1554667561e-03
0,-0.3750000000,32.4496356622,3.0679859417e-03
0,-0.3750000000,32.4796399486,3.0410295066e-03
0,-0.3750000000,32.5096442349,3.0745209499e-03
0,-0.3750000000,32.5396485212,3.1681153845e-03
0,-0.3750000000,32.5696528075,3.3238031482e-03
0,-0.3750000000,32.5996570939,3.5471249631e-03
0,-0.3750000000,32.6296613802,3.8479553413e-03
0,-0.3750000000,32.6596656665,4.2412261401e-03
0,-0.3750000000,32.6896699529,4.7475283767e-03
0,-0.3750000000,32.7196742392,5.3929871214e-03
0,-0.3750000000,32.7496785255,6.2068737640e-03
0,-0.3750000000,32.7796828118,7.2141530145e-03
0,-0.3750000000,32.8096870982,8.4201644487e-03
0,-0.3750000000,32.8396913845,9.7904788755e-03
0,-0.3750000000,32.8696956708,1.1242066849e-02
0,-0.3750000000,32.8996999571,1.2662779052e-02
0,-0.3750000000,32.9297042435,1.3943609200e-02
0,-0.3750000000,32.9597085298,1.4985915919e-02
0,-0.3750000000,32.9897128161,1.5679260203e-02
0,-0.3750000000,33.0197171024,1.5877591384e-02
0,-0.3750000000,33.0497213888,1.5427523628e-02
0,-0.3750000000,33.0797256751,1.4304945081e-02
0,-0.3750000000,33.1097299614,1.2720175223e-02
0,-0.3750000000,33.1397342477,1.1005489148e-02
0,-0.3750000000,33.1697385341,9.4228063962e-03
0,-0.3750000000,33.1997428204,8.0943153215e-03
0,-0.3750000000,33.2297471067,7.0402044849e-03
0,-0.3750000000,33.2597513931,6.2336188544e-03
0,-0.3750000000,33.2897556794,5.6353801279e-03
0,-0.3750000000,33.3197599657,5.2100634087e-03
0,-0.3750000000,33.3497642520,4.9321497087e-03
0,-0.3750000000,33.3797685384,4.7871798538e-03
0,-0.3750000000,33.4097728247,4.7701175826e-03
0,-0.3750000000,33.4397771110,4.8823717739e-03
0,-0.3750000000,33.4697813973,5.1270433271e-03
0,-0.3750000000,33.4997856837,5.4991685198e-03
0,-0.3750000000,33.5297899700,5.9667672012e-03
0,-0.3750000000,33.5597942563,6.4452722237e-03
0,-0.3750000000,33.5897985426,6.7909325739e-03
0,-0.3750000000,33.6198028290,6.8576138853e-03
0,-0.3750000000,33.6498071153,6.6013066056e-03
0,-0.3750000000,33.6798114016,6.1141018717e-03
0,-0.3750000000,33.7098156880,5.5420773381e-03
0,-0.3750000000,33.7398199743,4.9961277472e-03
0,-0.3750000000,33.7698242606,4.5287537927e-03
0,-0.3750000000,33.7998285469,4.1520894462e-03
0,-0.3750000000,33.8298328333,3.8612551690e-03
0,-0.3750000000,33.8598371196,3.6483733764e-03
0,-0.3750000000,33.8898414059,3.5065432620e-03
0,-0.3750000000,33.9198456922,3.4296270779e-03
0,-0.3750000000,33.9498499786,3.4118671591e-03
0,-0.3750000000,33.9798542649,3.4475421589e-03
0,-0.3750000000,34.0098585512,3.5304610579e-03
0,-0.3750000000,34.0398628375,3.6541531501e-03
0,-0.3750000000,34.0698671239,3.8128100847e-03
0,-0.3750000000,34.0998714102,4.0012245429e-03
0,-0.3750000000,34.1298756965,4.2154903332e-03
0,-0.3750000000,34.1598799829,4.4592920907e-03
0,-0.3750000000,34.1898842692,4.7503903169e-03
0,-0.3750000000,34.2198885555,5.1168532034e-03
0,-0.3750000000,34.2498928418,5.5868068194e-03
0,-0.3750000000,34.2798971282,6.1807769697e-03
0,-0.3750000000,34.3099014145,6.9071161973e-03
0,-0.3750000000,34.3399057008,7.7614067236e-03
0,-0.3750000000,34.3699099871,8.7397721677e-03
0,-0.3750000000,34.3999142735,9.8680135418e-03
0,-0.3750000000,34.4299185598,1.1215145279e-02
0,-0.3750000000,34.4599228461,1.2860489480e-02
0,-0.3750000000,34.4899271324,1.4835338054e-02
0,-0.3750000000,34.5199314188,1.7084585701e-02
0,-0.3750000000,34.5499357051,1.9482540458e-02
0,-0.3750000000,34.5799399914,2.1881302899e-02
0,-0.3750000000,34.6099442778,2.4074078527e-02
0,-0.3750000000,34.6399485641,2.5656576895e-02
0,-0.3750000000,34.6699528504,2.6059630062e-02
0,-0.3750000000,34.6999571367,2.4947578839e-02
0,-0.3750000000,34.7299614231,2.2586226485e-02
0,-0.3750000000,34.7599657094,1.9660422846e-02
0,-0.3750000000,34.7899699957,1.6798551697e-02
0,-0.3750000000,34.8199742820,1.4337936687e-02
0,-0.3750000000,34.8499785684,1.2370044691e-02
0,-0.3750000000,34.8799828547,1.0857915692e-02
0,-0.3750000000,34.9099871410,9.7142917779e-03
0,-0.3750000000,34.9399914273,8.8354741293e-03
0,-0.3750000000,34.9699957137,8.1237778664e-03
0,-0.3750000000,35.0000000000,7.5146169235e-03
1,-0.2500000000,-35.0000000000,1.4126241195e-03
1,-0.2500000000,-34.9699957137,1.4266562102e-03
1,-0.2500000000,-34.9399914273,1.4637344367e-03
1,-0.2500000000,-34.9099871410,1.5272259280e-03
1,-0.2500000000,-34.8799828547,1.6195568920e-03
1,-0.2500000000,-34.8499785684,1.7434487029e-03
1,-0.2500000000,-34.8199742820,1.9043327193e-03
1,-0.2500000000,-34.7899699957,2.1119629101e-03
1,-0.2500000000,-34.7599657094,2.3799175033e-03
1,-0.2500000000,-34.7299614231,2.7238878959e-03
1,-0.2500000000,-34.6999571367,3.1592152376e-03
1,-0.2500000000,-34.6699528504,3.6955168362e-03
1,-0.2500000000,-34.6399485641,4.3243230244e-03
1,-0.2500000000,-34.6099442778,4.9975902325e-03
1,-0.2500000000,-34.5799399914,5.6104257657e-03
1,-0.2500000000,-34.5499357051,6.0283216675e-03
1,-0.2500000000,-34.5199314188,6.1787306397e-03
1,-0.2500000000,-34.4899271324,6.1219211153e-03
1,-0.2500000000,-34.4599228461,6.0018287668e-03
1,-0.2500000000,-34.4299185598,5.9357982650e-03
1,-0.2500000000,-34.3999142735,5.9534252609e-03
1,-0.2500000000,-34.3699099871,6.0022651616e-03
1,-0.2500000000,-34.3399057008,5.9927595345e-03
1,-0.2500000000,-34.3099014145,5.8490672800e-03
1,-0.2500000000,-34.2798971282,5.5408049909e-03
1,-0.2500000000,-34.2498928418,5.0998866245e-03
1,-0.2500000000,-34.2198885555,4.6097680322e-03
1,-0.2500000000,-34.1898842692,4.1592351949e-03
1,-0.2500000000,-34.1598799829,3.8051072768e-03
1,-0.2500000000,-34.1298756965,3.5701252428e-03
1,-0.2500000000,-34.0998714102,3.4586565197e-03
1,-0.2500000000,-34.0698671239,3.4706465090e-03
1,-0.2500000000,-34.0398628375,3.6069358817e-03
1,-0.2500000000,-34.0098585512,3.8654871779e-03
1,-0.2500000000,-33.9798542649,4.2285799116e-03
1,-0.2500000000,-33.9498499786,4.6413212570e-03
1,-0.2500000000,-33.9198456922,4.9942262424e-03
1,-0.2500000000,-33.8898414059,5.1470361783e-03
1,-0.2500000000,-33.8598371196,5.0144227813e-03
1,-0.2500000000,-33.8298328333,4.6368887175e-03
1,-0.2500000000,-33.7998285469,4.1410738401e-03
1,-0.2500000000,-33.7698242606,3.6428189317e-03
1,-0.2500000000,-33.7398199743,3.1993058281e-03
1,-0.2500000000,-33.7098156880,2.8205291409e-03
1,-0.2500000000,-33.6798114016,2.4984818898e-03
1,-0.2500000000,-33.6498071153,2.2257906116e-03
1,-0.2500000000,-33.6198028290,1.9996045178e-03
1,-0.2500000000,-33.5897985426,1.8190750932e-03
1,-0.2500000000,-33.5597942563,1.6829150674e-03
1,-0.2500000000,-33.5297899700,1.5888295084e-03
1,-0.2500000000,-33.4997856837,1.5339958801e-03
1,-0.2500000000,-33.4697813973,1.5151056529e-03
1,-0.2500000000,-33.4397771110,1.5271384306e-03
1,-0.2500000000,-33.4097728247,1.5613074854e-03
1,-0.2500000000,-33.3797685384,1.6047805639e-03
1,-0.2500000000,-33.3497642520,1.6453806891e-03
1,-0.2500000000,-33.3197599657,1.6775002447e-03
1,-0.2500000000,-33.2897556794,1.6988159258e-03
1,-0.2500000000,-33.2597513931,1.7001960210e-03
1,-0.2500000000,-33.2297471067,1.6661750251e-03
1,-0.2500000000,-33.1997428204,1.5897364886e-03
1,-0.2500000000,-33.1697385341,1.4810272426e-03
1,-0.2500000000,-33.1397342477,1.3586687413e-03
1,-0.2500000000,-33.1097299614,1.2387867217e-03
1,-0.2500000000,-33.0797256751,1.1320285372e-03
1,-0.2500000000,-33.0497213888,1.0440897656e-03
1,-0.2500000000,-33.0197171024,9.7666840096e-04
1,-0.2500000000,-32.9897128161,9.2882193656e-04
1,-0.2500000000,-32.9597085298,8.9801920755e-04
1,-0.2500000000,-32.9297042435,8.8022980848e-04
1,-0.2500000000,-32.8996999571,8.6943305456e-04
1,-0.2500000000,-32.8696956708,8.5819409073e-04
1,-0.2500000000,-32.8396913845,8.4086815032e-04
1,-0.2500000000,-32.8096870982,8.1718296177e-04
1,-0.2500000000,-32.7796828118,7.9142404633e-04
1,-0.2500000000,-32.7496785255,7.6799516156e-04
1,-0.2500000000,-32.7196742392,7.4845464839e-04
1,-0.2500000000,-32.6896699529,7.3190132534e-04
1,-0.2500000000,-32.6596656665,7.1722477155e-04
1,-0.2500000000,-32.6296613802,7.0476281371e-04
1,-0.2500000000,-32.5996570939,6.9595219174e-04
1,-0.2500000000,-32.5696528075,6.9213692350e-04
1,-0.2500000000,-32.5396485212,6.9409832758e-04
1,-0.2500000000,-32.5096442349,7.0230163847e-04
1,-0.2500000000,-32.4796399486,7.1721831138e-04
1,-0.2500000000,-32.4496356622,7.3944567557e-04
1,-0.2500000000,-32.4196313759,7.6967397062e-04
1,-0.2500000000,-32.3896270896,8.0859185804e-04
1,-0.2500000000,-32.3596228033,8.5683434659e-04
1,-0.2500000000,-32.3296185169,9.1497918078e-04
1,-0.2500000000,-32.2996142306,9.8300655358e-04
1,-0.2500000000,-32.2696099443,1.0583141354e-03
1,-0.2500000000,-32.2396056580,1.1330351767e-03
1,-0.2500000000,-32.2096013716,1.1943767742e-03
1,-0.2500000000,-32.1795970853,1.2314007562e-03
1,-0.2500000000,-32.1495927990,1.2434276111e-03
1,-0.2500000000,-32.1195885126,1.2400345822e-03
1,-0.2500000000,-32.0895842263,1.2340455887e-03
1,-0.2500000000,-32.0595799400,1.2363255618e-03
1,-0.2500000000,-32.0295756537,1.2542678349e-03
1,-0.2500000000,-31.9995713673,1.2922223790e-03
1,-0.2500000000,-31.9695670810,1.3528415675e-03
1,-0.2500000000,-31.9395627947,1.4384810345e-03
1,-0.2500000000,-31.9095585084,1.5521468587e-03
1,-0.2500000000,-31.8795542220,1.6979398949e-03
1,-0.2500000000,-31.8495499357,1.8810427471e-03
1,-0.2500000000,-31.8195456494,2.1072392843e-03
1,-0.2500000000,-31.7895413631,2.3822657408e-03
1,-0.2500000000,-31.7595370767,2.7124177726e-03
1,-0.2500000000,-31.7295327904,3.1084630046e-03
1,-0.2500000000,-31.6995285041,3.5911737257e-03
1,-0.2500000000,-31.6695242177,4.1911936565e-03
1,-0.2500000000,-31.6395199314,4.9389303371e-03
1,-0.2500000000,-31.6095156451,5.8463393302e-03
1,-0.2500000000,-31.5795113588,6.8819108311e-03
1,-0.2500000000,-31.5495070724,7.9444350981e-03
1,-0.2500000000,-31.5195027861,8.8530076061e-03
1,-0.2500000000,-31.4894984998,9.3757625251e-03
1,-0.2500000000,-31.4594942135,9.3244393709e-03
1,-0.2500000000,-31.4294899271,8.6922101748e-03
1,-0.2500000000,-31.3994856408,7.6825420612e-03
1,-0.2500000000,-31.3694813545,6.5650065093e-03
1,-0.2500000000,-31.3394770682,5.5298016297e-03
1,-0.2500000000,-31.3094727818,4.6582412397e-03
1,-0.2500000000,-31.2794684955,3.9609800042e-03
1,-0.2500000000,-31.2494642092,3.4183883494e-03
1,-0.2500000000,-31.2194599228,3.0035766924e-03
1,-0.2500000000,-31.1894556365,2.6920055217e-03
1,-0.2500000000,-31.1594513502,2.4643495738e-03
1,-0.2500000000,-31.1294470639,2.3067026872e-03
1,-0.2500000000,-31.0994427775,2.2099747910e-03
1,-0.2500000000,-31.0694384912,2.1690260482e-03
1,-0.2500000000,-31.0394342049,2.1814205439e-03
1,-0.2500000000,-31.0094299186,2.2454893021e-03
1,-0.2500000000,-30.9794256322,2.3575247383e-03
1,-0.2500000000,-30.9494213459,2.5088556346e-03
1,-0.2500000000,-30.9194170596,2.6858259231e-03
1,-0.2500000000,-30.8894127733,2.8757115454e-03
1,-0.2500000000,-30.8594084869,3.0715905534e-03
1,-0.2500000000,-30.8294042006,3.2617062141e-03
1,-0.2500000000,-30.7993999143,3.4110783351e-03
1,-0.2500000000,-30.7693956279,3.4679814725e-03
1,-0.2500000000,-30.7393913416,3.4048002033e-03
1,-0.2500000000,-30.7093870553,3.2476750665e-03
1,-0.2500000000,-30.6793827690,3.0520463021e-03
1,-0.2500000000,-30.6493784826,2.8556705005e-03
1,-0.2500000000,-30.6193741963,2.6619609733e-03
1,-0.2500000000,-30.5893699100,2.4598698764e-03
1,-0.2500000000,-30.5593656237,2.2504057495e-03
1,-0.2500000000,-30.5293613373,2.0504220029e-03
1,-0.2500000000,-30.4993570510,1.8782517138e-03
1,-0.2500000000,-30.4693527647,1.7438456950e-03
1,-0.2500000000,-30.4393484784,1.6492932124e-03
1,-0.2500000000,-30.4093441920,1.5929893976e-03
1,-0.2500000000,-30.3793399057,1.5728458758e-03
1,-0.2500000000,-30.3493356194,1.5878884735e-03
1,-0.2500000000,-30.3193313330,1.6388003469e-03
1,-0.2500000000,-30.2893270467,1.7277677612e-03
1,-0.2500000000,-30.2593227604,1.8574606210e-03
1,-0.2500000000,-30.2293184741,2.0285106681e-03
1,-0.2500000000,-30.1993141877,2.2350678313e-03
1,-0.2500000000,-30.1693099014,2.4606330279e-03
1,-0.2500000000,-30.1393056151,2.6818824776e-03
1,-0.2500000000,-30.1093013288,2.8867246029e-03
1,-0.2500000000,-30.0792970424,3.0919694588e-03
1,-0.2500000000,-30.0492927561,3.3351220898e-03
1,-0.2500000000,-30.0192884698,3.6446459152e-03
1,-0.2500000000,-29.9892841835,4.0117427262e-03
1,-0.2500000000,-29.9592798971,4.3745113926e-03
1,-0.2500000000,-29.9292756108,4.6300323605e-03
1,-0.2500000000,-29.8992713245,4.6934508484e-03
1,-0.2500000000,-29.8692670381,4.5640581053e-03
1,-0.2500000000,-29.8392627518,4.3171510158e-03
1,-0.2500000000,-29.8092584655,4.0359444477e-03
1,-0.2500000000,-29.7792541792,3.7645129820e-03
1,-0.2500000000,-29.7492498928,3.5026710083e-03
1,-0.2500000000,-29.7192456065,3.2265098728e-03
1,-0.2500000000,-29.6892413202,2.9206443887e-03
1,-0.2500000000,-29.6592370339,2.5974639253e-03
1,-0.2500000000,-29.6292327475,2.2862351119e-03
1,-0.2500000000,-29.5992284612,2.0108537102e-03
1,-0.2500000000,-29.5692241749,1.7809885434e-03
1,-0.2500000000,-29.5392198886,1.5960396796e-03
1,-0.2500000000,-29.5092156022,1.4511132274e-03
1,-0.2500000000,-29.4792113159,1.3403698815e-03
1,-0.2500000000,-29.4492070296,1.2582313004e-03
1,-0.2500000000,-29.4192027432,1.1995319853e-03
1,-0.2500000000,-29.3891984569,1.1592803760e-03
1,-0.2500000000,-29.3591941706,1.1328433061e-03
1,-0.2500000000,-29.3291898843,1.1172404086e-03
1,-0.2500000000,-29.2991855979,1.1126046204e-03
1,-0.2500000000,-29.2691813116,1.1218402502e-03
1,-0.2500000000,-29.2391770253,1.1487872204e-03
1,-0.2500000000,-29.2091727390,1.1967356628e-03
1,-0.2500000000,-29.1791684526,1.2674834643e-03
1,-0.2500000000,-29.1491641663,1.3599491332e-03
1,-0.2500000000,-29.1191598800,1.4682486499e-03
1,-0.2500000000,-29.0891555937,1.5810097357e-03
1,-0.2500000000,-29.0591513073,1.6842784060e-03
1,-0.2500000000,-29.0291470210,1.7683424249e-03
1,-0.2500000000,-28.9991427347,1.8351814349e-03
1,-0.2500000000,-28.9691384483,1.8977158561e-03
1,-0.2500000000,-28.9391341620,1.9660469423e-03
1,-0.2500000000,-28.9091298757,2.0327442279e-03
1,-0.2500000000,-28.8791255894,2.0737929757e-03
1,-0.2500000000,-28.8491213030,2.0692640103e-03
1,-0.2500000000,-28.8191170167,2.0255286767e-03
1,-0.2500000000,-28.7891127304,1.9728863530e-03
1,-0.2500000000,-28.7591084441,1.9428637981e-03
1,-0.2500000000,-28.7291041577,1.9500166353e-03
1,-0.2500000000,-28.6990998714,1.9854056599e-03
1,-0.2500000000,-28.6690955851,2.0172151031e-03
1,-0.2500000000,-28.6390912988,2.0030200118e-03
1,-0.2500000000,-28.6090870124,1.9173112645e-03
1,-0.2500000000,-28.5790827261,1.7714343811e-03
1,-0.2500000000,-28.5490784398,1.6009515815e-03
1,-0.2500000000,-28.5190741535,1.4385481903e-03
1,-0.2500000000,-28.4890698671,1.3015668421e-03
1,-0.2500000000,-28.4590655808,1.1948015039e-03
1,-0.2500000000,-28.4290612945,1.1170130182e-03
1,-0.2500000000,-28.3990570081,1.0653459849e-03
1,-0.2500000000,-28.3690527218,1.0372289246e-03
1,-0.2500000000,-28.3390484355,1.0309516289e-03
1,-0.2500000000,-28.3090441492,1.0458966071e-03
1,-0.2500000000,-28.2790398628,1.0826261816e-03
1,-0.2500000000,-28.2490355765,1.1422086184e-03
1,-0.2500000000,-28.2190312902,1.2239085578e-03
1,-0.2500000000,-28.1890270039,1.3208912892e-03
1,-0.2500000000,-28.1590227175,1.4152736855e-03
1,-0.2500000000,-28.1290184312,1.4783814110e-03
1,-0.2500000000,-28.0990141449,1.4843257644e-03
1,-0.2500000000,-28.0690098586,1.4302638706e-03
1,-0.2500000000,-28.0390055722,1.3390906104e-03
1,-0.2500000000,-28.0090012859,1.2408458668e-03
1,-0.2500000000,-27.9789969996,1.1565384972e-03
1,-0.2500000000,-27.9489927132,1.0958012406e-03
1,-0.2500000000,-27.9189884269,1.0613996783e-03
1,-0.2500000000,-27.8889841406,1.0535190336e-03
1,-0.2500000000,-27.8589798543,1.0719456926e-03
1,-0.2500000000,-27.8289755679,1.1163629752e-03
1,-0.2500000000,-27.7989712816,1.1848771118e-03
1,-0.2500000000,-27.7689669953,1.2705301142e-03
1,-0.2500000000,-27.7389627090,1.3567036473e-03
1,-0.2500000000,-27.7089584226,1.4165799453e-03
1,-0.2500000000,-27.6789541363,1.4246597423e-03
1,-0.2500000000,-27.6489498500,1.3758922482e-03
1,-0.2500000000,-27.6189455637,1.2900376794e-03
1,-0.2500000000,-27.5889412773,1.1951189027e-03
1,-0.2500000000,-27.5589369910,1.1113856866e-03
1,-0.2500000000,-27.5289327047,1.0481932195e-03
1,-0.2500000000,-27.4989284183,1.0079485462e-03
1,-0.2500000000,-27.4689241320,9.9011136934e-04
1,-0.2500000000,-27.4389198457,9.9315348237e-04
1,-0.2500000000,-27.4089155594,1.0146653135e-03
1,-0.2500000000,-27.3789112730,1.0501629894e-03
1,-0.2500000000,-27.3489069867,1.0916206829e-03
1,-0.2500000000,-27.3189027004,1.1276296401e-03
1,-0.2500000000,-27.2888984141,1.1464309223e-03
1,-0.2500000000,-27.2588941277,1.1407890078e-03
1,-0.2500000000,-27.2288898414,1.1124303039e-03
1,-0.2500000000,-27.1988855551,1.0718569292e-03
1,-0.2500000000,-27.1688812688,1.0319859576e-03
1,-0.2500000000,-27.1388769824,1.0020441027e-03
1,-0.2500000000,-27.1088726961,9.8643738788e-04
1,-0.2500000000,-27.0788684098,9.8661324808e-04
1,-0.2500000000,-27.0488641234,1.0030333454e-03
1,-0.2500000000,-27.0188598371,1.0363642622e-03
1,-0.2500000000,-26.9888555508,1.0880540225e-03
1,-0.2500000000,-26.9588512645,1.1605661202e-03
1,-0.2500000000,-26.9288469781,1.2573633913e-03
1,-0.2500000000,-26.8988426918,1.3825481592e-03
1,-0.2500000000,-26.8688384055,1.5399965101e-03
1,-0.2500000000,-26.8388341192,1.7319795758e-03
1,-0.2500000000,-26.8088298328,1.9571174929e-03
1,-0.2500000000,-26.7788255465,2.2057952464e-03
1,-0.2500000000,-26.7488212602,2.4510350807e-03
1,-0.2500000000,-26.7188169739,2.6431160705e-03
1,-0.2500000000,-26.6888126875,2.7277098312e-03
1,-0.2500000000,-26.6588084012,2.6844727336e-03
1,-0.2500000000,-26.6288041149,2.5407363136e-03
1,-0.2500000000,-26.5987998285,2.3426603584e-03
1,-0.2500000000,-26.5687955422,2.1277081537e-03
1,-0.2500000000,-26.5387912559,1.9215230607e-03
1,-0.2500000000,-26.5087869696,1.7408863790e-03
1,-0.2500000000,-26.4787826832,1.5935430579e-03
1,-0.2500000000,-26.4487783969,1.4794852024e-03
1,-0.2500000000,-26.4187741106,1.3944380812e-03
1,-0.2500000000,-26.3887698243,1.3332369994e-03
1,-0.2500000000,-26.3587655379,1.2917770809e-03
1,-0.2500000000,-26.3287612516,1.2673527229e-03
1,-0.2500000000,-26.2987569653,1.2581857649e-03
1,-0.2500000000,-26.2687526790,1.2630419315e-03
1,-0.2500000000,-26.2387483926,1.2811011989e-03
1,-0.2500000000,-26.2087441063,1.3118516579e-03
1,-0.2500000000,-26.1787398200,1.3548113544e-03
1,-0.2500000000,-26.1487355336,1.4090084210e-03
1,-0.2500000000,-26.1187312473,1.4724541538e-03
1,-0.2500000000,-26.0887269610,1.5424163320e-03
1,-0.2500000000,-26.0587226747,1.6171309157e-03
1,-0.2500000000,-26.0287183883,1.6975455520e-03
1,-0.2500000000,-25.9987141020,1.7870289339e-03
1,-0.2500000000,-25.9687098157,1.8901838812e-03
1,-0.2500000000,-25.9387055294,2.0125968087e-03
1,-0.2500000000,-25.9087012430,2.1608162256e-03
1,-0.2500000000,-25.8786969567,2.3421158427e-03
1,-0.2500000000,-25.8486926704,2.5647385121e-03
1,-0.2500000000,-25.8186883841,2.8387350437e-03
1,-0.2500000000,-25.7886840977,3.1769946378e-03
1,-0.2500000000,-25.7586798114,3.5961353512e-03
1,-0.2500000000,-25.7286755251,4.1168243990e-03
1,-0.2500000000,-25.6986712387,4.7624185378e-03
1,-0.2500000000,-25.6686669524,5.5533256964e-03
1,-0.2500000000,-25.6386626661,6.4924161307e-03
1,-0.2500000000,-25.6086583798,7.5373074310e-03
1,-0.2500000000,-25.5786540934,8.5689612000e-03
1,-0.2500000000,-25.5486498071,9.4013147663e-03
1,-0.2500000000,-25.5186455208,9.8850019340e-03
1,-0.2500000000,-25.4886412345,1.0042766992e-02
1,-0.2500000000,-25.4586369481,1.0069444838e-02
1,-0.2500000000,-25.4286326618,1.0197108605e-02
1,-0.2500000000,-25.3986283755,1.0593249299e-02
1,-0.2500000000,-25.3686240892,1.1354433355e-02
1,-0.2500000000,-25.3386198028,1.2537312738e-02
1,-0.2500000000,-25.3086155165,1.4168262410e-02
1,-0.2500000000,-25.2786112302,1.6210804603e-02
1,-0.2500000000,-25.2486069438,1.8490493531e-02
1,-0.2500000000,-25.2186026575,2.0596546221e-02
1,-0.2500000000,-25.1885983712,2.1884679099e-02
1,-0.2500000000,-25.1585940849,2.1780220490e-02
1,-0.2500000000,-25.1285897985,2.0234740454e-02
1,-0.2500000000,-25.0985855122,1.7775829999e-02
1,-0.2500000000,-25.0685812259,1.5076010034e-02
1,-0.2500000000,-25.0385769396,1.2587533373e-02
1,-0.2500000000,-25.0085726532,1.0493740463e-02
1,-0.2500000000,-24.9785683669,8.8128099717e-03
1,-0.2500000000,-24.9485640806,7.4951289820e-03
1,-0.2500000000,-24.9185597943,6.4762590240e-03
1,-0.2500000000,-24.8885555079,5.6982552599e-03
1,-0.2500000000,-24.8585512216,5.1153405190e-03
1,-0.2500000000,-24.8285469353,4.6928123786e-03
1,-0.2500000000,-24.7985426489,4.4024176272e-03
1,-0.2500000000,-24.7685383626,4.2145480565e-03
1,-0.2500000000,-24.7385340763,4.0882642676e-03
1,-0.2500000000,-24.7085297900,3.9666313479e-03
1,-0.2500000000,-24.6785255036,3.7918270407e-03
1,-0.2500000000,-24.6485212173,3.5381881270e-03
1,-0.2500000000,-24.6185169310,3.2265330232e-03
1,-0.2500000000,-24.5885126447,2.8999272172e-03
1,-0.2500000000,-24.5585083583,2.5934570864e-03
1,-0.2500000000,-24.5285040720,2.3244279559e-03
1,-0.2500000000,-24.4984997857,2.0965587319e-03
1,-0.2500000000,-24.4684954994,1.9065587973e-03
1,-0.2500000000,-24.4384912130,1.7487208040e-03
1,-0.2500000000,-24.4084869267,1.6172592795e-03
1,-0.2500000000,-24.3784826404,1.5071996520e-03
1,-0.2500000000,-24.3484783541,1.4145608755e-03
1,-0.2500000000,-24.3184740677,1.3362667089e-03
1,-0.2500000000,-24.2884697814,1.2699839496e-03
1,-0.2500000000,-24.2584654951,1.2139574346e-03
1,-0.2500000000,-24.2284612087,1.1668510599e-03
1,-0.2500000000,-24.1984569224,1.1275827175e-03
1,-0.2500000000,-24.1684526361,1.0951673753e-03
1,-0.2500000000,-24.1384483498,1.0686794033e-03
1,-0.2500000000,-24.1084440634,1.0474931918e-03
1,-0.2500000000,-24.0784397771,1.0316450339e-03
1,-0.2500000000,-24.0484354908,1.0217395437e-03
1,-0.2500000000,-24.0184312045,1.0181701791e-03
1,-0.2500000000,-23.9884269181,1.0199914935e-03
1,-0.2500000000,-23.9584226318,1.0237921110e-03
1,-0.2500000000,-23.9284183455,1.0234197975e-03
1,-0.2500000000,-23.8984140592,1.0123126010e-03
1,-0.2500000000,-23.8684097728,9.8813055128e-04
1,-0.2500000000,-23.8384054865,9.5471892310e-04
1,-0.2500000000,-23.8084012002,9.1868425740e-04
1,-0.2500000000,-23.7783969138,8.8514239769e-04
1,-0.2500000000,-23.7483926275,8.5647440104e-04
1,-0.2500000000,-23.7183883412,8.3314662638e-04
1,-0.2500000000,-23.6883840549,8.1475774563e-04
1,-0.2500000000,-23.6583797685,8.0067087055e-04
1,-0.2500000000,-23.6283754822,7.9028938669e-04
1,-0.2500000000,-23.5983711959,7.8314639382e-04
1,-0.2500000000,-23.5683669096,7.7891802954e-04
1,-0.2500000000,-23.5383626232,7.7741312180e-04
1,-0.2500000000,-23.5083583369,7.7856048148e-04
1,-0.2500000000,-23.4783540506,7.8240158183e-04
1,-0.2500000000,-23.4483497643,7.8909132282e-04
1,-0.2500000000,-23.4183454779,7.9890819986e-04
1,-0.2500000000,-23.3883411916,8.1227533332e-04
1,-0.2500000000,-23.3583369053,8.2979457268e-04
1,-0.2500000000,-23.3283326189,8.5229681171e-04
1,-0.2500000000,-23.2983283326,8.8091217821e-04
1,-0.2500000000,-23.2683240463,9.1716253906e-04
1,-0.2500000000,-23.2383197600,9.6307225680e-04
1,-0.2500000000,-23.2083154736,1.0212725533e-03
1,-0.2500000000,-23.1783111873,1.0950200190e-03
1,-0.2500000000,-23.1483069010,1.1879209947e-03
1,-0.2500000000,-23.1183026147,1.3028990444e-03
1,-0.2500000000,-23.0882983283,1.4396065784e-03
1,-0.2500000000,-23.0582940420,1.5896133451e-03
1,-0.2500000000,-23.0282897557,1.7309412128e-03
1,-0.2500000000,-22.9982854694,1.8288825547e-03
1,-0.2500000000,-22.9682811830,1.8515925467e-03
1,-0.2500000000,-22.9382768967,1.7933498019e-03
1,-0.2500000000,-22.9082726104,1.6798460980e-03
1,-0.2500000000,-22.8782683240,1.5480483472e-03
1,-0.2500000000,-22.8482640377,1.4251885788e-03
1,-0.2500000000,-22.8182597514,1.3236518423e-03
1,-0.2500000000,-22.7882554651,1.2457970351e-03
1,-0.2500000000,-22.7582511787,1.1895141840e-03
1,-0.2500000000,-22.7282468924,1.1514892580e-03
1,-0.2500000000,-22.6982426061,1.1285722136e-03
1,-0.2500000000,-22.6682383198,1.1181325692e-03
1,-0.2500000000,-22.6382340334,1.1179747431e-03
1,-0.2500000000,-22.6082297471,1.1261759358e-03
1,-0.2500000000,-22.5782254608,1.1411832868e-03
1,-0.2500000000,-22.5482211745,1.1622697822e-03
1,-0.2500000000,-22.5182168881,1.1898350655e-03
1,-0.2500000000,-22.4882126018,1.2250788314e-03
1,-0.2500000000,-22.4582083155,1.2694722842e-03
1,-0.2500000000,-22.4282040291,1.3245850407e-03
1,-0.2500000000,-22.3981997428,1.3922410510e-03
1,-0.2500000000,-22.3681954565,1.4747786444e-03
1,-0.2500000000,-22.3381911702,1.5753234026e-03
1,-0.2500000000,-22.3081868838,1.6980851804e-03
1,-0.2500000000,-22.2781825975,1.8487070651e-03
1,-0.2500000000,-22.2481783112,2.0346619287e-03
1,-0.2500000000,-22.2181740249,2.2656033159e-03
1,-0.2500000000,-22.1881697385,2.5533580694e-03
1,-0.2500000000,-22.1581654522,2.9107427810e-03
1,-0.2500000000,-22.1281611659,3.3473954435e-03
1,-0.2500000000,-22.0981568796,3.8595447753e-03
1,-0.2500000000,-22.0681525932,4.4114755140e-03
1,-0.2500000000,-22.0381483069,4.9165777657e-03
1,-0.2500000000,-22.0081440206,5.2488146481e-03
1,-0.2500000000,-21.9781397342,5.3140777892e-03
1,-0.2500000000,-21.9481354479,5.1301524761e-03
1,-0.2500000000,-21.9181311616,4.8133740284e-03
1,-0.2500000000,-21.8881268753,4.4910005710e-03
1,-0.2500000000,-21.8581225889,4.2441067885e-03
1,-0.2500000000,-21.8281183026,4.1076104084e-03
1,-0.2500000000,-21.7981140163,4.0912365249e-03
1,-0.2500000000,-21.7681097300,4.1959500658e-03
1,-0.2500000000,-21.7381054436,4.4209123050e-03
1,-0.2500000000,-21.7081011573,4.7624795090e-03
1,-0.2500000000,-21.6780968710,5.2069980855e-03
1,-0.2500000000,-21.6480925847,5.7225217523e-03
1,-0.2500000000,-21.6180882983,6.2645162403e-03
1,-0.2500000000,-21.5880840120,6.8100412021e-03
1,-0.2500000000,-21.5580797257,7.3966627117e-03
1,-0.2500000000,-21.5280754393,8.1157717812e-03
1,-0.2500000000,-21.4980711530,9.0640101818e-03
1,-0.2500000000,-21.4680668667,1.0295804567e-02
1,-0.2500000000,-21.4380625804,1.1783183831e-02
1,-0.2500000000,-21.4080582940,1.3374392917e-02
1,-0.2500000000,-21.3780540077,1.4796289072e-02
1,-0.2500000000,-21.3480497214,1.5780199297e-02
1,-0.2500000000,-21.3180454351,1.6242987569e-02
1,-0.2500000000,-21.2880411487,1.6273223082e-02
1,-0.2500000000,-21.2580368624,1.5914233243e-02
1,-0.2500000000,-21.2280325761,1.5078869735e-02
1,-0.2500000000,-21.1980282898,1.3729059384e-02
1,-0.2500000000,-21.1680240034,1.2033344076e-02
1,-0.2500000000,-21.1380197171,1.0273255980e-02
1,-0.2500000000,-21.1080154308,8.6667835463e-03
1,-0.2500000000,-21.0780111444,7.3085203928e-03
1,-0.2500000000,-21.0480068581,6.2052096009e-03
1,-0.2500000000,-21.0180025718,5.3243395964e-03
1,-0.2500000000,-20.9879982855,4.6238285835e-03
1,-0.2500000000,-20.9579939991,4.0648450926e-03
1,-0.2500000000,-20.9279897128,3.6157745367e-03
1,-0.2500000000,-20.8979854265,3.2523526995e-03
1,-0.2500000000,-20.8679811402,2.9563143842e-03
1,-0.2500000000,-20.8379768538,2.7138374360e-03
1,-0.2500000000,-20.8079725675,2.5143551675e-03
1,-0.2500000000,-20.7779682812,2.3497440905e-03
1,-0.2500000000,-20.7479639949,2.2137440179e-03
1,-0.2500000000,-20.7179597085,2.1015227709e-03
1,-0.2500000000,-20.6879554222,2.0093460795e-03
1,-0.2500000000,-20.6579511359,1.9343294741e-03
1,-0.2500000000,-20.6279468495,1.8742538818e-03
1,-0.2500000000,-20.5979425632,1.8274299571e-03
1,-0.2500000000,-20.5679382769,1.7925994853e-03
1,-0.2500000000,-20.5379339906,1.7688652123e-03
1,-0.2500000000,-20.5079297042,1.7556429802e-03
1,-0.2500000000,-20.4779254179,1.7526320644e-03
1,-0.2500000000,-20.4479211316,1.7598012425e-03
1,-0.2500000000,-20.4179168453,1.7773895068e-03
1,-0.2500000000,-20.3879125589,1.8059216069e-03
1,-0.2500000000,-20.3579082726,1.8462399231e-03
1,-0.2500000000,-20.3279039863,1.8995556659e-03
1,-0.2500000000,-20.2978997000,1.9675242597e-03
1,-0.2500000000,-20.2678954136,2.0523521904e-03
1,-0.2500000000,-20.2378911273,2.1569458410e-03
1,-0.2500000000,-20.2078868410,2.2851171208e-03
1,-0.2500000000,-20.1778825547,2.4418661196e-03
1,-0.2500000000,-20.1478782683,2.6337670379e-03
1,-0.2500000000,-20.1178739820,2.8694879206e-03
1,-0.2500000000,-20.0878696957,3.1604699153e-03
1,-0.2500000000,-20.0578654093,3.5217578866e-03
1,-0.2500000000,-20.0278611230,3.9728608067e-03
1,-0.2500000000,-19.9978568367,4.5382104505e-03
1,-0.2500000000,-19.9678525504,5.2460453367e-03
1,-0.2500000000,-19.9378482640,6.1230460258e-03
1,-0.2500000000,-19.9078439777,7.1799301875e-03
1,-0.2500000000,-19.8778396914,8.3833888857e-03
1,-0.2500000000,-19.8478354051,9.6218648488e-03
1,-0.2500000000,-19.8178311187,1.0706181843e-02
1,-0.2500000000,-19.7878268324,1.1463920568e-02
1,-0.2500000000,-19.7578225461,1.1889087415e-02
1,-0.2500000000,-19.7278182598,1.2168482550e-02
1,-0.2500000000,-19.6978139734,1.2523071111e-02
1,-0.2500000000,-19.6678096871,1.3025530912e-02
1,-0.2500000000,-19.6378054008,1.3517761255e-02
1,-0.2500000000,-19.6078011144,1.3664306410e-02
1,-0.2500000000,-19.5777968281,1.3171481108e-02
1,-0.2500000000,-19.5477925418,1.2034443986e-02
1,-0.2500000000,-19.5177882555,1.0530131057e-02
1,-0.2500000000,-19.4877839691,8.9831655980e-03
1,-0.2500000000,-19.4577796828,7.5966319383e-03
1,-0.2500000000,-19.4277753965,6.4419409290e-03
1,-0.2500000000,-19.3977711102,5.5133381695e-03
1,-0.2500000000,-19.3677668238,4.7740556499e-03
1,-0.2500000000,-19.3377625375,4.1813426979e-03
1,-0.2500000000,-19.3077582512,3.6986774222e-03
1,-0.2500000000,-19.2777539649,3.3004451549e-03
1,-0.2500000000,-19.2477496785,2.9701934466e-03
1,-0.2500000000,-19.2177453922,2.6962241316e-03
1,-0.2500000000,-19.1877411059,2.4688185591e-03
1,-0.2500000000,-19.1577368195,2.2795477080e-03
1,-0.2500000000,-19.1277325332,2.1213042017e-03
1,-0.2500000000,-19.0977282469,1.9882961528e-03
1,-0.2500000000,-19.0677239606,1.8759020746e-03
1,-0.2500000000,-19.0377196742,1.7804668987e-03
1,-0.2500000000,-19.0077153879,1.6991028446e-03
1,-0.2500000000,-18.9777111016,1.6295209198e-03
1,-0.2500000000,-18.9477068153,1.5698972486e-03
1,-0.2500000000,-18.9177025289,1.5187700805e-03
1,-0.2500000000,-18.8876982426,1.4749613592e-03
1,-0.2500000000,-18.8576939563,1.4375171687e-03
1,-0.2500000000,-18.8276896700,1.4056624510e-03
1,-0.2500000000,-18.7976853836,1.3787664765e-03
1,-0.2500000000,-18.7676810973,1.3563164455e-03
1,-0.2500000000,-18.7376768110,1.3378972937e-03
1,-0.2500000000,-18.7076725246,1.3231762957e-03
1,-0.2500000000,-18.6776682383,1.3118914449e-03
1,-0.2500000000,-18.6476639520,1.3038428825e-03
1,-0.2500000000,-18.6176596657,1.2988868671e-03
1,-0.2500000000,-18.5876553793,1.2969319587e-03
1,-0.2500000000,-18.5576510930,1.2979372343e-03
1,-0.2500000000,-18.5276468067,1.3019124921e-03
1,-0.2500000000,-18.4976425204,1.3089205365e-03
1,-0.2500000000,-18.4676382340,1.3190817833e-03
1,-0.2500000000,-18.4376339477,1.3325816049e-03
1,-0.2500000000,-18.4076296614,1.3496810605e-03
1,-0.2500000000,-18.3776253751,1.3707319603e-03
1,-0.2500000000,-18.3476210887,1.3961976247e-03
1,-0.2500000000,-18.3176168024,1.4266812747e-03
1,-0.2500000000,-18.2876125161,1.4629647956e-03
1,-0.2500000000,-18.2576082297,1.5060617345e-03
1,-0.2500000000,-18.2276039434,1.5572899362e-03
1,-0.2500000000,-18.1975996571,1.6183712474e-03
1,-0.2500000000,-18.1675953708,1.6915681710e-03
1,-0.2500000000,-18.1375910844,1.7798696622e-03
1,-0.2500000000,-18.1075867981,1.8872385072e-03
1,-0.2500000000,-18.0775825118,2.0189253808e-03
1,-0.2500000000,-18.0475782255,2.1818251998e-03
1,-0.2500000000,-18.0175739391,2.3847640511e-03
1,-0.2500000000,-17.9875696528,2.6383794047e-03
1,-0.2500000000,-17.9575653665,2.9537405467e-03
1,-0.2500000000,-17.9275610802,3.3378853759e-03
1,-0.2500000000,-17.8975567938,3.7833811970e-03
1,-0.2500000000,-17.8675525075,4.2505914607e-03
1,-0.2500000000,-17.8375482212,4.6525763867e-03
1,-0.2500000000,-17.8075439348,4.8732721227e-03
1,-0.2500000000,-17.7775396485,4.8382399038e-03
1,-0.2500000000,-17.7475353622,4.5774568262e-03
1,-0.2500000000,-17.7175310759,4.1980570789e-03
1,-0.2500000000,-17.6875267895,3.8056104064e-03
1,-0.2500000000,-17.6575225032,3.4615001129e-03
1,-0.2500000000,-17.6275182169,3.1867871085e-03
1,-0.2500000000,-17.5975139306,2.9804595468e-03
1,-0.2500000000,-17.5675096442,2.8332998967e-03
1,-0.2500000000,-17.5375053579,2.7348716526e-03
1,-0.2500000000,-17.5075010716,2.6761550019e-03
1,-0.2500000000,-17.4774967853,2.6501520761e-03
1,-0.2500000000,-17.4474924989,2.6517494657e-03
1,-0.2500000000,-17.4174882126,2.6773992524e-03
1,-0.2500000000,-17.3874839263,2.7248128447e-03
1,-0.2500000000,-17.3574796399,2.7927192511e-03
1,-0.2500000000,-17.3274753536,2.8806936703e-03
1,-0.2500000000,-17.2974710673,2.9890493940e-03
1,-0.2500000000,-17.2674667810,3.1187841919e-03
1,-0.2500000000,-17.2374624946,3.2715744890e-03
1,-0.2500000000,-17.2074582083,3.4498141306e-03
1,-0.2500000000,-17.1774539220,3.6566984362e-03
1,-0.2500000000,-17.1474496357,3.8963584637e-03
1,-0.2500000000,-17.1174453493,4.1740552092e-03
1,-0.2500000000,-17.0874410630,4.4964493507e-03
1,-0.2500000000,-17.0574367767,4.8719698116e-03
1,-0.2500000000,-17.0274324904,5.3113147917e-03
1,-0.2500000000,-16.9974282040,5.8281332352e-03
1,-0.2500000000,-16.9674239177,6.4399544871e-03
1,-0.2500000000,-16.9374196314,7.1694608027e-03
1,-0.2500000000,-16.9074153450,8.0462323548e-03
1,-0.2500000000,-16.8774110587,9.1091352588e-03
1,-0.2500000000,-16.8474067724,1.0409557769e-02
1,-0.2500000000,-16.8174024861,1.2015688470e-02
1,-0.2500000000,-16.7873981997,1.4017861367e-02
1,-0.2500000000,-16.7573939134,1.6534377005e-02
1,-0.2500000000,-16.7273896271,1.9715445867e-02
1,-0.2500000000,-16.6973853408,2.3738453176e-02
1,-0.2500000000,-16.6673810544,2.8777874683e-02
1,-0.2500000000,-16.6373767681,3.4915714161e-02
1,-0.2500000000,-16.6073724818,4.1943716660e-02
1,-0.2500000000,-16.5773681955,4.9055863958e-02
1,-0.2500000000,-16.5473639091,5.4661230021e-02
1,-0.2500000000,-16.5173596228,5.6868430058e-02
1,-0.2500000000,-16.4873553365,5.4767414619e-02
1,-0.2500000000,-16.4573510502,4.9231676405e-02
1,-0.2500000000,-16.4273467638,4.2146525495e-02
1,-0.2500000000,-16.3973424775,3.5119127438e-02
1,-0.2500000000,-16.3673381912,2.8973009926e-02
1,-0.2500000000,-16.3373339048,2.3926719496e-02
1,-0.2500000000,-16.3073296185,1.9902268693e-02
1,-0.2500000000,-16.2773253322,1.6725358808e-02
1,-0.2500000000,-16.2473210459,1.4216180398e-02
1,-0.2500000000,-16.2173167595,1.2220151909e-02
1,-0.2500000000,-16.1873124732,1.0614381728e-02
1,-0.2500000000,-16.1573081869,9.3066398932e-03
1,-0.2500000000,-16.1273039006,8.2307037358e-03
1,-0.2500000000,-16.0972996142,7.3388814220e-03
1,-0.2500000000,-16.0672953279,6.5951401043e-03
1,-0.2500000000,-16.0372910416,5.9711134480e-03
1,-0.2500000000,-16.0072867553,5.4441972129e-03
1,-0.2500000000,-15.9772824689,4.9964193969e-03
1,-0.2500000000,-15.9472781826,4.6135327882e-03
1,-0.2500000000,-15.9172738963,4.2842367378e-03
1,-0.2500000000,-15.8872696099,3.9995347302e-03
1,-0.2500000000,-15.8572653236,3.7522248309e-03
1,-0.2500000000,-15.8272610373,3.5365049673e-03
1,-0.2500000000,-15.7972567510,3.3476703423e-03
1,-0.2500000000,-15.7672524646,3.1818820170e-03
1,-0.2500000000,-15.7372481783,3.0359895393e-03
1,-0.2500000000,-15.7072438920,2.9073943987e-03
1,-0.2500000000,-15.6772396057,2.7939443589e-03
1,-0.2500000000,-15.6472353193,2.6938512626e-03
1,-0.2500000000,-15.6172310330,2.6056268113e-03
1,-0.2500000000,-15.5872267467,2.5280322417e-03
1,-0.2500000000,-15.5572224604,2.4600388635e-03
1,-0.2500000000,-15.5272181740,2.4007972077e-03
1,-0.2500000000,-15.4972138877,2.3496131148e-03
1,-0.2500000000,-15.4672096014,2.3059295435e-03
1,-0.2500000000,-15.4372053150,2.2693132306e-03
1,-0.2500000000,-15.4072010287,2.2394456208e-03
1,-0.2500000000,-15.3771967424,2.2161177308e-03
1,-0.2500000000,-15.3471924561,2.1992288415e-03
1,-0.2500000000,-15.3171881697,2.1887891416e-03
1,-0.2500000000,-15.2871838834,2.1849266967e-03
1,-0.2500000000,-15.2571795971,2.1878994141e-03
1,-0.2500000000,-15.2271753108,2.1981130467e-03
1,-0.2500000000,-15.1971710244,2.2161467692e-03
1,-0.2500000000,-15.1671667381,2.2427885171e-03
1,-0.2500000000,-15.1371624518,2.2790831969e-03
1,-0.2500000000,-15.1071581655,2.3263981461e-03
1,-0.2500000000,-15.0771538791,2.3865120158e-03
1,-0.2500000000,-15.0471495928,2.4617357686e-03
1,-0.2500000000,-15.0171453065,2.5550779867e-03
1,-0.2500000000,-14.9871410201,2.6704714519e-03
1,-0.2500000000,-14.9571367338,2.8130840980e-03
1,-0.2500000000,-14.9271324475,2.9897444127e-03
1,-0.2500000000,-14.8971281612,3.2095166731e-03
1,-0.2500000000,-14.8671238748,3.4844570356e-03
1,-0.2500000000,-14.8371195885,3.8305453891e-03
1,-0.2500000000,-14.8071153022,4.2686633523e-03
1,-0.2500000000,-14.7771110159,4.8251403266e-03
1,-0.2500000000,-14.7471067295,5.5305259767e-03
1,-0.2500000000,-14.7171024432,6.4133785985e-03
1,-0.2500000000,-14.6870981569,7.4827366639e-03
1,-0.2500000000,-14.6570938706,8.6911011276e-03
1,-0.2500000000,-14.6270895842,9.8812045246e-03
1,-0.2500000000,-14.5970852979,1.0765029840e-02
1,-0.2500000000,-14.5670810116,1.1030896337e-02
1,-0.2500000000,-14.5370767252,1.0568259193e-02
1,-0.2500000000,-14.5070724389,9.5666738677e-03
1,-0.2500000000,-14.4770681526,8.3517206162e-03
1,-0.2500000000,-14.4470638663,7.1775358729e-03
1,-0.2500000000,-14.4170595799,6.1647281472e-03
1,-0.2500000000,-14.3870552936,5.3394805636e-03
1,-0.2500000000,-14.3570510073,4.6843440861e-03
1,-0.2500000000,-14.3270467210,4.1690341447e-03
1,-0.2500000000,-14.2970424346,3.7638683532e-03
1,-0.2500000000,-14.2670381483,3.4440572627e-03
1,-0.2500000000,-14.2370338620,3.1902020045e-03
1,-0.2500000000,-14.2070295757,2.9875394780e-03
1,-0.2500000000,-14.1770252893,2.8249508726e-03
1,-0.2500000000,-14.1470210030,2.6940756940e-03
1,-0.2500000000,-14.1170167167,2.5886104567e-03
1,-0.2500000000,-14.0870124303,2.5037812695e-03
1,-0.2500000000,-14.0570081440,2.4359562661e-03
1,-0.2500000000,-14.0270038577,2.3823636707e-03
1,-0.2500000000,-13.9969995714,2.3408875923e-03
1,-0.2500000000,-13.9669952850,2.3099205813e-03
1,-0.2500000000,-13.9369909987,2.2882578255e-03
1,-0.2500000000,-13.9069867124,2.2750223691e-03
1,-0.2500000000,-13.8769824261,2.2696141059e-03
1,-0.2500000000,-13.8469781397,2.2716778005e-03
1,-0.2500000000,-13.8169738534,2.2810872748e-03
1,-0.2500000000,-13.7869695671,2.2979442675e-03
1,-0.2500000000,-13.7569652808,2.3225912303e-03
1,-0.2500000000,-13.7269609944,2.3556368746e-03
1,-0.2500000000,-13.6969567081,2.3979899410e-03
1,-0.2500000000,-13.6669524218,2.4508862754e-03
1,-0.2500000000,-13.6369481354,2.5158680762e-03
1,-0.2500000000,-13.6069438491,2.5946181031e-03
1,-0.2500000000,-13.5769395628,2.6884630297e-03
1,-0.2500000000,-13.5469352765,2.7973320998e-03
1,-0.2500000000,-13.5169309901,2.9183744993e-03
1,-0.2500000000,-13.4869267038,3.0458320124e-03
1,-0.2500000000,-13.4569224175,3.1748154987e-03
1,-0.2500000000,-13.4269181312,3.3078452878e-03
1,-0.2500000000,-13.3969138448,3.4569650542e-03
1,-0.2500000000,-13.3669095585,3.6389989291e-03
1,-0.2500000000,-13.3369052722,3.8708164771e-03
1,-0.2500000000,-13.3069009859,4.1689908386e-03
1,-0.2500000000,-13.2768966995,4.5520729361e-03
1,-0.2500000000,-13.2468924132,5.0429727081e-03
1,-0.2500000000,-13.2168881269,5.6701303728e-03
1,-0.2500000000,-13.1868838405,6.4659002669e-03
1,-0.2500000000,-13.1568795542,7.4584093373e-03
1,-0.2500000000,-13.1268752679,8.6495873913e-03
1,-0.2500000000,-13.0968709816,9.9711973941e-03
1,-0.2500000000,-13.0668666952,1.1228005136e-02
1,-0.2500000000,-13.0368624089,1.2092296450e-02
1,-0.2500000000,-13.0068581226,1.2249866076e-02
1,-0.2500000000,-12.9768538363,1.1640778609e-02
1,-0.2500000000,-12.9468495499,1.0513518900e-02
1,-0.2500000000,-12.9168452636,9.2165907819e-03
1,-0.2500000000,-12.8868409773,7.9971992487e-03
1,-0.2500000000,-12.8568366910,6.9621729744e-03
1,-0.2500000000,-12.8268324046,6.1276946412e-03
1,-0.2500000000,-12.7968281183,5.4708124294e-03
1,-0.2500000000,-12.7668238320,4.9585013043e-03
1,-0.2500000000,-12.7368195456,4.5597070957e-03
1,-0.2500000000,-12.7068152593,4.2488523754e-03
1,-0.2500000000,-12.6768109730,4.0058971003e-03
1,-0.2500000000,-12.6468066867,3.8153194964e-03
1,-0.2500000000,-12.6168024003,3.6650709291e-03
1,-0.2500000000,-12.5867981140,3.5459879066e-03
1,-0.2500000000,-12.5567938277,3.4515422454e-03
1,-0.2500000000,-12.5267895414,3.3773392830e-03
1,-0.2500000000,-12.4967852550,3.3202744511e-03
1,-0.2500000000,-12.4667809687,3.2778751672e-03
1,-0.2500000000,-12.4367766824,3.2480438822e-03
1,-0.2500000000,-12.4067723961,3.2290093151e-03
1,-0.2500000000,-12.3767681097,3.2193103780e-03
1,-0.2500000000,-12.3467638234,3.2177643507e-03
1,-0.2500000000,-12.3167595371,3.2234246218e-03
1,-0.2500000000,-12.2867552508,3.2355386454e-03
1,-0.2500000000,-12.2567509644,3.2535114288e-03
1,-0.2500000000,-12.2267466781,3.2768758105e-03
1,-0.2500000000,-12.1967423918,3.3052690007e-03
1,-0.2500000000,-12.1667381054,3.3384143215e-03
1,-0.2500000000,-12.1367338191,3.3761070890e-03
1,-0.2500000000,-12.1067295328,3.4182037401e-03
1,-0.2500000000,-12.0767252465,3.4646134965e-03
1,-0.2500000000,-12.0467209601,3.5152920254e-03
1,-0.2500000000,-12.0167166738,3.5702366884e-03
1,-0.2500000000,-11.9867123875,3.6294830734e-03
1,-0.2500000000,-11.9567081012,3.6931025830e-03
1,-0.2500000000,-11.9267038148,3.7612009130e-03
1,-0.2500000000,-11.8966995285,3.8339173011e-03
1,-0.2500000000,-11.8666952422,3.9114244618e-03
1,-0.2500000000,-11.8366909559,3.9939291551e-03
1,-0.2500000000,-11.8066866695,4.0816733588e-03
1,-0.2500000000,-11.7766823832,4.1749360365e-03
1,-0.2500000000,-11.7466780969,4.2740355136e-03
1,-0.2500000000,-11.7166738105,4.3793324906e-03
1,-0.2500000000,-11.6866695242,4.4912337432e-03
1,-0.2500000000,-11.6566652379,4.6101965766e-03
1,-0.2500000000,-11.6266609516,4.7367341242e-03
1,-0.2500000000,-11.5966566652,4.8714216045e-03
1,-0.2500000000,-11.5666523789,5.0149036782e-03
1,-0.2500000000,-11.5366480926,5.1679030796e-03
1,-0.2500000000,-11.5066438063,5.3312307391e-03
1,-0.2500000000,-11.4766395199,5.5057976574e-03
1,-0.2500000000,-11.4466352336,5.6926288548e-03
1,-0.2500000000,-11.4166309473,5.8928797903e-03
1,-0.2500000000,-11.3866266610,6.1078557345e-03
1,-0.2500000000,-11.3566223746,6.3390346965e-03
1,-0.2500000000,-11.3266180883,6.5880946423e-03
1,-0.2500000000,-11.2966138020,6.8569459275e-03
1,-0.2500000000,-11.2666095156,7.1477700908e-03
1,-0.2500000000,-11.2366052293,7.4630664492e-03
1,-0.2500000000,-11.2066009430,7.8057083119e-03
1,-0.2500000000,-11.1765966567,8.1790111157e-03
1,-0.2500000000,-11.1465923703,8.5868154177e-03
1,-0.2500000000,-11.1165880840,9.0335885133e-03
1,-0.2500000000,-11.0865837977,9.5245495389e-03
1,-0.2500000000,-11.0565795114,1.0065824376e-02
1,-0.2500000000,-11.0265752250,1.0664638619e-02
1,-0.2500000000,-10.9965709387,1.1329559473e-02
1,-0.2500000000,-10.9665666524,1.2070801031e-02
1,-0.2500000000,-10.9365623661,1.2900612183e-02
1,-0.2500000000,-10.9065580797,1.3833773142e-02
1,-0.2500000000,-10.8765537934,1.4888235765e-02
1,-0.2500000000,-10.8465495071,1.6085955818e-02
1,-0.2500000000,-10.8165452207,1.7453983399e-02
1,-0.2500000000,-10.7865409344,1.9025903337e-02
1,-0.2500000000,-10.7565366481,2.0843753518e-02
1,-0.2500000000,-10.7265323618,2.2960600243e-02
1,-0.2500000000,-10.6965280754,2.5444021612e-02
1,-0.2500000000,-10.6665237891,2.8380849542e-02
1,-0.2500000000,-10.6365195028,3.1883654395e-02
1,-0.2500000000,-10.6065152165,3.6099622378e-02
1,-0.2500000000,-10.5765109301,4.1222648391e-02
1,-0.2500000000,-10.5465066438,4.7509545179e-02
1,-0.2500000000,-10.5165023575,5.5300954602e-02
1,-0.2500000000,-10.4864980712,6.5046037029e-02
1,-0.2500000000,-10.4564937848,7.7325305064e-02
1,-0.2500000000,-10.4264894985,9.2853417318e-02
1,-0.2500000000,-10.3964852122,1.1241401670e-01
1,-0.2500000000,-10.3664809258,1.3661887182e-01
1,-0.2500000000,-10.3364766395,1.6530119324e-01
1,-0.2500000000,-10.3064723532,1.9637771986e-01
1,-0.2500000000,-10.2764680669,2.2457485042e-01
1,-0.2500000000,-10.2464637805,2.4183947139e-01
1,-0.2500000000,-10.2164594942,2.4153481219e-01
1,-0.2500000000,-10.1864552079,2.2381168527e-01
1,-0.2500000000,-10.1564509216,1.9547150010e-01
1,-0.2500000000,-10.1264466352,1.6451381765e-01
1,-0.2500000000,-10.0964423489,1.3608067285e-01
1,-0.2500000000,-10.0664380626,1.1215763701e-01
1,-0.2500000000,-10.0364337763,9.2865045688e-02
1,-0.2500000000,-10.0064294899,7.7576755990e-02
1,-0.2500000000,-9.9764252036,6.5509029549e-02
1,-0.2500000000,-9.9464209173,5.5951823547e-02
1,-0.2500000000,-9.9164166309,4.8329929336e-02
1,-0.2500000000,-9.8864123446,4.2198819768e-02
1,-0.2500000000,-9.8564080583,3.7221532638e-02
1,-0.2500000000,-9.8264037720,3.3144067119e-02
1,-0.2500000000,-9.7963994856,2.9774648605e-02
1,-0.2500000000,-9.7663951993,2.6967689486e-02
1,-0.2500000000,-9.7363909130,2.4611834021e-02
1,-0.2500000000,-9.7063866267,2.2621185151e-02
1,-0.2500000000,-9.6763823403,2.0928896372e-02
1,-0.2500000000,-9.6463780540,1.9482485184e-02
1,-0.2500000000,-9.6163737677,1.8240389790e-02
1,-0.2500000000,-9.5863694814,1.7169422796e-02
1,-0.2500000000,-9.5563651950,1.6242874058e-02
1,-0.2500000000,-9.5263609087,1.5439085846e-02
1,-0.2500000000,-9.4963566224,1.4740373972e-02
1,-0.2500000000,-9.4663523360,1.4132204205e-02
1,-0.2500000000,-9.4363480497,1.3602558535e-02
1,-0.2500000000,-9.4063437634,1.3141443754e-02
1,-0.2500000000,-9.3763394771,1.2740507534e-02
1,-0.2500000000,-9.3463351907,1.2392736348e-02
1,-0.2500000000,-9.3163309044,1.2092216187e-02
1,-0.2500000000,-9.2863266181,1.1833941764e-02
1,-0.2500000000,-9.2563223318,1.1613663486e-02
1,-0.2500000000,-9.2263180454,1.1427763992e-02
1,-0.2500000000,-9.1963137591,1.1273158027e-02
1,-0.2500000000,-9.1663094728,1.1147210825e-02
1,-0.2500000000,-9.1363051865,1.1047671296e-02
1,-0.2500000000,-9.1063009001,1.0972617094e-02
1,-0.2500000000,-9.0762966138,1.0920409297e-02
1,-0.2500000000,-9.0462923275,1.0889654908e-02
1,-0.2500000000,-9.0162880411,1.0879175755e-02
1,-0.2500000000,-8.9862837548,1.0887982652e-02
1,-0.2500000000,-8.9562794685,1.0915253922e-02
1,-0.2500000000,-8.9262751822,1.0960317567e-02
1,-0.2500000000,-8.8962708958,1.1022636477e-02
1,-0.2500000000,-8.8662666095,1.1101796240e-02
1,-0.2500000000,-8.8362623232,1.1197495142e-02
1,-0.2500000000,-8.8062580369,1.1309536080e-02
1,-0.2500000000,-8.7762537505,1.1437820114e-02
1,-0.2500000000,-8.7462494642,1.1582341487e-02
1,-0.2500000000,-8.7162451779,1.1743183940e-02
1,-0.2500000000,-8.6862408916,1.1920518202e-02
1,-0.2500000000,-8.6562366052,1.2114600570e-02
1,-0.2500000000,-8.6262323189,1.2325772509e-02
1,-0.2500000000,-8.5962280326,1.2554461216e-02
1,-0.2500000000,-8.5662237462,1.2801181144e-02
1,-0.2500000000,-8.5362194599,1.3066536462e-02
1,-0.2500000000,-8.5062151736,1.3351224480e-02
1,-0.2500000000,-8.4762108873,1.3656040048e-02
1,-0.2500000000,-8.4462066009,1.3981881006e-02
1,-0.2500000000,-8.4162023146,1.4329754725e-02
1,-0.2500000000,-8.3861980283,1.4700785849e-02
1,-0.2500000000,-8.3561937420,1.5096225333e-02
1,-0.2500000000,-8.3261894556,1.5517460916e-02
1,-0.2500000000,-8.2961851693,1.5966029197e-02
1,-0.2500000000,-8.2661808830,1.6443629501e-02
1,-0.2500000000,-8.2361765967,1.6952139770e-02
1,-0.2500000000,-8.2061723103,1.7493634745e-02
1,-0.2500000000,-8.1761680240,1.8070406776e-02
1,-0.2500000000,-8.1461637377,1.8684989636e-02
1,-0.2500000000,-8.1161594514,1.9340185786e-02
1,-0.2500000000,-8.0861551650,2.0039097649e-02
1,-0.2500000000,-8.0561508787,2.0785163509e-02
1,-0.2500000000,-8.0261465924,2.1582198820e-02
1,-0.2500000000,-7.9961423060,2.2434443815e-02
1,-0.2500000000,-7.9661380197,2.3346618516e-02
1,-0.2500000000,-7.9361337334,2.4323986452e-02
1,-0.2500000000,-7.9061294471,2.5372428651e-02
1,-0.2500000000,-7.8761251607,2.6498529816e-02
1,-0.2500000000,-7.8461208744,2.7709679007e-02
1,-0.2500000000,-7.8161165881,2.9014187626e-02
1,-0.2500000000,-7.7861123018,3.0421428159e-02
1,-0.2500000000,-7.7561080154,3.1941997917e-02
1,-0.2500000000,-7.7261037291,3.3587912980e-02
1,-0.2500000000,-7.6960994428,3.5372838840e-02
1,-0.2500000000,-7.6660951565,3.7312365799e-02
1,-0.2500000000,-7.6360908701,3.9424339229e-02
1,-0.2500000000,-7.6060865838,4.1729257423e-02
1,-0.2500000000,-7.5760822975,4.4250753123e-02
1,-0.2500000000,-7.5460780111,4.7016179239e-02
1,-0.2500000000,-7.5160737248,5.0057325000e-02
1,-0.2500000000,-7.4860694385,5.3411296371e-02
1,-0.2500000000,-7.4560651522,5.7121604625e-02
1,-0.2500000000,-7.4260608658,6.1239520338e-02
1,-0.2500000000,-7.3960565795,6.5825768163e-02
1,-0.2500000000,-7.3660522932,7.0952662091e-02
1,-0.2500000000,-7.3360480069,7.6706814278e-02
1,-0.2500000000,-7.3060437205,8.3192596205e-02
1,-0.2500000000,-7.2760394342,9.0536594295e-02
1,-0.2500000000,-7.2460351479,9.8893390272e-02
1,-0.2500000000,-7.2160308616,1.0845312020e-01
1,-0.2500000000,-7.1860265752,1.1945144032e-01
1,-0.2500000000,-7.1560222889,1.3218277418e-01
1,-0.2500000000,-7.1260180026,1.4701806403e-01
1,-0.2500000000,-7.0960137162,1.6442874059e-01
1,-0.2500000000,-7.0660094299,1.8501930852e-01
1,-0.2500000000,-7.0360051436,2.0957186997e-01
1,-0.2500000000,-7.0060008573,2.3910708668e-01
1,-0.2500000000,-6.9759965709,2.7496738336e-01
1,-0.2500000000,-6.9459922846,3.1892905794e-01
1,-0.2500000000,-6.9159879983,3.7334865969e-01
1,-0.2500000000,-6.8859837120,4.4134079243e-01
1,-0.2500000000,-6.8559794256,5.2695738065e-01
1,-0.2500000000,-6.8259751393,6.3526398430e-01
1,-0.2500000000,-6.7959708530,7.7202724838e-01
1,-0.2500000000,-6.7659665667,9.4234444488e-01
1,-0.2500000000,-6.7359622803,1.1469440780e+00
1,-0.2500000000,-6.7059579940,1.3746959090e+00
1,-0.2500000000,-6.6759537077,1.5926813834e+00
1,-0.2500000000,-6.6459494213,1.7445287887e+00
1,-0.2500000000,-6.6159451350,1.7746455099e+00
1,-0.2500000000,-6.5859408487,1.6703099046e+00
1,-0.2500000000,-6.5559365624,1.4731678492e+00
1,-0.2500000000,-6.5259322760,1.2440435156e+00
1,-0.2500000000,-6.4959279897,1.0269797135e+00
1,-0.2500000000,-6.4659237034,8.4141750177e-01
1,-0.2500000000,-6.4359194171,6.9060216266e-01
1,-0.2500000000,-6.4059151307,5.7067850018e-01
1,-0.2500000000,-6.3759108444,4.7590144787e-01
1,-0.2500000000,-6.3459065581,4.0082270520e-01
1,-0.2500000000,-6.3159022718,3.4094750741e-01
1,-0.2500000000,-6.2858979854,2.9277495161e-01
1,-0.2500000000,-6.2558936991,2.5364325198e-01
1,-0.2500000000,-6.2258894128,2.2154482352e-01
1,-0.2500000000,-6.1958851264,1.9496499748e-01
1,-0.2500000000,-6.1658808401,1.7275548882e-01
1,-0.2500000000,-6.1358765538,1.5403949613e-01
1,-0.2500000000,-6.1058722675,1.3814189033e-01
1,-0.2500000000,-6.0758679811,1.2453820027e-01
1,-0.2500000000,-6.0458636948,1.1281732811e-01
1,-0.2500000000,-6.0158594085,1.0265419028e-01
1,-0.2500000000,-5.9858551222,9.3789518268e-02
1,-0.2500000000,-5.9558508358,8.6014835617e-02
1,-0.2500000000,-5.9258465495,7.9161195906e-02
1,-0.2500000000,-5.8958422632,7.3090670813e-02
1,-0.2500000000,-5.8658379769,6.7689863878e-02
1,-0.2500000000,-5.8358336905,6.2864927899e-02
1,-0.2500000000,-5.8058294042,5.8537707196e-02
1,-0.2500000000,-5.7758251179,5.4642728061e-02
1,-0.2500000000,-5.7458208315,5.1124833679e-02
1,-0.2500000000,-5.7158165452,4.7937312451e-02
1,-0.2500000000,-5.6858122589,4.5040406824e-02
1,-0.2500000000,-5.6558079726,4.2400117642e-02
1,-0.2500000000,-5.6258036862,3.9987239560e-02
1,-0.2500000000,-5.5957993999,3.7776578316e-02
1,-0.2500000000,-5.5657951136,3.5746312035e-02
1,-0.2500000000,-5.5357908273,3.3877467267e-02
1,-0.2500000000,-5.5057865409,3.2153486978e-02
1,-0.2500000000,-5.4757822546,3.0559872611e-02
1,-0.2500000000,-5.4457779683,2.9083886158e-02
1,-0.2500000000,-5.4157736820,2.7714301062e-02
1,-0.2500000000,-5.3857693956,2.6441193086e-02
1,-0.2500000000,-5.3557651093,2.5255764000e-02
1,-0.2500000000,-5.3257608230,2.4150192378e-02
1,-0.2500000000,-5.2957565366,2.3117506852e-02
1,-0.2500000000,-5.2657522503,2.2151478065e-02
1,-0.2500000000,-5.2357479640,2.1246526257e-02
1,-0.2500000000,-5.2057436777,2.0397641938e-02
1,-0.2500000000,-5.1757393913,1.9600317610e-02
1,-0.2500000000,-5.1457351050,1.8850488800e-02
1,-0.2500000000,-5.1157308187,1.8144482987e-02
1,-0.2500000000,-5.0857265324,1.7478975255e-02
1,-0.2500000000,-5.0557222460,1.6850949666e-02
1,-0.2500000000,-5.0257179597,1.6257665540e-02
1,-0.2500000000,-4.9957136734,1.5696627936e-02
1,-0.2500000000,-4.9657093871,1.5165561750e-02
1,-0.2500000000,-4.9357051007,1.4662388944e-02
1,-0.2500000000,-4.9057008144,1.4185208457e-02
1,-0.2500000000,-4.8756965281,1.3732278478e-02
1,-0.2500000000,-4.8456922417,1.3302000735e-02
1,-0.2500000000,-4.8156879554,1.2892906573e-02
1,-0.2500000000,-4.7856836691,1.2503644569e-02
1,-0.2500000000,-4.7556793828,1.2132969507e-02
1,-0.2500000000,-4.7256750964,1.1779732544e-02
1,-0.2500000000,-4.6956708101,1.1442872416e-02
1,-0.2500000000,-4.6656665238,1.1121407564e-02
1,-0.2500000000,-4.6356622375,1.0814429080e-02
1,-0.2500000000,-4.6056579511,1.0521094360e-02
1,-0.2500000000,-4.5756536648,1.0240621400e-02
1,-0.2500000000,-4.5456493785,9.9722836501e-03
1,-0.2500000000,-4.5156450922,9.7154053791e-03
1,-0.2500000000,-4.4856408058,9.4693574753e-03
1,-0.2500000000,-4.4556365195,9.2335536514e-03
1,-0.2500000000,-4.4256322332,9.0074470033e-03
1,-0.2500000000,-4.3956279468,8.7905268870e-03
1,-0.2500000000,-4.3656236605,8.5823160800e-03
1,-0.2500000000,-4.3356193742,8.3823681992e-03
1,-0.2500000000,-4.3056150879,8.1902653481e-03
1,-0.2500000000,-4.2756108015,8.0056159700e-03
1,-0.2500000000,-4.2456065152,7.8280528889e-03
1,-0.2500000000,-4.2156022289,7.6572315171e-03
1,-0.2500000000,-4.1855979426,7.4928282150e-03
1,-0.2500000000,-4.1555936562,7.3345387887e-03
1,-0.2500000000,-4.1255893699,7.1820771110e-03
1,-0.2500000000,-4.0955850836,7.0351738558e-03
1,-0.2500000000,-4.0655807973,6.8935753346e-03
1,-0.2500000000,-4.0355765109,6.7570424260e-03
1,-0.2500000000,-4.0055722246,6.6253495900e-03
1,-0.2500000000,-3.9755679383,6.4982839587e-03
1,-0.2500000000,-3.9455636520,6.3756444983e-03
1,-0.2500000000,-3.9155593656,6.2572412345e-03
1,-0.2500000000,-3.8855550793,6.1428945367e-03
1,-0.2500000000,-3.8555507930,6.0324344558e-03
1,-0.2500000000,-3.8255465066,5.9257001110e-03
1,-0.2500000000,-3.7955422203,5.8225391218e-03
1,-0.2500000000,-3.7655379340,5.7228070809e-03
1,-0.2500000000,-3.7355336477,5.6263670654e-03
1,-0.2500000000,-3.7055293613,5.5330891822e-03
1,-0.2500000000,-3.6755250750,5.4428501460e-03
1,-0.2500000000,-3.6455207887,5.3555328865e-03
1,-0.2500000000,-3.6155165024,5.2710261826e-03
1,-0.2500000000,-3.5855122160,5.1892243219e-03
1,-0.2500000000,-3.5555079297,5.1100267831e-03
1,-0.2500000000,-3.5255036434,5.0333379399e-03
1,-0.2500000000,-3.4954993571,4.9590667844e-03
1,-0.2500000000,-3.4654950707,4.8871266686e-03
1,-0.2500000000,-3.4354907844,4.8174350639e-03
1,-0.2500000000,-3.4054864981,4.7499133342e-03
1,-0.2500000000,-3.3754822117,4.6844865256e-03
1,-0.2500000000,-3.3454779254,4.6210831681e-03
1,-0.2500000000,-3.3154736391,4.5596350908e-03
1,-0.2500000000,-3.2854693528,4.5000772475e-03
1,-0.2500000000,-3.2554650664,4.4423475545e-03
1,-0.2500000000,-3.2254607801,4.3863867375e-03
1,-0.2500000000,-3.1954564938,4.3321381877e-03
1,-0.2500000000,-3.1654522075,4.2795478278e-03
1,-0.2500000000,-3.1354479211,4.2285639846e-03
1,-0.2500000000,-3.1054436348,4.1791372702e-03
1,-0.2500000000,-3.0754393485,4.1312204698e-03
1,-0.2500000000,-3.0454350622,4.0847684366e-03
1,-0.2500000000,-3.0154307758,4.0397379919e-03
1,-0.2500000000,-2.9854264895,3.9960878323e-03
1,-0.2500000000,-2.9554222032,3.9537784408e-03
1,-0.2500000000,-2.9254179168,3.9127720046e-03
1,-0.2500000000,-2.8954136305,3.8730323361e-03
1,-0.2500000000,-2.8654093442,3.8345247991e-03
1,-0.2500000000,-2.8354050579,3.7972162396e-03
1,-0.2500000000,-2.8054007715,3.7610749193e-03
1,-0.2500000000,-2.7753964852,3.7260704539e-03
1,-0.2500000000,-2.7453921989,3.6921737542e-03
1,-0.2500000000,-2.7153879126,3.6593569709e-03
1,-0.2500000000,-2.6853836262,3.6275934420e-03
1,-0.2500000000,-2.6553793399,3.5968576431e-03
1,-0.2500000000,-2.6253750536,3.5671251412e-03
1,-0.2500000000,-2.5953707673,3.5383725499e-03
1,-0.2500000000,-2.5653664809,3.5105774876e-03
1,-0.2500000000,-2.5353621946,3.4837185384e-03
1,-0.2500000000,-2.5053579083,3.4577752139e-03
1,-0.2500000000,-2.4753536219,3.4327279187e-03
1,-0.2500000000,-2.4453493356,3.4085579162e-03
1,-0.2500000000,-2.4153450493,3.3852472974e-03
1,-0.2500000000,-2.3853407630,3.3627789506e-03
1,-0.2500000000,-2.3553364766,3.3411365335e-03
1,-0.2500000000,-2.3253321903,3.3203044462e-03
1,-0.2500000000,-2.2953279040,3.3002678061e-03
1,-0.2500000000,-2.2653236177,3.2810124237e-03
1,-0.2500000000,-2.2353193313,3.2625247805e-03
1,-0.2500000000,-2.2053150450,3.2447920074e-03
1,-0.2500000000,-2.1753107587,3.2278018646e-03
1,-0.2500000000,-2.1453064724,3.2115427231e-03
1,-0.2500000000,-2.1153021860,3.1960035463e-03
1,-0.2500000000,-2.0852978997,3.1811738739e-03
1,-0.2500000000,-2.0552936134,3.1670438052e-03
1,-0.2500000000,-2.0252893270,3.1536039855e-03
1,-0.2500000000,-1.9952850407,3.1408455912e-03
1,-0.2500000000,-1.9652807544,3.1287603173e-03
1,-0.2500000000,-1.9352764681,3.1173403652e-03
1,-0.2500000000,-1.9052721817,3.1065784315e-03
1,-0.2500000000,-1.8752678954,3.0964676973e-03
1,-0.2500000000,-1.8452636091,3.0870018185e-03
1,-0.2500000000,-1.8152593228,3.0781749170e-03
1,-0.2500000000,-1.7852550364,3.0699815722e-03
1,-0.2500000000,-1.7552507501,3.0624168136e-03
1,-0.2500000000,-1.7252464638,3.0554761136e-03
1,-0.2500000000,-1.6952421775,3.0491553820e-03
1,-0.2500000000,-1.6652378911,3.0434509594e-03
1,-0.2500000000,-1.6352336048,3.0383596132e-03
1,-0.2500000000,-1.6052293185,3.0338785329e-03
1,-0.2500000000,-1.5752250321,3.0300053262e-03
1,-0.2500000000,-1.5452207458,3.0267380164e-03
1,-0.2500000000,-1.5152164595,3.0240750394e-03
1,-0.2500000000,-1.4852121732,3.0220152423e-03
1,-0.2500000000,-1.4552078868,3.0205578819e-03
1,-0.2500000000,-1.4252036005,3.0197026237e-03
1,-0.2500000000,-1.3951993142,3.0194495423e-03
1,-0.2500000000,-1.3651950279,3.0197991215e-03
1,-0.2500000000,-1.3351907415,3.0207522554e-03
1,-0.2500000000,-1.3051864552,3.0223102501e-03
1,-0.2500000000,-1.2751821689,3.0244748260e-03
1,-0.2500000000,-1.2451778826,3.0272481205e-03
1,-0.2500000000,-1.2151735962,3.0306326914e-03
1,-0.2500000000,-1.1851693099,3.0346315212e-03
1,-0.2500000000,-1.1551650236,3.0392480215e-03
1,-0.2500000000,-1.1251607372,3.0444860386e-03
1,-0.2500000000,-1.0951564509,3.0503498592e-03
1,-0.2500000000,-1.0651521646,3.0568442173e-03
1,-0.2500000000,-1.0351478783,3.0639743015e-03
1,-0.2500000000,-1.0051435919,3.0717457627e-03
1,-0.2500000000,-0.9751393056,3.0801647234e-03
1,-0.2500000000,-0.9451350193,3.0892377869e-03
1,-0.2500000000,-0.9151307330,3.0989720476e-03
1,-0.2500000000,-0.8851264466,3.1093751023e-03
1,-0.2500000000,-0.8551221603,3.1204550619e-03
1,-0.2500000000,-0.8251178740,3.1322205642e-03
1,-0.2500000000,-0.7951135877,3.1446807879e-03
1,-0.2500000000,-0.7651093013,3.1578454667e-03
1,-0.2500000000,-0.7351050150,3.1717249056e-03
1,-0.2500000000,-0.7051007287,3.1863299967e-03
1,-0.2500000000,-0.6750964423,3.2016722378e-03
1,-0.2500000000,-0.6450921560,3.2177637503e-03
1,-0.2500000000,-0.6150878697,3.2346172999e-03
1,-0.2500000000,-0.5850835834,3.2522463174e-03
1,-0.2500000000,-0.5550792970,3.2706649214e-03
1,-0.2500000000,-0.5250750107,3.2898879420e-03
1,-0.2500000000,-0.4950707244,3.3099309460e-03
1,-0.2500000000,-0.4650664381,3.3308102641e-03
1,-0.2500000000,-0.4350621517,3.3525430186e-03
1,-0.2500000000,-0.4050578654,3.3751471541e-03
1,-0.2500000000,-0.3750535791,3.3986414687e-03
1,-0.2500000000,-0.3450492928,3.4230456480e-03
1,-0.2500000000,-0.3150450064,3.4483803007e-03
1,-0.2500000000,-0.2850407201,3.4746669960e-03
1,-0.2500000000,-0.2550364338,3.5019283040e-03
1,-0.2500000000,-0.2250321474,3.5301878372e-03
1,-0.2500000000,-0.1950278611,3.5594702960e-03
1,-0.2500000000,-0.1650235748,3.5898015157e-03
1,-0.2500000000,-0.1350192885,3.6212085163e-03
1,-0.2500000000,-0.1050150021,3.6537195562e-03
1,-0.2500000000,-0.0750107158,3.6873641881e-03
1,-0.2500000000,-0.0450064295,3.7221733187e-03
1,-0.2500000000,-0.0150021432,3.7581792717e-03
1,-0.2500000000,0.0150021432,3.7954158552e-03
1,-0.2500000000,0.0450064295,3.8339184322e-03
1,-0.2500000000,0.0750107158,3.8737239965e-03
1,-0.2500000000,0.1050150021,3.9148712522e-03
1,-0.2500000000,0.1350192885,3.9574006991e-03
1,-0.2500000000,0.1650235748,4.0013547224e-03
1,-0.2500000000,0.1950278611,4.0467776889e-03
1,-0.2500000000,0.2250321474,4.0937160485e-03
1,-0.2500000000,0.2550364338,4.1422184429e-03
1,-0.2500000000,0.2850407201,4.1923358205e-03
1,-0.2500000000,0.3150450064,4.2441215592e-03
1,-0.2500000000,0.3450492928,4.2976315969e-03
1,-0.2500000000,0.3750535791,4.3529245706e-03
1,-0.2500000000,0.4050578654,4.4100619649e-03
1,-0.2500000000,0.4350621517,4.4691082698e-03
1,-0.2500000000,0.4650664381,4.5301311499e-03
1,-0.2500000000,0.4950707244,4.5932016241e-03
1,-0.2500000000,0.5250750107,4.6583942585e-03
1,-0.2500000000,0.5550792970,4.7257873719e-03
1,-0.2500000000,0.5850835834,4.7954632560e-03
1,-0.2500000000,0.6150878697,4.8675084106e-03
1,-0.2500000000,0.6450921560,4.9420137959e-03
1,-0.2500000000,0.6750964423,5.0190751030e-03
1,-0.2500000000,0.7051007287,5.0987930431e-03
1,-0.2500000000,0.7351050150,5.1812736586e-03
1,-0.2500000000,0.7651093013,5.2666286568e-03
1,-0.2500000000,0.7951135877,5.3549757686e-03
1,-0.2500000000,0.8251178740,5.4464391339e-03
1,-0.2500000000,0.8551221603,5.5411497165e-03
1,-0.2500000000,0.8851264466,5.6392457509e-03
1,-0.2500000000,0.9151307330,5.7408732237e-03
1,-0.2500000000,0.9451350193,5.8461863928e-03
1,-0.2500000000,0.9751393056,5.9553483479e-03
1,-0.2500000000,1.0051435919,6.0685316155e-03
1,-0.2500000000,1.0351478783,6.1859188141e-03
1,-0.2500000000,1.0651521646,6.3077033618e-03
1,-0.2500000000,1.0951564509,6.4340902439e-03
1,-0.2500000000,1.1251607372,6.5652968440e-03
1,-0.2500000000,1.1551650236,6.7015538467e-03
1,-0.2500000000,1.1851693099,6.8431062172e-03
1,-0.2500000000,1.2151735962,6.9902142665e-03
1,-0.2500000000,1.2451778826,7.1431548111e-03
1,-0.2500000000,1.2751821689,7.3022224352e-03
1,-0.2500000000,1.3051864552,7.4677308682e-03
1,-0.2500000000,1.3351907415,7.6400144872e-03
1,-0.2500000000,1.3651950279,7.8194299603e-03
1,-0.2500000000,1.3951993142,8.0063580431e-03
1,-0.2500000000,1.4252036005,8.2012055477e-03
1,-0.2500000000,1.4552078868,8.4044075002e-03
1,-0.2500000000,1.4852121732,8.6164295117e-03
1,-0.2500000000,1.5152164595,8.8377703826e-03
1,-0.2500000000,1.5452207458,9.0689649703e-03
1,-0.2500000000,1.5752250321,9.3105873498e-03
1,-0.2500000000,1.6052293185,9.5632543016e-03
1,-0.2500000000,1.6352336048,9.8276291663e-03
1,-0.2500000000,1.6652378911,1.0104426111e-02
1,-0.2500000000,1.6952421775,1.0394414859e-02
1,-0.2500000000,1.7252464638,1.0698425935e-02
1,-0.2500000000,1.7552507501,1.1017356506e-02
1,-0.2500000000,1.7852550364,1.1352176878e-02
1,-0.2500000000,1.8152593228,1.1703937741e-02
1,-0.2500000000,1.8452636091,1.2073778271e-02
1,-0.2500000000,1.8752678954,1.2462935197e-02
1,-0.2500000000,1.9052721817,1.2872752956e-02
1,-0.2500000000,1.9352764681,1.3304695119e-02
1,-0.2500000000,1.9652807544,1.3760357239e-02
1,-0.2500000000,1.9952850407,1.4241481342e-02
1,-0.2500000000,2.0252893270,1.4749972309e-02
1,-0.2500000000,2.0552936134,1.5287916422e-02
1,-0.2500000000,2.0852978997,1.5857602420e-02
1,-0.2500000000,2.1153021860,1.6461545445e-02
1,-0.2500000000,2.1453064724,1.7102514354e-02
1,-0.2500000000,2.1753107587,1.7783562932e-02
1,-0.2500000000,2.2053150450,1.8508065666e-02
1,-0.2500000000,2.2353193313,1.9279758841e-02
1,-0.2500000000,2.2653236177,2.0102787895e-02
1,-0.2500000000,2.2953279040,2.0981762127e-02
1,-0.2500000000,2.3253321903,2.1921818086e-02
1,-0.2500000000,2.3553364766,2.2928693259e-02
1,-0.2500000000,2.3853407630,2.4008811979e-02
1,-0.2500000000,2.4153450493,2.5169385943e-02
1,-0.2500000000,2.4453493356,2.6418532196e-02
1,-0.2500000000,2.4753536219,2.7765412144e-02
1,-0.2500000000,2.5053579083,2.9220395940e-02
1,-0.2500000000,2.5353621946,3.0795257654e-02
1,-0.2500000000,2.5653664809,3.2503407920e-02
1,-0.2500000000,2.5953707673,3.4360172463e-02
1,-0.2500000000,2.6253750536,3.6383127029e-02
1,-0.2500000000,2.6553793399,3.8592502053e-02
1,-0.2500000000,2.6853836262,4.1011673946e-02
1,-0.2500000000,2.7153879126,4.3667764642e-02
1,-0.2500000000,2.7453921989,4.6592377181e-02
1,-0.2500000000,2.7753964852,4.9822503285e-02
1,-0.2500000000,2.8054007715,5.3401649767e-02
1,-0.2500000000,2.8354050579,5.7381245203e-02
1,-0.2500000000,2.8654093442,6.1822407986e-02
1,-0.2500000000,2.8954136305,6.6798183699e-02
1,-0.2500000000,2.9254179168,7.2396396475e-02
1,-0.2500000000,2.9554222032,7.8723309669e-02
1,-0.2500000000,2.9854264895,8.5908361684e-02
1,-0.2500000000,3.0154307758,9.4110341267e-02
1,-0.2500000000,3.0454350622,1.0352550529e-01
1,-0.2500000000,3.0754393485,1.1439833779e-01
1,-0.2500000000,3.1054436348,1.2703592636e-01
1,-0.2500000000,3.1354479211,1.4182732293e-01
1,-0.2500000000,3.1654522075,1.5926980433e-01
1,-0.2500000000,3.1954564938,1.8000469776e-01
1,-0.2500000000,3.2254607801,2.0486641959e-01
1,-0.2500000000,3.2554650664,2.3494953660e-01
1,-0.2500000000,3.2854693528,2.7169967925e-01
1,-0.2500000000,3.3154736391,3.1703395462e-01
1,-0.2500000000,3.3454779254,3.7349212088e-01
1,-0.2500000000,3.3754822117,4.4440338571e-01
1,-0.2500000000,3.4054864981,5.3400628144e-01
1,-0.2500000000,3.4354907844,6.4733862190e-01
1,-0.2500000000,3.4654950707,7.8944468133e-01
1,-0.2500000000,3.4954993571,9.6295948180e-01
1,-0.2500000000,3.5255036434,1.1626795263e+00
1,-0.2500000000,3.5555079297,1.3668770406e+00
1,-0.2500000000,3.5855122160,1.5313355149e+00
1,-0.2500000000,3.6155165024,1.6015736955e+00
1,-0.2500000000,3.6455207887,1.5487474588e+00
1,-0.2500000000,3.6755250750,1.3948696847e+00
1,-0.2500000000,3.7055293613,1.1932271443e+00
1,-0.2500000000,3.7355336477,9.9096779451e-01
1,-0.2500000000,3.7655379340,8.1298319376e-01
1,-0.2500000000,3.7955422203,6.6631298833e-01
1,-0.2500000000,3.8255465066,5.4904483809e-01
1,-0.2500000000,3.8555507930,4.5628131429e-01
1,-0.2500000000,3.8855550793,3.8290832514e-01
1,-0.2500000000,3.9155593656,3.2455337943e-01
1,-0.2500000000,3.9455636520,2.7775845575e-01
1,-0.2500000000,3.9755679383,2.3987809793e-01
1,-0.2500000000,4.0055722246,2.0891379818e-01
1,-0.2500000000,4.0355765109,1.8335891666e-01
1,-0.2500000000,4.0655807973,1.6207362110e-01
1,-0.2500000000,4.0955850836,1.4418995374e-01
1,-0.2500000000,4.1255893699,1.2904164567e-01
1,-0.2500000000,4.1555936562,1.1611275837e-01
1,-0.2500000000,4.1855979426,1.0500017058e-01
1,-0.2500000000,4.2156022289,9.5386099576e-02
1,-0.2500000000,4.2456065152,8.7017861374e-02
1,-0.2500000000,4.2756108015,7.9692858431e-02
1,-0.2500000000,4.3056150879,7.3247357847e-02
1,-0.2500000000,4.3356193742,6.7548034655e-02
1,-0.2500000000,4.3656236605,6.2485546414e-02
1,-0.2500000000,4.3956279468,5.7969611395e-02
1,-0.2500000000,4.4256322332,5.3925208494e-02
1,-0.2500000000,4.4556365195,5.0289620566e-02
1,-0.2500000000,4.4856408058,4.7010116884e-02
1,-0.2500000000,4.5156450922,4.4042123606e-02
1,-0.2500000000,4.5456493785,4.1347769610e-02
1,-0.2500000000,4.5756536648,3.8894723140e-02
1,-0.2500000000,4.6056579511,3.6655255297e-02
1,-0.2500000000,4.6356622375,3.4605481654e-02
1,-0.2500000000,4.6656665238,3.2724744628e-02
1,-0.2500000000,4.6956708101,3.0995107756e-02
1,-0.2500000000,4.7256750964,2.9400939464e-02
1,-0.2500000000,4.7556793828,2.7928568798e-02
1,-0.2500000000,4.7856836691,2.6565999326e-02
1,-0.2500000000,4.8156879554,2.5302670324e-02
1,-0.2500000000,4.8456922417,2.4129256561e-02
1,-0.2500000000,4.8756965281,2.3037499756e-02
1,-0.2500000000,4.9057008144,2.2020066145e-02
1,-0.2500000000,4.9357051007,2.1070425639e-02
1,-0.2500000000,4.9657093871,2.0182748956e-02
1,-0.2500000000,4.9957136734,1.9351819723e-02
1,-0.2500000000,5.0257179597,1.8572959136e-02
1,-0.2500000000,5.0557222460,1.7841961172e-02
1,-0.2500000000,5.0857265324,1.7155036708e-02
1,-0.2500000000,5.1157308187,1.6508765166e-02
1,-0.2500000000,5.1457351050,1.5900052574e-02
1,-0.2500000000,5.1757393913,1.5326095074e-02
1,-0.2500000000,5.2057436777,1.4784347092e-02
1,-0.2500000000,5.2357479640,1.4272493508e-02
1,-0.2500000000,5.2657522503,1.3788425259e-02
1,-0.2500000000,5.2957565366,1.3330217900e-02
1,-0.2500000000,5.3257608230,1.2896112733e-02
1,-0.2500000000,5.3557651093,1.2484500141e-02
1,-0.2500000000,5.3857693956,1.2093904858e-02
1,-0.2500000000,5.4157736820,1.1722972912e-02
1,-0.2500000000,5.4457779683,1.1370460031e-02
1,-0.2500000000,5.4757822546,1.1035221331e-02
1,-0.2500000000,5.5057865409,1.0716202128e-02
1,-0.2500000000,5.5357908273,1.0412429730e-02
1,-0.2500000000,5.5657951136,1.0123006106e-02
1,-0.2500000000,5.5957993999,9.8471013152e-03
1,-0.2500000000,5.6258036862,9.5839476140e-03
1,-0.2500000000,5.6558079726,9.3328341665e-03
1,-0.2500000000,5.6858122589,9.0931022846e-03
1,-0.2500000000,5.7158165452,8.8641411431e-03
1,-0.2500000000,5.7458208315,8.6453839169e-03
1,-0.2500000000,5.7758251179,8.4363042954e-03
1,-0.2500000000,5.8058294042,8.2364133341e-03
1,-0.2500000000,5.8358336905,8.0452566093e-03
1,-0.2500000000,5.8658379769,7.8624116443e-03
1,-0.2500000000,5.8958422632,7.6874855808e-03
1,-0.2500000000,5.9258465495,7.5201130714e-03
1,-0.2500000000,5.9558508358,7.3599543723e-03
1,-0.2500000000,5.9858551222,7.2066936179e-03
1,-0.2500000000,6.0158594085,7.0600372605e-03
1,-0.2500000000,6.0458636948,6.9197126614e-03
1,-0.2500000000,6.0758679811,6.7854668210e-03
1,-0.2500000000,6.1058722675,6.6570652355e-03
1,-0.2500000000,6.1358765538,6.5342908721e-03
1,-0.2500000000,6.1658808401,6.4169432547e-03
1,-0.2500000000,6.1958851264,6.3048376503e-03
1,-0.2500000000,6.2258894128,6.1978043540e-03
1,-0.2500000000,6.2558936991,6.0956880638e-03
1,-0.2500000000,6.2858979854,5.9983473445e-03
1,-0.2500000000,6.3159022718,5.9056541745e-03
1,-0.2500000000,6.3459065581,5.8174935756e-03
1,-0.2500000000,6.3759108444,5.7337633241e-03
1,-0.2500000000,6.4059151307,5.6543737412e-03
1,-0.2500000000,6.4359194171,5.5792475659e-03
1,-0.2500000000,6.4659237034,5.5083199093e-03
1,-0.2500000000,6.4959279897,5.4415382949e-03
1,-0.2500000000,6.5259322760,5.3788627874e-03
1,-0.2500000000,6.5559365624,5.3202662158e-03
1,-0.2500000000,6.5859408487,5.2657344966e-03
1,-0.2500000000,6.6159451350,5.2152670646e-03
1,-0.2500000000,6.6459494213,5.1688774224e-03
1,-0.2500000000,6.6759537077,5.1265938194e-03
1,-0.2500000000,6.7059579940,5.0884600733e-03
1,-0.2500000000,6.7359622803,5.0545365540e-03
1,-0.2500000000,6.7659665667,5.0249013461e-03
1,-0.2500000000,6.7959708530,4.9996516173e-03
1,-0.2500000000,6.8259751393,4.9789052187e-03
1,-0.2500000000,6.8559794256,4.9628025520e-03
1,-0.2500000000,6.8859837120,4.9515087434e-03
1,-0.2500000000,6.9159879983,4.9452161718e-03
1,-0.2500000000,6.9459922846,4.9441474091e-03
1,-0.2500000000,6.9759965709,4.9485586407e-03
1,-0.2500000000,7.0060008573,4.9587436485e-03
1,-0.2500000000,7.0360051436,4.9750384555e-03
1,-0.2500000000,7.0660094299,4.9978267519e-03
1,-0.2500000000,7.0960137162,5.0275462473e-03
1,-0.2500000000,7.1260180026,5.0646961257e-03
1,-0.2500000000,7.1560222889,5.1098458186e-03
1,-0.2500000000,7.1860265752,5.1636453616e-03
1,-0.2500000000,7.2160308616,5.2268376586e-03
1,-0.2500000000,7.2460351479,5.3002730571e-03
1,-0.2500000000,7.2760394342,5.3849267368e-03
1,-0.2500000000,7.3060437205,5.4819195344e-03
1,-0.2500000000,7.3360480069,5.5925429933e-03
1,-0.2500000000,7.3660522932,5.7182896286e-03
1,-0.2500000000,7.3960565795,5.8608896667e-03
1,-0.2500000000,7.4260608658,6.0223558693e-03
1,-0.2500000000,7.4560651522,6.2050385072e-03
1,-0.2500000000,7.4860694385,6.4116931562e-03
1,-0.2500000000,7.5160737248,6.6455647927e-03
1,-0.2500000000,7.5460780111,6.9104927460e-03
1,-0.2500000000,7.5760822975,7.2110425202e-03
1,-0.2500000000,7.6060865838,7.5526724781e-03
1,-0.2500000000,7.6360908701,7.9419460901e-03
1,-0.2500000000,7.6660951565,8.3868041862e-03
1,-0.2500000000,7.6960994428,8.8969168399e-03
1,-0.2500000000,7.7261037291,9.4841417646e-03
1,-0.2500000000,7.7561080154,1.0163126300e-02
1,-0.2500000000,7.7861123018,1.0952104460e-02
1,-0.2500000000,7.8161165881,1.1873960898e-02
1,-0.2500000000,7.8461208744,1.2957662412e-02
1,-0.2500000000,7.8761251607,1.4240197986e-02
1,-0.2500000000,7.9061294471,1.5769223846e-02
1,-0.2500000000,7.9361337334,1.7606683233e-02
1,-0.2500000000,7.9661380197,1.9833758742e-02
1,-0.2500000000,7.9961423060,2.2557597483e-02
1,-0.2500000000,8.0261465924,2.5920255042e-02
1,-0.2500000000,8.0561508787,3.0110029885e-02
1,-0.2500000000,8.0861551650,3.5374271349e-02
1,-0.2500000000,8.1161594514,4.2029531409e-02
1,-0.2500000000,8.1461637377,5.0456649304e-02
1,-0.2500000000,8.1761680240,6.1049463878e-02
1,-0.2500000000,8.2061723103,7.4050427542e-02
1,-0.2500000000,8.2361765967,8.9168017992e-02
1,-0.2500000000,8.2661808830,1.0493103973e-01
1,-0.2500000000,8.2961851693,1.1815106717e-01
1,-0.2500000000,8.3261894556,1.2461865364e-01
1,-0.2500000000,8.3561937420,1.2171092258e-01
1,-0.2500000000,8.3861980283,1.1064174484e-01
1,-0.2500000000,8.4162023146,9.5370328315e-02
1,-0.2500000000,8.4462066009,7.9687877465e-02
1,-0.2500000000,8.4762108873,6.5719927843e-02
1,-0.2500000000,8.5062151736,5.4139137069e-02
1,-0.2500000000,8.5362194599,4.4853560577e-02
1,-0.2500000000,8.5662237462,3.7500198904e-02
1,-0.2500000000,8.5962280326,3.1682560041e-02
1,-0.2500000000,8.6262323189,2.7056361163e-02
1,-0.2500000000,8.6562366052,2.3347538947e-02
1,-0.2500000000,8.6862408916,2.0345855802e-02
1,-0.2500000000,8.7162451779,1.7892349748e-02
1,-0.2500000000,8.7462494642,1.5867194775e-02
1,-0.2500000000,8.7762537505,1.4179794570e-02
1,-0.2500000000,8.8062580369,1.2761224035e-02
1,-0.2500000000,8.8362623232,1.1558628895e-02
1,-0.2500000000,8.8662666095,1.0531124660e-02
1,-0.2500000000,8.8962708958,9.6468014084e-03
1,-0.2500000000,8.9262751822,8.8805309264e-03
1,-0.2500000000,8.9562794685,8.2123528069e-03
1,-0.2500000000,8.9862837548,7.6262784879e-03
1,-0.2500000000,9.0162880411,7.1093981542e-03
1,-0.2500000000,9.0462923275,6.6512083892e-03
1,-0.2500000000,9.0762966138,6.2431018451e-03
1,-0.2500000000,9.1063009001,5.8779767283e-03
1,-0.2500000000,9.1363051865,5.5499355787e-03
1,-0.2500000000,9.1663094728,5.2540511271e-03
1,-0.2500000000,9.1963137591,4.9861829311e-03
1,-0.2500000000,9.2263180454,4.7428327479e-03
1,-0.2500000000,9.2563223318,4.5210296761e-03
1,-0.2500000000,9.2863266181,4.3182383398e-03
1,-0.2500000000,9.3163309044,4.1322850317e-03
1,-0.2500000000,9.3463351907,3.9612979470e-03
1,-0.2500000000,9.3763394771,3.8036585429e-03
1,-0.2500000000,9.4063437634,3.6579617372e-03
1,-0.2500000000,9.4363480497,3.5229831702e-03
1,-0.2500000000,9.4663523360,3.3976521420e-03
1,-0.2500000000,9.4963566224,3.2810291366e-03
1,-0.2500000000,9.5263609087,3.1722870688e-03
1,-0.2500000000,9.5563651950,3.0706955718e-03
1,-0.2500000000,9.5863694814,2.9756077752e-03
1,-0.2500000000,9.6163737677,2.8864491373e-03
1,-0.2500000000,9.6463780540,2.8027079743e-03
1,-0.2500000000,9.6763823403,2.7239274008e-03
1,-0.2500000000,9.7063866267,2.6496984468e-03
1,-0.2500000000,9.7363909130,2.5796541596e-03
1,-0.2500000000,9.7663951993,2.5134645336e-03
1,-0.2500000000,9.7963994856,2.4508321388e-03
1,-0.2500000000,9.8264037720,2.3914883393e-03
1,-0.2500000000,9.8564080583,2.3351900140e-03
1,-0.2500000000,9.8864123446,2.2817167045e-03
1,-0.2500000000,9.9164166309,2.2308681278e-03
1,-0.2500000000,9.9464209173,2.1824620024e-03
1,-0.2500000000,9.9764252036,2.1363321421e-03
1,-0.2500000000,10.0064294899,2.0923267826e-03
1,-0.2500000000,10.0364337763,2.0503071078e-03
1,-0.2500000000,10.0664380626,2.0101459489e-03
1,-0.2500000000,10.0964423489,1.9717266349e-03
1,-0.2500000000,10.1264466352,1.9349419737e-03
1,-0.2500000000,10.1564509216,1.8996933478e-03
1,-0.2500000000,10.1864552079,1.8658899097e-03
1,-0.2500000000,10.2164594942,1.8334478651e-03
1,-0.2500000000,10.2464637805,1.8022898335e-03
1,-0.2500000000,10.2764680669,1.7723442763e-03
1,-0.2500000000,10.3064723532,1.7435449845e-03
1,-0.2500000000,10.3364766395,1.7158306201e-03
1,-0.2500000000,10.3664809258,1.6891443036e-03
1,-0.2500000000,10.3964852122,1.6634332433e-03
1,-0.2500000000,10.4264894985,1.6386484026e-03
1,-0.2500000000,10.4564937848,1.6147441986e-03
1,-0.2500000000,10.4864980712,1.5916782320e-03
1,-0.2500000000,10.5165023575,1.5694110424e-03
1,-0.2500000000,10.5465066438,1.5479058880e-03
1,-0.2500000000,10.5765109301,1.5271285461e-03
1,-0.2500000000,10.6065152165,1.5070471337e-03
1,-0.2500000000,10.6365195028,1.4876319452e-03
1,-0.2500000000,10.6665237891,1.4688553063e-03
1,-0.2500000000,10.6965280754,1.4506914422e-03
1,-0.2500000000,10.7265323618,1.4331163597e-03
1,-0.2500000000,10.7565366481,1.4161077415e-03
1,-0.2500000000,10.7865409344,1.3996448514e-03
1,-0.2500000000,10.8165452207,1.3837084519e-03
1,-0.2500000000,10.8465495071,1.3682807298e-03
1,-0.2500000000,10.8765537934,1.3533452338e-03
1,-0.2500000000,10.9065580797,1.3388868194e-03
1,-0.2500000000,10.9365623661,1.3248916049e-03
1,-0.2500000000,10.9665666524,1.3113469351e-03
1,-0.2500000000,10.9965709387,1.2982413547e-03
1,-0.2500000000,11.0265752250,1.2855645917e-03
1,-0.2500000000,11.0565795114,1.2733075498e-03
1,-0.2500000000,11.0865837977,1.2614623117e-03
1,-0.2500000000,11.1165880840,1.2500221538e-03
1,-0.2500000000,11.1465923703,1.2389815738e-03
1,-0.2500000000,11.1765966567,1.2283363320e-03
1,-0.2500000000,11.2066009430,1.2180835097e-03
1,-0.2500000000,11.2366052293,1.2082215859e-03
1,-0.2500000000,11.2666095156,1.1987505373e-03
1,-0.2500000000,11.2966138020,1.1896719661e-03
1,-0.2500000000,11.3266180883,1.1809892602e-03
1,-0.2500000000,11.3566223746,1.1727077938e-03
1,-0.2500000000,11.3866266610,1.1648351760e-03
1,-0.2500000000,11.4166309473,1.1573815497e-03
1,-0.2500000000,11.4466352336,1.1503599353e-03
1,-0.2500000000,11.4766395199,1.1437865766e-03
1,-0.2500000000,11.5066438063,1.1376811612e-03
1,-0.2500000000,11.5366480926,1.1320666114e-03
1,-0.2500000000,11.5666523789,1.1269678591e-03
1,-0.2500000000,11.5966566652,1.1224089626e-03
1,-0.2500000000,11.6266609516,1.1184093310e-03
1,-0.2500000000,11.6566652379,1.1149842806e-03
1,-0.2500000000,11.6866695242,1.1121580631e-03
1,-0.2500000000,11.7166738105,1.1099848323e-03
1,-0.2500000000,11.7466780969,1.1085548829e-03
1,-0.2500000000,11.7766823832,1.1079801348e-03
1,-0.2500000000,11.8066866695,1.1083807909e-03
1,-0.2500000000,11.8366909559,1.1098858776e-03
1,-0.2500000000,11.8666952422,1.1126419632e-03
1,-0.2500000000,11.8966995285,1.1168233393e-03
1,-0.2500000000,11.9267038148,1.1226421340e-03
1,-0.2500000000,11.9567081012,1.1303593863e-03
1,-0.2500000000,11.9867123875,1.1402985730e-03
1,-0.2500000000,12.0167166738,1.1528631203e-03
1,-0.2500000000,12.0467209601,1.1685596489e-03
1,-0.2500000000,12.0767252465,1.1880292038e-03
1,-0.2500000000,12.1067295328,1.2120895395e-03
1,-0.2500000000,12.1367338191,1.2417926912e-03
1,-0.2500000000,12.1667381054,1.2785035984e-03
1,-0.2500000000,12.1967423918,1.3240073462e-03
1,-0.2500000000,12.2267466781,1.3806541149e-03
1,-0.2500000000,12.2567509644,1.4515504399e-03
1,-0.2500000000,12.2867552508,1.5407979921e-03
1,-0.2500000000,12.3167595371,1.6537542177e-03
1,-0.2500000000,12.3467638234,1.7972127584e-03
1,-0.2500000000,12.3767681097,1.9792114745e-03
1,-0.2500000000,12.4067723961,2.2077665265e-03
1,-0.2500000000,12.4367766824,2.4871605727e-03
1,-0.2500000000,12.4667809687,2.8100714225e-03
1,-0.2500000000,12.4967852550,3.1464029483e-03
1,-0.2500000000,12.5267895414,3.4389576124e-03
1,-0.2500000000,12.5567938277,3.6236486018e-03
1,-0.2500000000,12.5867981140,3.6673667117e-03
1,-0.2500000000,12.6168024003,3.5779948075e-03
1,-0.2500000000,12.6468066867,3.3790263948e-03
1,-0.2500000000,12.6768109730,3.0986320965e-03
1,-0.2500000000,12.7068152593,2.7774407631e-03
1,-0.2500000000,12.7368195456,2.4601089677e-03
1,-0.2500000000,12.7668238320,2.1772465123e-03
1,-0.2500000000,12.7968281183,1.9403867793e-03
1,-0.2500000000,12.8268324046,1.7483433118e-03
1,-0.2500000000,12.8568366910,1.5945969359e-03
1,-0.2500000000,12.8868409773,1.4716534916e-03
1,-0.2500000000,12.9168452636,1.3728372953e-03
1,-0.2500000000,12.9468495499,1.2927542365e-03
1,-0.2500000000,12.9768538363,1.2272257946e-03
1,-0.2500000000,13.0068581226,1.1730698486e-03
1,-0.2500000000,13.0368624089,1.1278736579e-03
1,-0.2500000000,13.0668666952,1.0898036017e-03
1,-0.2500000000,13.0968709816,1.0574579887e-03
1,-0.2500000000,13.1268752679,1.0297570653e-03
1,-0.2500000000,13.1568795542,1.0058619858e-03
1,-0.2500000000,13.1868838405,9.8511534773e-04
1,-0.2500000000,13.2168881269,9.6699747377e-04
1,-0.2500000000,13.2468924132,9.5109411175e-04
1,-0.2500000000,13.2768966995,9.3707240914e-04
1,-0.2500000000,13.3069009859,9.2466290641e-04
1,-0.2500000000,13.3369052722,9.1364593244e-04
1,-0.2500000000,13.3669095585,9.0384124184e-04
1,-0.2500000000,13.3969138448,8.9510005807e-04
1,-0.2500000000,13.4269181312,8.8729891554e-04
1,-0.2500000000,13.4569224175,8.8033485800e-04
1,-0.2500000000,13.4869267038,8.7412166718e-04
1,-0.2500000000,13.5169309901,8.6858688039e-04
1,-0.2500000000,13.5469352765,8.6366941649e-04
1,-0.2500000000,13.5769395628,8.5931767478e-04
1,-0.2500000000,13.6069438491,8.5548800383e-04
1,-0.2500000000,13.6369481354,8.5214346193e-04
1,-0.2500000000,13.6669524218,8.4925280870e-04
1,-0.2500000000,13.6969567081,8.4678968141e-04
1,-0.2500000000,13.7269609944,8.4473191971e-04
1,-0.2500000000,13.7569652808,8.4306101033e-04
1,-0.2500000000,13.7869695671,8.4176162942e-04
1,-0.2500000000,13.8169738534,8.4082126507e-04
1,-0.2500000000,13.8469781397,8.4022990570e-04
1,-0.2500000000,13.8769824261,8.3997978341e-04
1,-0.2500000000,13.9069867124,8.4006516321e-04
1,-0.2500000000,13.9369909987,8.4048217101e-04
1,-0.2500000000,13.9669952850,8.4122865473e-04
1,-0.2500000000,13.9969995714,8.4230407370e-04
1,-0.2500000000,14.0270038577,8.4370941303e-04
1,-0.2500000000,14.0570081440,8.4544711970e-04
1,-0.2500000000,14.0870124303,8.4752105834e-04
1,-0.2500000000,14.1170167167,8.4993648485e-04
1,-0.2500000000,14.1470210030,8.5270003661e-04
1,-0.2500000000,14.1770252893,8.5581973840e-04
1,-0.2500000000,14.2070295757,8.5930502348e-04
1,-0.2500000000,14.2370338620,8.6316676969e-04
1,-0.2500000000,14.2670381483,8.6741735064e-04
1,-0.2500000000,14.2970424346,8.7207070249e-04
1,-0.2500000000,14.3270467210,8.7714240708e-04
1,-0.2500000000,14.3570510073,8.8264979243e-04
1,-0.2500000000,14.3870552936,8.8861205229e-04
1,-0.2500000000,14.4170595799,8.9505038647e-04
1,-0.2500000000,14.4470638663,9.0198816441e-04
1,-0.2500000000,14.4770681526,9.0945111506e-04
1,-0.2500000000,14.5070724389,9.1746754656e-04
1,-0.2500000000,14.5370767252,9.2606860046e-04
1,-0.2500000000,14.5670810116,9.3528854571e-04
1,-0.2500000000,14.5970852979,9.4516511955e-04
1,-0.2500000000,14.6270895842,9.5573992342e-04
1,-0.2500000000,14.6570938706,9.6705888454e-04
1,-0.2500000000,14.6870981569,9.7917279600e-04
1,-0.2500000000,14.7171024432,9.9213795194e-04
1,-0.2500000000,14.7471067295,1.0060168983e-03
1,-0.2500000000,14.7771110159,1.0208793260e-03
1,-0.2500000000,14.8071153022,1.0368031399e-03
1,-0.2500000000,14.8371195885,1.0538757490e-03
1,-0.2500000000,14.8671238748,1.0721956340e-03
1,-0.2500000000,14.8971281612,1.0918742716e-03
1,-0.2500000000,14.9271324475,1.1130385143e-03
1,-0.2500000000,14.9571367338,1.1358335678e-03
1,-0.2500000000,14.9871410201,1.1604267497e-03
1,-0.2500000000,15.0171453065,1.1870122900e-03
1,-0.2500000000,15.0471495928,1.2158175250e-03
1,-0.2500000000,15.0771538791,1.2471109794e-03
1,-0.2500000000,15.1071581655,1.2812130147e-03
1,-0.2500000000,15.1371624518,1.3185099864e-03
1,-0.2500000000,15.1671667381,1.3594731771e-03
1,-0.2500000000,15.1971710244,1.4046841547e-03
1,-0.2500000000,15.2271753108,1.4548684909e-03
1,-0.2500000000,15.2571795971,1.5109395581e-03
1,-0.2500000000,15.2871838834,1.5740522271e-03
1,-0.2500000000,15.3171881697,1.6456597262e-03
1,-0.2500000000,15.3471924561,1.7275485458e-03
1,-0.2500000000,15.3771967424,1.8217807441e-03
1,-0.2500000000,15.4072010287,1.9303746234e-03
1,-0.2500000000,15.4372053150,2.0543911074e-03
1,-0.2500000000,15.4672096014,2.1920000432e-03
1,-0.2500000000,15.4972138877,2.3357134356e-03
1,-0.2500000000,15.5272181740,2.4713564215e-03
1,-0.2500000000,15.5572224604,2.5837866713e-03
1,-0.2500000000,15.5872267467,2.6686921349e-03
1,-0.2500000000,15.6172310330,2.7376544489e-03
1,-0.2500000000,15.6472353193,2.8095105050e-03
1,-0.2500000000,15.6772396057,2.8996267670e-03
1,-0.2500000000,15.7072438920,3.0168234724e-03
1,-0.2500000000,15.7372481783,3.1655524765e-03
1,-0.2500000000,15.7672524646,3.3486808915e-03
1,-0.2500000000,15.7972567510,3.5692658946e-03
1,-0.2500000000,15.8272610373,3.8314821517e-03
1,-0.2500000000,15.8572653236,4.1411502692e-03
1,-0.2500000000,15.8872696099,4.5061717701e-03
1,-0.2500000000,15.9172738963,4.9370407829e-03
1,-0.2500000000,15.9472781826,5.4475390323e-03
1,-0.2500000000,15.9772824689,6.0557070979e-03
1,-0.2500000000,16.0072867553,6.7851993353e-03
1,-0.2500000000,16.0372910416,7.6671588919e-03
1,-0.2500000000,16.0672953279,8.7427794534e-03
1,-0.2500000000,16.0972996142,1.0066722151e-02
1,-0.2500000000,16.1273039006,1.1711450423e-02
1,-0.2500000000,16.1573081869,1.3772127165e-02
1,-0.2500000000,16.1873124732,1.6370484372e-02
1,-0.2500000000,16.2173167595,1.9652898457e-02
1,-0.2500000000,16.2473210459,2.3770670781e-02
1,-0.2500000000,16.2773253322,2.8817016104e-02
1,-0.2500000000,16.3073296185,3.4680915473e-02
1,-0.2500000000,16.3373339048,4.0802102055e-02
1,-0.2500000000,16.3673381912,4.5971969308e-02
1,-0.2500000000,16.3973424775,4.8609696807e-02
1,-0.2500000000,16.4273467638,4.7757600395e-02
1,-0.2500000000,16.4573510502,4.3917400762e-02
1,-0.2500000000,16.4873553365,3.8614658611e-02
1,-0.2500000000,16.5173596228,3.3293951690e-02
1,-0.2500000000,16.5473639091,2.8754679315e-02
1,-0.2500000000,16.5773681955,2.5214310599e-02
1,-0.2500000000,16.6073724818,2.2533207672e-02
1,-0.2500000000,16.6373767681,2.0383817294e-02
1,-0.2500000000,16.6673810544,1.8407126422e-02
1,-0.2500000000,16.6973853408,1.6393670376e-02
1,-0.2500000000,16.7273896271,1.4361458002e-02
1,-0.2500000000,16.7573939134,1.2448302149e-02
1,-0.2500000000,16.7873981997,1.0766857994e-02
1,-0.2500000000,16.8174024861,9.3554700520e-03
1,-0.2500000000,16.8474067724,8.1994589583e-03
1,-0.2500000000,16.8774110587,7.2624325244e-03
1,-0.2500000000,16.9074153450,6.5051906103e-03
1,-0.2500000000,16.9374196314,5.8934604134e-03
1,-0.2500000000,16.9674239177,5.3998121361e-03
1,-0.2500000000,16.9974282040,5.0032865457e-03
1,-0.2500000000,17.0274324904,4.6883968903e-03
1,-0.2500000000,17.0574367767,4.4441533901e-03
1,-0.2500000000,17.0874410630,4.2633178412e-03
1,-0.2500000000,17.1174453493,4.1419322596e-03
1,-0.2500000000,17.1474496357,4.0791177025e-03
1,-0.2500000000,17.1774539220,4.0771334866e-03
1,-0.2500000000,17.2074582083,4.1416872545e-03
1,-0.2500000000,17.2374624946,4.2824636550e-03
1,-0.2500000000,17.2674667810,4.5137435850e-03
1,-0.2500000000,17.2974710673,4.8547048898e-03
1,-0.2500000000,17.3274753536,5.3282909157e-03
1,-0.2500000000,17.3574796399,5.9560072380e-03
1,-0.2500000000,17.3874839263,6.7434725975e-03
1,-0.2500000000,17.4174882126,7.6501358170e-03
1,-0.2500000000,17.4474924989,8.5461691513e-03
1,-0.2500000000,17.4774967853,9.1965989145e-03
1,-0.2500000000,17.5075010716,9.3501566627e-03
1,-0.2500000000,17.5375053579,8.9213503855e-03
1,-0.2500000000,17.5675096442,8.0668677403e-03
1,-0.2500000000,17.5975139306,7.0502474847e-03
1,-0.2500000000,17.6275182169,6.0754958742e-03
1,-0.2500000000,17.6575225032,5.2390307209e-03
1,-0.2500000000,17.6875267895,4.5620375180e-03
1,-0.2500000000,17.7175310759,4.0314226493e-03
1,-0.2500000000,17.7475353622,3.6244607930e-03
1,-0.2500000000,17.7775396485,3.3193898784e-03
1,-0.2500000000,17.8075439348,3.0983335907e-03
1,-0.2500000000,17.8375482212,2.9463453235e-03
1,-0.2500000000,17.8675525075,2.8479436728e-03
1,-0.2500000000,17.8975567938,2.7820994799e-03
1,-0.2500000000,17.9275610802,2.7195239044e-03
1,-0.2500000000,17.9575653665,2.6298990983e-03
1,-0.2500000000,17.9875696528,2.4991611933e-03
1,-0.2500000000,18.0175739391,2.3381412670e-03
1,-0.2500000000,18.0475782255,2.1701822974e-03
1,-0.2500000000,18.0775825118,2.0141161326e-03
1,-0.2500000000,18.1075867981,1.8785499104e-03
1,-0.2500000000,18.1375910844,1.7646550767e-03
1,-0.2500000000,18.1675953708,1.6701864658e-03
1,-0.2500000000,18.1975996571,1.5919692108e-03
1,-0.2500000000,18.2276039434,1.5269847380e-03
1,-0.2500000000,18.2576082297,1.4727083725e-03
1,-0.2500000000,18.2876125161,1.4271360140e-03
1,-0.2500000000,18.3176168024,1.3887093507e-03
1,-0.2500000000,18.3476210887,1.3562235052e-03
1,-0.2500000000,18.3776253751,1.3287452073e-03
1,-0.2500000000,18.4076296614,1.3055477725e-03
1,-0.2500000000,18.4376339477,1.2860617263e-03
1,-0.2500000000,18.4676382340,1.2698380198e-03
1,-0.2500000000,18.4976425204,1.2565208056e-03
1,-0.2500000000,18.5276468067,1.2458272971e-03
1,-0.2500000000,18.5576510930,1.2375328380e-03
1,-0.2500000000,18.5876553793,1.2314598103e-03
1,-0.2500000000,18.6176596657,1.2274693963e-03
1,-0.2500000000,18.6476639520,1.2254554946e-03
1,-0.2500000000,18.6776682383,1.2253402987e-03
1,-0.2500000000,18.7076725246,1.2270711984e-03
1,-0.2500000000,18.7376768110,1.2306187816e-03
1,-0.2500000000,18.7676810973,1.2359758034e-03
1,-0.2500000000,18.7976853836,1.2431570673e-03
1,-0.2500000000,18.8276896700,1.2522002372e-03
1,-0.2500000000,18.8576939563,1.2631676737e-03
1,-0.2500000000,18.8876982426,1.2761494778e-03
1,-0.2500000000,18.9177025289,1.2912680364e-03
1,-0.2500000000,18.9477068153,1.3086845122e-03
1,-0.2500000000,18.9777111016,1.3286079216e-03
1,-0.2500000000,19.0077153879,1.3513077143e-03
1,-0.2500000000,19.0377196742,1.3771311332e-03
1,-0.2500000000,19.0677239606,1.4065270794e-03
1,-0.2500000000,19.0977282469,1.4400786805e-03
1,-0.2500000000,19.1277325332,1.4785469937e-03
1,-0.2500000000,19.1577368195,1.5229274939e-03
1,-0.2500000000,19.1877411059,1.5745171246e-03
1,-0.2500000000,19.2177453922,1.6349774944e-03
1,-0.2500000000,19.2477496785,1.7063471498e-03
1,-0.2500000000,19.2777539649,1.7908781488e-03
1,-0.2500000000,19.3077582512,1.8904145165e-03
1,-0.2500000000,19.3377625375,2.0048078737e-03
1,-0.2500000000,19.3677668238,2.1289068368e-03
1,-0.2500000000,19.3977711102,2.2490843941e-03
1,-0.2500000000,19.4277753965,2.3440515742e-03
1,-0.2500000000,19.4577796828,2.3957865881e-03
1,-0.2500000000,19.4877839691,2.4042126928e-03
1,-0.2500000000,19.5177882555,2.3875557925e-03
1,-0.2500000000,19.5477925418,2.3678830836e-03
1,-0.2500000000,19.5777968281,2.3598170621e-03
1,-0.2500000000,19.6078011144,2.3694385473e-03
1,-0.2500000000,19.6378054008,2.3977279955e-03
1,-0.2500000000,19.6678096871,2.4436545968e-03
1,-0.2500000000,19.6978139734,2.5058405319e-03
1,-0.2500000000,19.7278182598,2.5832220218e-03
1,-0.2500000000,19.7578225461,2.6752221885e-03
1,-0.2500000000,19.7878268324,2.7817512909e-03
1,-0.2500000000,19.8178311187,2.9031716739e-03
1,-0.2500000000,19.8478354051,3.0402692873e-03
1,-0.2500000000,19.8778396914,3.1942423526e-03
1,-0.2500000000,19.9078439777,3.3667106965e-03
1,-0.2500000000,19.9378482640,3.5597477194e-03
1,-0.2500000000,19.9678525504,3.7759370854e-03
1,-0.2500000000,19.9978568367,4.0184574379e-03
1,-0.2500000000,20.0278611230,4.2912004873e-03
1,-0.2500000000,20.0578654093,4.5989305963e-03
1,-0.2500000000,20.0878696957,4.9474975525e-03
1,-0.2500000000,20.1178739820,5.3441186265e-03
1,-0.2500000000,20.1478782683,5.7977510172e-03
1,-0.2500000000,20.1778825547,6.3195801173e-03
1,-0.2500000000,20.2078868410,6.9236486315e-03
1,-0.2500000000,20.2378911273,7.6276357370e-03
1,-0.2500000000,20.2678954136,8.4537395620e-03
1,-0.2500000000,20.2978997000,9.4294753235e-03
1,-0.2500000000,20.3279039863,1.0587938254e-02
1,-0.2500000000,20.3579082726,1.1966855691e-02
1,-0.2500000000,20.3879125589,1.3606460526e-02
1,-0.2500000000,20.4179168453,1.5549484244e-02
1,-0.2500000000,20.4479211316,1.7849873337e-02
1,-0.2500000000,20.4779254179,2.0586548674e-02
1,-0.2500000000,20.5079297042,2.3854825646e-02
1,-0.2500000000,20.5379339906,2.7716277483e-02
1,-0.2500000000,20.5679382769,3.2142729884e-02
1,-0.2500000000,20.5979425632,3.7043895955e-02
1,-0.2500000000,20.6279468495,4.2444414143e-02
1,-0.2500000000,20.6579511359,4.8671196099e-02
1,-0.2500000000,20.6879554222,5.6267288619e-02
1,-0.2500000000,20.7179597085,6.5605585585e-02
1,-0.2500000000,20.7479639949,7.6377813979e-02
1,-0.2500000000,20.7779682812,8.7070631725e-02
1,-0.2500000000,20.8079725675,9.4837114761e-02
1,-0.2500000000,20.8379768538,9.6637197238e-02
1,-0.2500000000,20.8679811402,9.1460907763e-02
1,-0.2500000000,20.8979854265,8.1217300350e-02
1,-0.2500000000,20.9279897128,6.9071456386e-02
1,-0.2500000000,20.9579939991,5.7449858781e-02
1,-0.2500000000,20.9879982855,4.7482417960e-02
1,-0.2500000000,21.0180025718,3.9399399991e-02
1,-0.2500000000,21.0480068581,3.3022627160e-02
1,-0.2500000000,21.0780111444,2.8058986221e-02
1,-0.2500000000,21.1080154308,2.4226727298e-02
1,-0.2500000000,21.1380197171,2.1293381363e-02
1,-0.2500000000,21.1680240034,1.9074613045e-02
1,-0.2500000000,21.1980282898,1.7415961759e-02
1,-0.2500000000,21.2280325761,1.6168929555e-02
1,-0.2500000000,21.2580368624,1.5180002024e-02
1,-0.2500000000,21.2880411487,1.4318670657e-02
1,-0.2500000000,21.3180454351,1.3531729559e-02
1,-0.2500000000,21.3480497214,1.2850090170e-02
1,-0.2500000000,21.3780540077,1.2319708179e-02
1,-0.2500000000,21.4080582940,1.1922678827e-02
1,-0.2500000000,21.4380625804,1.1547651803e-02
1,-0.2500000000,21.4680668667,1.1034934561e-02
1,-0.2500000000,21.4980711530,1.0288260042e-02
1,-0.2500000000,21.5280754393,9.3511951639e-03
1,-0.2500000000,21.5580797257,8.3554999604e-03
1,-0.2500000000,21.5880840120,7.4184963254e-03
1,-0.2500000000,21.6180882983,6.5985692881e-03
1,-0.2500000000,21.6480925847,5.9069900160e-03
1,-0.2500000000,21.6780968710,5.3320517931e-03
1,-0.2500000000,21.7081011573,4.8551563966e-03
1,-0.2500000000,21.7381054436,4.4581572094e-03
1,-0.2500000000,21.7681097300,4.1257833955e-03
1,-0.2500000000,21.7981140163,3.8459565854e-03
1,-0.2500000000,21.8281183026,3.6093948153e-03
1,-0.2500000000,21.8581225889,3.4090758615e-03
1,-0.2500000000,21.8881268753,3.2397581423e-03
1,-0.2500000000,21.9181311616,3.0976091173e-03
1,-0.2500000000,21.9481354479,2.9799400793e-03
1,-0.2500000000,21.9781397342,2.8850333390e-03
1,-0.2500000000,22.0081440206,2.8120485983e-03
1,-0.2500000000,22.0381483069,2.7610003174e-03
1,-0.2500000000,22.0681525932,2.7328035012e-03
1,-0.2500000000,22.0981568796,2.7293895785e-03
1,-0.2500000000,22.1281611659,2.7538938668e-03
1,-0.2500000000,22.1581654522,2.8109040200e-03
1,-0.2500000000,22.1881697385,2.9067167560e-03
1,-0.2500000000,22.2181740249,3.0494399341e-03
1,-0.2500000000,22.2481783112,3.2485396970e-03
1,-0.2500000000,22.2781825975,3.5130646030e-03
1,-0.2500000000,22.3081868838,3.8476891355e-03
1,-0.2500000000,22.3381911702,4.2474016137e-03
1,-0.2500000000,22.3681954565,4.6963903756e-03
1,-0.2500000000,22.3981997428,5.1771546912e-03
1,-0.2500000000,22.4282040291,5.6769534396e-03
1,-0.2500000000,22.4582083155,6.1631945422e-03
1,-0.2500000000,22.4882126018,6.5405114821e-03
1,-0.2500000000,22.5182168881,6.6605921524e-03
1,-0.2500000000,22.5482211745,6.4241690656e-03
1,-0.2500000000,22.5782254608,5.8780308112e-03
1,-0.2500000000,22.6082297471,5.1780571976e-03
1,-0.2500000000,22.6382340334,4.4744708862e-03
1,-0.2500000000,22.6682383198,3.8511527133e-03
1,-0.2500000000,22.6982426061,3.3337098457e-03
1,-0.2500000000,22.7282468924,2.9171539968e-03
1,-0.2500000000,22.7582511787,2.5858690878e-03
1,-0.2500000000,22.7882554651,2.3232228177e-03
1,-0.2500000000,22.8182597514,2.1149937426e-03
1,-0.2500000000,22.8482640377,1.9499907031e-03
1,-0.2500000000,22.8782683240,1.8195383257e-03
1,-0.2500000000,22.9082726104,1.7164326129e-03
1,-0.2500000000,22.9382768967,1.6335760686e-03
1,-0.2500000000,22.9682811830,1.5628608647e-03
1,-0.2500000000,22.9982854694,1.4957874822e-03
1,-0.2500000000,23.0282897557,1.4266666255e-03
1,-0.2500000000,23.0582940420,1.3553680688e-03
1,-0.2500000000,23.0882983283,1.2857178893e-03
1,-0.2500000000,23.1183026147,1.2215855173e-03
1,-0.2500000000,23.1483069010,1.1648783586e-03
1,-0.2500000000,23.1783111873,1.1157853612e-03
1,-0.2500000000,23.2083154736,1.0736434604e-03
1,-0.2500000000,23.2383197600,1.0375548777e-03
1,-0.2500000000,23.2683240463,1.0066772542e-03
1,-0.2500000000,23.2983283326,9.8032210271e-04
1,-0.2500000000,23.3283326189,9.5797053325e-04
1,-0.2500000000,23.3583369053,9.3926215041e-04
1,-0.2500000000,23.3883411916,9.2398068263e-04
1,-0.2500000000,23.4183454779,9.1204469783e-04
1,-0.2500000000,23.4483497643,9.0350483070e-04
1,-0.2500000000,23.4783540506,8.9854404550e-04
1,-0.2500000000,23.5083583369,8.9746949143e-04
1,-0.2500000000,23.5383626232,9.0066706004e-04
1,-0.2500000000,23.5683669096,9.0845517604e-04
1,-0.2500000000,23.5983711959,9.2072812953e-04
1,-0.2500000000,23.6283754822,9.3630023291e-04
1,-0.2500000000,23.6583797685,9.5220084962e-04
1,-0.2500000000,23.6883840549,9.6398910201e-04
1,-0.2500000000,23.7183883412,9.6822797354e-04
1,-0.2500000000,23.7483926275,9.6547480135e-04
1,-0.2500000000,23.7783969138,9.6003764220e-04
1,-0.2500000000,23.8084012002,9.5686328217e-04
1,-0.2500000000,23.8384054865,9.5936472577e-04
1,-0.2500000000,23.8684097728,9.6936260614e-04
1,-0.2500000000,23.8984140592,9.8787939231e-04
1,-0.2500000000,23.9284183455,1.0158322000e-03
1,-0.2500000000,23.9584226318,1.0544512577e-03
1,-0.2500000000,23.9884269181,1.1055297204e-03
1,-0.2500000000,24.0184312045,1.1716059401e-03
1,-0.2500000000,24.0484354908,1.2561092390e-03
1,-0.2500000000,24.0784397771,1.3634055518e-03
1,-0.2500000000,24.1084440634,1.4985167578e-03
1,-0.2500000000,24.1384483498,1.6659931093e-03
1,-0.2500000000,24.1684526361,1.8670533932e-03
1,-0.2500000000,24.1984569224,2.0943709721e-03
1,-0.2500000000,24.2284612087,2.3267878425e-03
1,-0.2500000000,24.2584654951,2.5324062318e-03
1,-0.2500000000,24.2884697814,2.6871037643e-03
1,-0.2500000000,24.3184740677,2.7937349905e-03
1,-0.2500000000,24.3484783541,2.8787498924e-03
1,-0.2500000000,24.3784826404,2.9765609092e-03
1,-0.2500000000,24.4084869267,3.1219477298e-03
1,-0.2500000000,24.4384912130,3.3439870232e-03
1,-0.2500000000,24.4684954994,3.6529993699e-03
1,-0.2500000000,24.4984997857,4.0227965293e-03
1,-0.2500000000,24.5285040720,4.3750017965e-03
1,-0.2500000000,24.5585083583,4.5895278390e-03
1,-0.2500000000,24.5885126447,4.5696259733e-03
1,-0.2500000000,24.6185169310,4.3205543649e-03
1,-0.2500000000,24.6485212173,3.9445457572e-03
1,-0.2500000000,24.6785255036,3.5589742671e-03
1,-0.2500000000,24.7085297900,3.2357951801e-03
1,-0.2500000000,24.7385340763,2.9936213201e-03
1,-0.2500000000,24.7685383626,2.8116147330e-03
1,-0.2500000000,24.7985426489,2.6473225216e-03
1,-0.2500000000,24.8285469353,2.4620715809e-03
1,-0.2500000000,24.8585512216,2.2459126053e-03
1,-0.2500000000,24.8885555079,2.0178359362e-03
1,-0.2500000000,24.9185597943,1.8036352141e-03
1,-0.2500000000,24.9485640806,1.6192061798e-03
1,-0.2500000000,24.9785683669,1.4690062290e-03
1,-0.2500000000,25.0085726532,1.3509818640e-03
1,-0.2500000000,25.0385769396,1.2608677530e-03
1,-0.2500000000,25.0685812259,1.1944144032e-03
1,-0.2500000000,25.0985855122,1.1482314424e-03
1,-0.2500000000,25.1285897985,1.1199950189e-03
1,-0.2500000000,25.1585940849,1.1084377843e-03
1,-0.2500000000,25.1885983712,1.1133066039e-03
1,-0.2500000000,25.2186026575,1.1353566896e-03
1,-0.2500000000,25.2486069438,1.1763941205e-03
1,-0.2500000000,25.2786112302,1.2393333239e-03
1,-0.2500000000,25.3086155165,1.3281593105e-03
1,-0.2500000000,25.3386198028,1.4475288632e-03
1,-0.2500000000,25.3686240892,1.6014965074e-03
1,-0.2500000000,25.3986283755,1.7907488874e-03
1,-0.2500000000,25.4286326618,2.0087506047e-03
1,-0.2500000000,25.4586369481,2.2405073585e-03
1,-0.2500000000,25.4886412345,2.4692576477e-03
1,-0.2500000000,25.5186455208,2.6852371022e-03
1,-0.2500000000,25.5486498071,2.8774945449e-03
1,-0.2500000000,25.5786540934,3.0115970844e-03
1,-0.2500000000,25.6086583798,3.0312054317e-03
1,-0.2500000000,25.6386626661,2.9024365898e-03
1,-0.2500000000,25.6686669524,2.6528048366e-03
1,-0.2500000000,25.6986712387,2.3512497796e-03
1,-0.2500000000,25.7286755251,2.0600448570e-03
1,-0.2500000000,25.7586798114,1.8125475410e-03
1,-0.2500000000,25.7886840977,1.6185378496e-03
1,-0.2500000000,25.8186883841,1.4760714607e-03
1,-0.2500000000,25.8486926704,1.3793809396e-03
1,-0.2500000000,25.8786969567,1.3220327547e-03
1,-0.2500000000,25.9087012430,1.2968159677e-03
1,-0.2500000000,25.9387055294,1.2936647876e-03
1,-0.2500000000,25.9687098157,1.2978291820e-03
1,-0.2500000000,25.9987141020,1.2926865195e-03
1,-0.2500000000,26.0287183883,1.2690251635e-03
1,-0.2500000000,26.0587226747,1.2317912471e-03
1,-0.2500000000,26.0887269610,1.1943734183e-03
1,-0.2500000000,26.1187312473,1.1668052184e-03
1,-0.2500000000,26.1487355336,1.1489083524e-03
1,-0.2500000000,26.1787398200,1.1305635212e-03
1,-0.2500000000,26.2087441063,1.0986079661e-03
1,-0.2500000000,26.2387483926,1.0475449065e-03
1,-0.2500000000,26.2687526790,9.8397932908e-04
1,-0.2500000000,26.2987569653,9.2006427279e-04
1,-0.2500000000,26.3287612516,8.6534130567e-04
1,-0.2500000000,26.3587655379,8.2441157660e-04
1,-0.2500000000,26.3887698243,7.9849624474e-04
1,-0.2500000000,26.4187741106,7.8728098453e-04
1,-0.2500000000,26.4487783969,7.8969791996e-04
1,-0.2500000000,26.4787826832,8.0360727069e-04
1,-0.2500000000,26.5087869696,8.2485036955e-04
1,-0.2500000000,26.5387912559,8.4697359751e-04
1,-0.2500000000,26.5687955422,8.6326531604e-04
1,-0.2500000000,26.5987998285,8.6980602131e-04
1,-0.2500000000,26.6288041149,8.6527864930e-04
1,-0.2500000000,26.6588084012,8.4864015778e-04
1,-0.2500000000,26.6888126875,8.2025840123e-04
1,-0.2500000000,26.7188169739,7.8459532778e-04
1,-0.2500000000,26.7488212602,7.4865196933e-04
1,-0.2500000000,26.7788255465,7.1809660156e-04
1,-0.2500000000,26.8088298328,6.9569152996e-04
1,-0.2500000000,26.8388341192,6.8205181182e-04
1,-0.2500000000,26.8688384055,6.7684665423e-04
1,-0.2500000000,26.8988426918,6.7958068933e-04
1,-0.2500000000,26.9288469781,6.8995965437e-04
1,-0.2500000000,26.9588512645,7.0803423250e-04
1,-0.2500000000,26.9888555508,7.3426052624e-04
1,-0.2500000000,27.0188598371,7.6954652728e-04
1,-0.2500000000,27.0488641234,8.1531301668e-04
1,-0.2500000000,27.0788684098,8.7357369108e-04
1,-0.2500000000,27.1088726961,9.4701700349e-04
1,-0.2500000000,27.1388769824,1.0390410488e-03
1,-0.2500000000,27.1688812688,1.1536690663e-03
1,-0.2500000000,27.1988855551,1.2953584821e-03
1,-0.2500000000,27.2288898414,1.4690904409e-03
1,-0.2500000000,27.2588941277,1.6814711252e-03
1,-0.2500000000,27.2888984141,1.9422730631e-03
1,-0.2500000000,27.3189027004,2.2627668191e-03
1,-0.2500000000,27.3489069867,2.6468738039e-03
1,-0.2500000000,27.3789112730,3.0745322269e-03
1,-0.2500000000,27.4089155594,3.4824823693e-03
1,-0.2500000000,27.4389198457,3.7636355329e-03
1,-0.2500000000,27.4689241320,3.8166661406e-03
1,-0.2500000000,27.4989284183,3.6249480805e-03
1,-0.2500000000,27.5289327047,3.2721633666e-03
1,-0.2500000000,27.5589369910,2.8727065381e-03
1,-0.2500000000,27.5889412773,2.5061118780e-03
1,-0.2500000000,27.6189455637,2.2045333149e-03
1,-0.2500000000,27.6489498500,1.9693676088e-03
1,-0.2500000000,27.6789541363,1.7903445690e-03
1,-0.2500000000,27.7089584226,1.6584447474e-03
1,-0.2500000000,27.7389627090,1.5703097818e-03
1,-0.2500000000,27.7689669953,1.5259417957e-03
1,-0.2500000000,27.7989712816,1.5248887474e-03
1,-0.2500000000,27.8289755679,1.5628989297e-03
1,-0.2500000000,27.8589798543,1.6275415377e-03
1,-0.2500000000,27.8889841406,1.6935165443e-03
1,-0.2500000000,27.9189884269,1.7251704621e-03
1,-0.2500000000,27.9489927132,1.6945393942e-03
1,-0.2500000000,27.9789969996,1.6029173702e-03
1,-0.2500000000,28.0090012859,1.4787594462e-03
1,-0.2500000000,28.0390055722,1.3548353879e-03
1,-0.2500000000,28.0690098586,1.2523256401e-03
1,-0.2500000000,28.0990141449,1.1802224567e-03
1,-0.2500000000,28.1290184312,1.1407698045e-03
1,-0.2500000000,28.1590227175,1.1339131384e-03
1,-0.2500000000,28.1890270039,1.1592704589e-03
1,-0.2500000000,28.2190312902,1.2159498117e-03
1,-0.2500000000,28.2490355765,1.3004430909e-03
1,-0.2500000000,28.2790398628,1.4032466023e-03
1,-0.2500000000,28.3090441492,1.5073717456e-03
1,-0.2500000000,28.3390484355,1.5939024963e-03
1,-0.2500000000,28.3690527218,1.6518864275e-03
1,-0.2500000000,28.3990570081,1.6779172814e-03
1,-0.2500000000,28.4290612945,1.6644630853e-03
1,-0.2500000000,28.4590655808,1.5995442367e-03
1,-0.2500000000,28.4890698671,1.4837158374e-03
1,-0.2500000000,28.5190741535,1.3379399606e-03
1,-0.2500000000,28.5490784398,1.1898393902e-03
1,-0.2500000000,28.5790827261,1.0585072278e-03
1,-0.2500000000,28.6090870124,9.5163993461e-04
1,-0.2500000000,28.6390912988,8.6978153950e-04
1,-0.2500000000,28.6690955851,8.1065858614e-04
1,-0.2500000000,28.6990998714,7.7158938170e-04
1,-0.2500000000,28.7291041577,7.5037989693e-04
1,-0.2500000000,28.7591084441,7.4530274509e-04
1,-0.2500000000,28.7891127304,7.5436930802e-04
1,-0.2500000000,28.8191170167,7.7389981190e-04
1,-0.2500000000,28.8491213030,7.9694208155e-04
1,-0.2500000000,28.8791255894,8.1372190694e-04
1,-0.2500000000,28.9091298757,8.1658852878e-04
1,-0.2500000000,28.9391341620,8.0630846451e-04
1,-0.2500000000,28.9691384483,7.9178355396e-04
1,-0.2500000000,28.9991427347,7.8339121315e-04
1,-0.2500000000,29.0291470210,7.8766268470e-04
1,-0.2500000000,29.0591513073,8.0577090915e-04
1,-0.2500000000,29.0891555937,8.3337810012e-04
1,-0.2500000000,29.1191598800,8.6136484090e-04
1,-0.2500000000,29.1491641663,8.8009492916e-04
1,-0.2500000000,29.1791684526,8.8691307979e-04
1,-0.2500000000,29.2091727390,8.8903997494e-04
1,-0.2500000000,29.2391770253,8.9747329332e-04
1,-0.2500000000,29.2691813116,9.1872509359e-04
1,-0.2500000000,29.2991855979,9.5028306568e-04
1,-0.2500000000,29.3291898843,9.8000961495e-04
1,-0.2500000000,29.3591941706,9.9107089707e-04
1,-0.2500000000,29.3891984569,9.7296008095e-04
1,-0.2500000000,29.4192027432,9.2907098202e-04
1,-0.2500000000,29.4492070296,8.7212080487e-04
1,-0.2500000000,29.4792113159,8.1528085949e-04
1,-0.2500000000,29.5092156022,7.6812029099e-04
1,-0.2500000000,29.5392198886,7.3616962020e-04
1,-0.2500000000,29.5692241749,7.2140423340e-04
1,-0.2500000000,29.5992284612,7.2264300909e-04
1,-0.2500000000,29.6292327475,7.3511892253e-04
1,-0.2500000000,29.6592370339,7.4969915280e-04
1,-0.2500000000,29.6892413202,7.5446602228e-04
1,-0.2500000000,29.7192456065,7.4076131986e-04
1,-0.2500000000,29.7492498928,7.0913166527e-04
1,-0.2500000000,29.7792541792,6.6804621080e-04
1,-0.2500000000,29.8092584655,6.2747141143e-04
1,-0.2500000000,29.8392627518,5.9435192053e-04
1,-0.2500000000,29.8692670381,5.7200640721e-04
1,-0.2500000000,29.8992713245,5.6137715517e-04
1,-0.2500000000,29.9292756108,5.6212296384e-04
1,-0.2500000000,29.9592798971,5.7275975397e-04
1,-0.2500000000,29.9892841835,5.8982991800e-04
1,-0.2500000000,30.0192884698,6.0688463248e-04
1,-0.2500000000,30.0492927561,6.1542028381e-04
1,-0.2500000000,30.0792970424,6.0947414801e-04
1,-0.2500000000,30.1093013288,5.9029451479e-04
1,-0.2500000000,30.1393056151,5.6499715140e-04
1,-0.2500000000,30.1693099014,5.4106513765e-04
1,-0.2500000000,30.1993141877,5.2308883547e-04
1,-0.2500000000,30.2293184741,5.1296020912e-04
1,-0.2500000000,30.2593227604,5.1120636866e-04
1,-0.2500000000,30.2893270467,5.1799781296e-04
1,-0.2500000000,30.3193313330,5.3363965066e-04
1,-0.2500000000,30.3493356194,5.5871381458e-04
1,-0.2500000000,30.3793399057,5.9394099477e-04
1,-0.2500000000,30.4093441920,6.3967784401e-04
1,-0.2500000000,30.4393484784,6.9496999049e-04
1,-0.2500000000,30.4693527647,7.5661936197e-04
1,-0.2500000000,30.4993570510,8.1994676201e-04
1,-0.2500000000,30.5293613373,8.8275168785e-04
1,-0.2500000000,30.5593656237,9.4944669823e-04
1,-0.2500000000,30.5893699100,1.0295583776e-03
1,-0.2500000000,30.6193741963,1.1311543285e-03
1,-0.2500000000,30.6493784826,1.2541679431e-03
1,-0.2500000000,30.6793827690,1.3856813224e-03
1,-0.2500000000,30.7093870553,1.4999346219e-03
1,-0.2500000000,30.7393913416,1.5681058644e-03
1,-0.2500000000,30.7693956279,1.5730055106e-03
1,-0.2500000000,30.7993999143,1.5147434956e-03
1,-0.2500000000,30.8294042006,1.4081528955e-03
1,-0.2500000000,30.8594084869,1.2784048456e-03
1,-0.2500000000,30.8894127733,1.1516321277e-03
1,-0.2500000000,30.9194170596,1.0455651041e-03
1,-0.2500000000,30.9494213459,9.6788147154e-04
1,-0.2500000000,30.9794256322,9.1974690113e-04
1,-0.2500000000,31.0094299186,8.9919750759e-04
1,-0.2500000000,31.0394342049,9.0229447809e-04
1,-0.2500000000,31.0694384912,9.2240491271e-04
1,-0.2500000000,31.0994427775,9.4959147141e-04
1,-0.2500000000,31.1294470639,9.7351804030e-04
1,-0.2500000000,31.1594513502,9.9031566963e-04
1,-0.2500000000,31.1894556365,1.0059533141e-03
1,-0.2500000000,31.2194599228,1.0302056434e-03
1,-0.2500000000,31.2494642092,1.0670010468e-03
1,-0.2500000000,31.2794684955,1.1086465853e-03
1,-0.2500000000,31.3094727818,1.1371437220e-03
1,-0.2500000000,31.3394770682,1.1351716017e-03
1,-0.2500000000,31.3694813545,1.1007298971e-03
1,-0.2500000000,31.3994856408,1.0487282752e-03
1,-0.2500000000,31.4294899271,9.9749125714e-04
1,-0.2500000000,31.4594942135,9.5700849998e-04
1,-0.2500000000,31.4894984998,9.2794755142e-04
1,-0.2500000000,31.5195027861,9.0761392145e-04
1,-0.2500000000,31.5495070724,8.9524032483e-04
1,-0.2500000000,31.5795113588,8.9087404460e-04
1,-0.2500000000,31.6095156451,8.9000453593e-04
1,-0.2500000000,31.6395199314,8.8127737796e-04
1,-0.2500000000,31.6695242177,8.5212134262e-04
1,-0.2500000000,31.6995285041,7.9896217942e-04
1,-0.2500000000,31.7295327904,7.3032177248e-04
1,-0.2500000000,31.7595370767,6.5908917670e-04
1,-0.2500000000,31.7895413631,5.9445331329e-04
1,-0.2500000000,31.8195456494,5.4015299952e-04
1,-0.2500000000,31.8495499357,4.9638661299e-04
1,-0.2500000000,31.8795542220,4.6186577310e-04
1,-0.2500000000,31.9095585084,4.3498122611e-04
1,-0.2500000000,31.9395627947,4.1428229005e-04
1,-0.2500000000,31.9695670810,3.9861247489e-04
1,-0.2500000000,31.9995713673,3.8710982091e-04
1,-0.2500000000,32.0295756537,3.7916752725e-04
1,-0.2500000000,32.0595799400,3.7439133113e-04
1,-0.2500000000,32.0895842263,3.7256336340e-04
1,-0.2500000000,32.1195885126,3.7360895439e-04
1,-0.2500000000,32.1495927990,3.7755230633e-04
1,-0.2500000000,32.1795970853,3.8443607844e-04
1,-0.2500000000,32.2096013716,3.9418318561e-04
1,-0.2500000000,32.2396056580,4.0644587483e-04
1,-0.2500000000,32.2696099443,4.2064585782e-04
1,-0.2500000000,32.2996142306,4.3641010816e-04
1,-0.2500000000,32.3296185169,4.5401475080e-04
1,-0.2500000000,32.3596228033,4.7392914337e-04
1,-0.2500000000,32.3896270896,4.9542451286e-04
1,-0.2500000000,32.4196313759,5.1554972399e-04
1,-0.2500000000,32.4496356622,5.3012512758e-04
1,-0.2500000000,32.4796399486,5.3699276867e-04
1,-0.2500000000,32.5096442349,5.3836170789e-04
1,-0.2500000000,32.5396485212,5.3924740162e-04
1,-0.2500000000,32.5696528075,5.4432245857e-04
1,-0.2500000000,32.5996570939,5.5658056225e-04
1,-0.2500000000,32.6296613802,5.7777865725e-04
1,-0.2500000000,32.6596656665,6.0928541518e-04
1,-0.2500000000,32.6896699529,6.5268668247e-04
1,-0.2500000000,32.7196742392,7.1009069543e-04
1,-0.2500000000,32.7496785255,7.8416236422e-04
1,-0.2500000000,32.7796828118,8.7778253526e-04
1,-0.2500000000,32.8096870982,9.9308578290e-04
1,-0.2500000000,32.8396913845,1.1297833044e-03
1,-0.2500000000,32.8696956708,1.2836421950e-03
1,-0.2500000000,32.8996999571,1.4473913096e-03
1,-0.2500000000,32.9297042435,1.6146970081e-03
1,-0.2500000000,32.9597085298,1.7809969066e-03
1,-0.2500000000,32.9897128161,1.9341945655e-03
1,-0.2500000000,33.0197171024,2.0434378918e-03
1,-0.2500000000,33.0497213888,2.0670683974e-03
1,-0.2500000000,33.0797256751,1.9851923267e-03
1,-0.2500000000,33.1097299614,1.8221284642e-03
1,-0.2500000000,33.1397342477,1.6277624151e-03
1,-0.2500000000,33.1697385341,1.4443387649e-03
1,-0.2500000000,33.1997428204,1.2931996683e-03
1,-0.2500000000,33.2297471067,1.1791485499e-03
1,-0.2500000000,33.2597513931,1.0978694191e-03
1,-0.2500000000,33.2897556794,1.0405743799e-03
1,-0.2500000000,33.3197599657,9.9721213011e-04
1,-0.2500000000,33.3497642520,9.6045901399e-04
1,-0.2500000000,33.3797685384,9.2892679332e-04
1,-0.2500000000,33.4097728247,9.0614463558e-04
1,-0.2500000000,33.4397771110,8.9668077183e-04
1,-0.2500000000,33.4697813973,9.0356097419e-04
1,-0.2500000000,33.4997856837,9.2768178165e-04
1,-0.2500000000,33.5297899700,9.6744679480e-04
1,-0.2500000000,33.5597942563,1.0177381553e-03
1,-0.2500000000,33.5897985426,1.0695660628e-03
1,-0.2500000000,33.6198028290,1.1132089399e-03
1,-0.2500000000,33.6498071153,1.1441866118e-03
1,-0.2500000000,33.6798114016,1.1654602578e-03
1,-0.2500000000,33.7098156880,1.1833945661e-03
1,-0.2500000000,33.7398199743,1.2029570441e-03
1,-0.2500000000,33.7698242606,1.2257306020e-03
1,-0.2500000000,33.7998285469,1.2516329932e-03
1,-0.2500000000,33.8298328333,1.2834577007e-03
1,-0.2500000000,33.8598371196,1.3290007294e-03
1,-0.2500000000,33.8898414059,1.3983233460e-03
1,-0.2500000000,33.9198456922,1.5004620004e-03
1,-0.2500000000,33.9498499786,1.6423734215e-03
1,-0.2500000000,33.9798542649,1.8285242864e-03
1,-0.2500000000,34.0098585512,2.0590823429e-03
1,-0.2500000000,34.0398628375,2.3258180784e-03
1,-0.2500000000,34.0698671239,2.6053171581e-03
1,-0.2500000000,34.0998714102,2.8528741023e-03
1,-0.2500000000,34.1298756965,3.0123243229e-03
1,-0.2500000000,34.1598799829,3.0530176945e-03
1,-0.2500000000,34.1898842692,3.0007956626e-03
1,-0.2500000000,34.2198885555,2.9200577986e-03
1,-0.2500000000,34.2498928418,2.8709050149e-03
1,-0.2500000000,34.2798971282,2.8872824450e-03
1,-0.2500000000,34.3099014145,2.9786170793e-03
1,-0.2500000000,34.3399057008,3.1388027513e-03
1,-0.2500000000,34.3699099871,3.3581482741e-03
1,-0.2500000000,34.3999142735,3.6388186526e-03
1,-0.2500000000,34.4299185598,4.0033956362e-03
1,-0.2500000000,34.4599228461,4.4862750577e-03
1,-0.2500000000,34.4899271324,5.1161967709e-03
1,-0.2500000000,34.5199314188,5.9016087037e-03
1,-0.2500000000,34.5499357051,6.8194936522e-03
1,-0.2500000000,34.5799399914,7.8020715107e-03
1,-0.2500000000,34.6099442778,8.7173236269e-03
1,-0.2500000000,34.6399485641,9.3625316714e-03
1,-0.2500000000,34.6699528504,9.5204931896e-03
1,-0.2500000000,34.6999571367,9.0956162196e-03
1,-0.2500000000,34.7299614231,8.2116467308e-03
1,-0.2500000000,34.7599657094,7.1290986096e-03
1,-0.2500000000,34.7899699957,6.0776532987e-03
1,-0.2500000000,34.8199742820,5.1786733702e-03
1,-0.2500000000,34.8499785684,4.4643172891e-03
1,-0.2500000000,34.8799828547,3.9193544891e-03
1,-0.2500000000,34.9099871410,3.5081769763e-03
1,-0.2500000000,34.9399914273,3.1876304342e-03
1,-0.2500000000,34.9699957137,2.9186868672e-03
1,-0.2500000000,35.0000000000,2.6808041796e-03
2,-0.1250000000,-35.0000000000,3.1501814750e-03
2,-0.1250000000,-34.9699957137,2.9157821074e-03
2,-0.1250000000,-34.9399914273,2.7564752245e-03
2,-0.1250000000,-34.9099871410,2.6541658363e-03
2,-0.1250000000,-34.8799828547,2.5856001579e-03
2,-0.1250000000,-34.8499785684,2.5275966238e-03
2,-0.1250000000,-34.8199742820,2.4686910636e-03
2,-0.1250000000,-34.7899699957,2.4148789390e-03
2,-0.1250000000,-34.7599657094,2.3796020990e-03
2,-0.1250000000,-34.7299614231,2.3683782555e-03
2,-0.1250000000,-34.6999571367,2.3717730985e-03
2,-0.1250000000,-34.6699528504,2.3709898204e-03
2,-0.1250000000,-34.6399485641,2.3533868943e-03
2,-0.1250000000,-34.6099442778,2.3232504741e-03
2,-0.1250000000,-34.5799399914,2.2946219156e-03
2,-0.1250000000,-34.5499357051,2.2781473336e-03
2,-0.1250000000,-34.5199314188,2.2793839512e-03
2,-0.1250000000,-34.4899271324,2.3041422845e-03
2,-0.1250000000,-34.4599228461,2.3565487922e-03
2,-0.1250000000,-34.4299185598,2.4287366568e-03
2,-0.1250000000,-34.3999142735,2.4933466364e-03
2,-0.1250000000,-34.3699099871,2.5110606405e-03
2,-0.1250000000,-34.3399057008,2.4561349209e-03
2,-0.1250000000,-34.3099014145,2.3380114376e-03
2,-0.1250000000,-34.2798971282,2.1925025829e-03
2,-0.1250000000,-34.2498928418,2.0552627534e-03
2,-0.1250000000,-34.2198885555,1.9467179360e-03
2,-0.1250000000,-34.1898842692,1.8722353700e-03
2,-0.1250000000,-34.1598799829,1.8270245991e-03
2,-0.1250000000,-34.1298756965,1.8009535623e-03
2,-0.1250000000,-34.0998714102,1.7845249351e-03
2,-0.1250000000,-34.0698671239,1.7750180892e-03
2,-0.1250000000,-34.0398628375,1.7773355793e-03
2,-0.1250000000,-34.0098585512,1.7993172158e-03
2,-0.1250000000,-33.9798542649,1.8477153793e-03
2,-0.1250000000,-33.9498499786,1.9272187288e-03
2,-0.1250000000,-33.9198456922,2.0408384338e-03
2,-0.1250000000,-33.8898414059,2.1910165967e-03
2,-0.1250000000,-33.8598371196,2.3811485391e-03
2,-0.1250000000,-33.8298328333,2.6143191975e-03
2,-0.1250000000,-33.7998285469,2.8854421349e-03
2,-0.1250000000,-33.7698242606,3.1695892924e-03
2,-0.1250000000,-33.7398199743,3.4190399074e-03
2,-0.1250000000,-33.7098156880,3.5839814399e-03
2,-0.1250000000,-33.6798114016,3.6467341592e-03
2,-0.1250000000,-33.6498071153,3.6293872848e-03
2,-0.1250000000,-33.6198028290,3.5679584259e-03
2,-0.1250000000,-33.5897985426,3.4922588751e-03
2,-0.1250000000,-33.5597942563,3.4285557914e-03
2,-0.1250000000,-33.5297899700,3.4058918557e-03
2,-0.1250000000,-33.4997856837,3.4507287668e-03
2,-0.1250000000,-33.4697813973,3.5754546531e-03
2,-0.1250000000,-33.4397771110,3.7680804902e-03
2,-0.1250000000,-33.4097728247,3.9842805419e-03
2,-0.1250000000,-33.3797685384,4.1522724313e-03
2,-0.1250000000,-33.3497642520,4.2086671963e-03
2,-0.1250000000,-33.3197599657,4.1473380327e-03
2,-0.1250000000,-33.2897556794,4.0222471240e-03
2,-0.1250000000,-33.2597513931,3.8988596544e-03
2,-0.1250000000,-33.2297471067,3.8140666937e-03
2,-0.1250000000,-33.1997428204,3.7709410285e-03
2,-0.1250000000,-33.1697385341,3.7506773905e-03
2,-0.1250000000,-33.1397342477,3.7309979459e-03
2,-0.1250000000,-33.1097299614,3.7084838327e-03
2,-0.1250000000,-33.0797256751,3.7064734324e-03
2,-0.1250000000,-33.0497213888,3.7600149768e-03
2,-0.1250000000,-33.0197171024,3.8986975892e-03
2,-0.1250000000,-32.9897128161,4.1413733857e-03
2,-0.1250000000,-32.9597085298,4.4961453980e-03
2,-0.1250000000,-32.9297042435,4.9569116892e-03
2,-0.1250000000,-32.8996999571,5.4974376539e-03
2,-0.1250000000,-32.8696956708,6.0767590830e-03
2,-0.1250000000,-32.8396913845,6.6686515153e-03
2,-0.1250000000,-32.8096870982,7.2883402089e-03
2,-0.1250000000,-32.7796828118,7.9629027864e-03
2,-0.1250000000,-32.7496785255,8.6525504618e-03
2,-0.1250000000,-32.7196742392,9.1987709786e-03
2,-0.1250000000,-32.6896699529,9.3798038639e-03
2,-0.1250000000,-32.6596656665,9.0772006853e-03
2,-0.1250000000,-32.6296613802,8.3896528880e-03
2,-0.1250000000,-32.5996570939,7.5485412043e-03
2,-0.1250000000,-32.5696528075,6.7579399282e-03
2,-0.1250000000,-32.5396485212,6.1276126057e-03
2,-0.1250000000,-32.5096442349,5.6929510359e-03
2,-0.1250000000,-32.4796399486,5.4510069730e-03
2,-0.1250000000,-32.4496356622,5.3792293419e-03
2,-0.1250000000,-32.4196313759,5.4350496730e-03
2,-0.1250000000,-32.3896270896,5.5468524693e-03
2,-0.1250000000,-32.3596228033,5.6195396806e-03
2,-0.1250000000,-32.3296185169,5.5781005459e-03
2,-0.1250000000,-32.2996142306,5.4219789678e-03
2,-0.1250000000,-32.2696099443,5.2209727723e-03
2,-0.1250000000,-32.2396056580,5.0548829869e-03
2,-0.1250000000,-32.2096013716,4.9649525284e-03
2,-0.1250000000,-32.1795970853,4.9412767046e-03
2,-0.1250000000,-32.1495927990,4.9322977945e-03
2,-0.1250000000,-32.1195885126,4.8755747940e-03
2,-0.1250000000,-32.0895842263,4.7442919251e-03
2,-0.1250000000,-32.0595799400,4.5673954831e-03
2,-0.1250000000,-32.0295756537,4.4007198249e-03
2,-0.1250000000,-31.9995713673,4.2898301520e-03
2,-0.1250000000,-31.9695670810,4.2589813429e-03
2,-0.1250000000,-31.9395627947,4.3183767958e-03
2,-0.1250000000,-31.9095585084,4.4737080348e-03
2,-0.1250000000,-31.8795542220,4.7323154595e-03
2,-0.1250000000,-31.8495499357,5.1064298119e-03
2,-0.1250000000,-31.8195456494,5.6149045656e-03
2,-0.1250000000,-31.7895413631,6.2843713912e-03
2,-0.1250000000,-31.7595370767,7.1504523765e-03
2,-0.1250000000,-31.7295327904,8.2590047688e-03
2,-0.1250000000,-31.6995285041,9.6637682675e-03
2,-0.1250000000,-31.6695242177,1.1409611575e-02
2,-0.1250000000,-31.6395199314,1.3485771471e-02
2,-0.1250000000,-31.6095156451,1.5739922784e-02
2,-0.1250000000,-31.5795113588,1.7785831347e-02
2,-0.1250000000,-31.5495070724,1.9038646653e-02
2,-0.1250000000,-31.5195027861,1.9025672288e-02
2,-0.1250000000,-31.4894984998,1.7771984078e-02
2,-0.1250000000,-31.4594942135,1.5778621805e-02
2,-0.1250000000,-31.4294899271,1.3624531328e-02
2,-0.1250000000,-31.3994856408,1.1679206592e-02
2,-0.1250000000,-31.3694813545,1.0085998525e-02
2,-0.1250000000,-31.3394770682,8.8565321908e-03
2,-0.1250000000,-31.3094727818,7.9511528650e-03
2,-0.1250000000,-31.2794684955,7.3210471221e-03
2,-0.1250000000,-31.2494642092,6.9246000576e-03
2,-0.1250000000,-31.2194599228,6.7311259740e-03
2,-0.1250000000,-31.1894556365,6.7192666630e-03
2,-0.1250000000,-31.1594513502,6.8743802469e-03
2,-0.1250000000,-31.1294470639,7.1895501944e-03
2,-0.1250000000,-31.0994427775,7.6725604861e-03
2,-0.1250000000,-31.0694384912,8.3500669143e-03
2,-0.1250000000,-31.0394342049,9.2540293770e-03
2,-0.1250000000,-31.0094299186,1.0388074562e-02
2,-0.1250000000,-30.9794256322,1.1684167709e-02
2,-0.1250000000,-30.9494213459,1.2977605542e-02
2,-0.1250000000,-30.9194170596,1.4061123110e-02
2,-0.1250000000,-30.8894127733,1.4829879297e-02
2,-0.1250000000,-30.8594084869,1.5354767992e-02
2,-0.1250000000,-30.8294042006,1.5738011033e-02
2,-0.1250000000,-30.7993999143,1.5907838471e-02
2,-0.1250000000,-30.7693956279,1.5616172283e-02
2,-0.1250000000,-30.7393913416,1.4682547452e-02
2,-0.1250000000,-30.7093870553,1.3212979365e-02
2,-0.1250000000,-30.6793827690,1.1520907201e-02
2,-0.1250000000,-30.6493784826,9.8936171066e-03
2,-0.1250000000,-30.6193741963,8.4782479095e-03
2,-0.1250000000,-30.5893699100,7.3078693077e-03
2,-0.1250000000,-30.5593656237,6.3629280824e-03
2,-0.1250000000,-30.5293613373,5.6102020688e-03
2,-0.1250000000,-30.4993570510,5.0168697381e-03
2,-0.1250000000,-30.4693527647,4.5539128683e-03
2,-0.1250000000,-30.4393484784,4.1968353352e-03
2,-0.1250000000,-30.4093441920,3.9251439991e-03
2,-0.1250000000,-30.3793399057,3.7207944715e-03
2,-0.1250000000,-30.3493356194,3.5667667787e-03
2,-0.1250000000,-30.3193313330,3.4481035651e-03
2,-0.1250000000,-30.2893270467,3.3560437440e-03
2,-0.1250000000,-30.2593227604,3.2904768493e-03
2,-0.1250000000,-30.2293184741,3.2563847021e-03
2,-0.1250000000,-30.1993141877,3.2580373036e-03
2,-0.1250000000,-30.1693099014,3.2962521028e-03
2,-0.1250000000,-30.1393056151,3.3697799934e-03
2,-0.1250000000,-30.1093013288,3.4799438298e-03
2,-0.1250000000,-30.0792970424,3.6350937297e-03
2,-0.1250000000,-30.0492927561,3.8501073470e-03
2,-0.1250000000,-30.0192884698,4.1414925240e-03
2,-0.1250000000,-29.9892841835,4.5216231125e-03
2,-0.1250000000,-29.9592798971,4.9917483684e-03
2,-0.1250000000,-29.9292756108,5.5315716242e-03
2,-0.1250000000,-29.8992713245,6.0857333656e-03
2,-0.1250000000,-29.8692670381,6.5546910739e-03
2,-0.1250000000,-29.8392627518,6.8167497768e-03
2,-0.1250000000,-29.8092584655,6.8034297855e-03
2,-0.1250000000,-29.7792541792,6.5645297363e-03
2,-0.1250000000,-29.7492498928,6.2322191253e-03
2,-0.1250000000,-29.7192456065,5.9316205469e-03
2,-0.1250000000,-29.6892413202,5.7375888390e-03
2,-0.1250000000,-29.6592370339,5.6841433506e-03
2,-0.1250000000,-29.6292327475,5.7866570377e-03
2,-0.1250000000,-29.5992284612,6.0572686721e-03
2,-0.1250000000,-29.5692241749,6.5130657895e-03
2,-0.1250000000,-29.5392198886,7.1791773254e-03
2,-0.1250000000,-29.5092156022,8.0859284159e-03
2,-0.1250000000,-29.4792113159,9.2556149067e-03
2,-0.1250000000,-29.4492070296,1.0670298809e-02
2,-0.1250000000,-29.4192027432,1.2214092402e-02
2,-0.1250000000,-29.3891984569,1.3614514052e-02
2,-0.1250000000,-29.3591941706,1.4478392212e-02
2,-0.1250000000,-29.3291898843,1.4512752544e-02
2,-0.1250000000,-29.2991855979,1.3770869121e-02
2,-0.1250000000,-29.2691813116,1.2609281052e-02
2,-0.1250000000,-29.2391770253,1.1416751187e-02
2,-0.1250000000,-29.2091727390,1.0438635430e-02
2,-0.1250000000,-29.1791684526,9.7774771234e-03
2,-0.1250000000,-29.1491641663,9.4580438119e-03
2,-0.1250000000,-29.1191598800,9.4792630891e-03
2,-0.1250000000,-29.0891555937,9.8401711942e-03
2,-0.1250000000,-29.0591513073,1.0549256050e-02
2,-0.1250000000,-29.0291470210,1.1625909638e-02
2,-0.1250000000,-28.9991427347,1.3091253882e-02
2,-0.1250000000,-28.9691384483,1.4928372180e-02
2,-0.1250000000,-28.9391341620,1.6994091023e-02
2,-0.1250000000,-28.9091298757,1.8915167548e-02
2,-0.1250000000,-28.8791255894,2.0104254554e-02
2,-0.1250000000,-28.8491213030,2.0054892183e-02
2,-0.1250000000,-28.8191170167,1.8745423118e-02
2,-0.1250000000,-28.7891127304,1.6657340488e-02
2,-0.1250000000,-28.7591084441,1.4382573608e-02
2,-0.1250000000,-28.7291041577,1.2308904039e-02
2,-0.1250000000,-28.6990998714,1.0582752067e-02
2,-0.1250000000,-28.6690955851,9.1996168996e-03
2,-0.1250000000,-28.6390912988,8.0928666542e-03
2,-0.1250000000,-28.6090870124,7.1933170856e-03
2,-0.1250000000,-28.5790827261,6.4580109362e-03
2,-0.1250000000,-28.5490784398,5.8674701343e-03
2,-0.1250000000,-28.5190741535,5.4095178694e-03
2,-0.1250000000,-28.4890698671,5.0701362264e-03
2,-0.1250000000,-28.4590655808,4.8337804526e-03
2,-0.1250000000,-28.4290612945,4.6860768793e-03
2,-0.1250000000,-28.3990570081,4.6116405834e-03
2,-0.1250000000,-28.3690527218,4.5851887177e-03
2,-0.1250000000,-28.3390484355,4.5650392629e-03
2,-0.1250000000,-28.3090441492,4.5047323255e-03
2,-0.1250000000,-28.2790398628,4.3833495596e-03
2,-0.1250000000,-28.2490355765,4.2216876415e-03
2,-0.1250000000,-28.2190312902,4.0608135419e-03
2,-0.1250000000,-28.1890270039,3.9297954547e-03
2,-0.1250000000,-28.1590227175,3.8318449477e-03
2,-0.1250000000,-28.1290184312,3.7491644015e-03
2,-0.1250000000,-28.0990141449,3.6599575602e-03
2,-0.1250000000,-28.0690098586,3.5577655488e-03
2,-0.1250000000,-28.0390055722,3.4553953111e-03
2,-0.1250000000,-28.0090012859,3.3718396907e-03
2,-0.1250000000,-27.9789969996,3.3204468548e-03
2,-0.1250000000,-27.9489927132,3.3071201707e-03
2,-0.1250000000,-27.9189884269,3.3335491701e-03
2,-0.1250000000,-27.8889841406,3.4003114193e-03
2,-0.1250000000,-27.8589798543,3.5084853638e-03
2,-0.1250000000,-27.8289755679,3.6599658255e-03
2,-0.1250000000,-27.7989712816,3.8566163617e-03
2,-0.1250000000,-27.7689669953,4.0981367647e-03
2,-0.1250000000,-27.7389627090,4.3792800324e-03
2,-0.1250000000,-27.7089584226,4.6898955897e-03
2,-0.1250000000,-27.6789541363,5.0231737355e-03
2,-0.1250000000,-27.6489498500,5.3891858133e-03
2,-0.1250000000,-27.6189455637,5.8188764907e-03
2,-0.1250000000,-27.5889412773,6.3544931722e-03
2,-0.1250000000,-27.5589369910,7.0407832083e-03
2,-0.1250000000,-27.5289327047,7.9251425174e-03
2,-0.1250000000,-27.4989284183,9.0623244122e-03
2,-0.1250000000,-27.4689241320,1.0517467094e-02
2,-0.1250000000,-27.4389198457,1.2362044787e-02
2,-0.1250000000,-27.4089155594,1.4654339828e-02
2,-0.1250000000,-27.3789112730,1.7390827653e-02
2,-0.1250000000,-27.3489069867,2.0417434487e-02
2,-0.1250000000,-27.3189027004,2.3322860347e-02
2,-0.1250000000,-27.2888984141,2.5424480158e-02
2,-0.1250000000,-27.2588941277,2.6033318668e-02
2,-0.1250000000,-27.2288898414,2.4952255391e-02
2,-0.1250000000,-27.1988855551,2.2671086189e-02
2,-0.1250000000,-27.1688812688,1.9972981214e-02
2,-0.1250000000,-27.1388769824,1.7461136056e-02
2,-0.1250000000,-27.1088726961,1.5426357109e-02
2,-0.1250000000,-27.0788684098,1.3944728280e-02
2,-0.1250000000,-27.0488641234,1.2998642140e-02
2,-0.1250000000,-27.0188598371,1.2549648935e-02
2,-0.1250000000,-26.9888555508,1.2569213543e-02
2,-0.1250000000,-26.9588512645,1.3043872821e-02
2,-0.1250000000,-26.9288469781,1.3961496928e-02
2,-0.1250000000,-26.8988426918,1.5277149415e-02
2,-0.1250000000,-26.8688384055,1.6863924434e-02
2,-0.1250000000,-26.8388341192,1.8490872139e-02
2,-0.1250000000,-26.8088298328,1.9899609305e-02
2,-0.1250000000,-26.7788255465,2.0941596317e-02
2,-0.1250000000,-26.7488212602,2.1567657502e-02
2,-0.1250000000,-26.7188169739,2.1653579168e-02
2,-0.1250000000,-26.6888126875,2.0990722997e-02
2,-0.1250000000,-26.6588084012,1.9545776409e-02
2,-0.1250000000,-26.6288041149,1.7603064650e-02
2,-0.1250000000,-26.5987998285,1.5572226326e-02
2,-0.1250000000,-26.5687955422,1.3754799738e-02
2,-0.1250000000,-26.5387912559,1.2289797235e-02
2,-0.1250000000,-26.5087869696,1.1195914925e-02
2,-0.1250000000,-26.4787826832,1.0406998166e-02
2,-0.1250000000,-26.4487783969,9.7900435969e-03
2,-0.1250000000,-26.4187741106,9.1824494399e-03
2,-0.1250000000,-26.3887698243,8.4720544955e-03
2,-0.1250000000,-26.3587655379,7.6608530083e-03
2,-0.1250000000,-26.3287612516,6.8336980359e-03
2,-0.1250000000,-26.2987569653,6.0766935833e-03
2,-0.1250000000,-26.2687526790,5.4349954737e-03
2,-0.1250000000,-26.2387483926,4.9176409062e-03
2,-0.1250000000,-26.2087441063,4.5150933392e-03
2,-0.1250000000,-26.1787398200,4.2107158218e-03
2,-0.1250000000,-26.1487355336,3.9841821011e-03
2,-0.1250000000,-26.1187312473,3.8106795249e-03
2,-0.1250000000,-26.0887269610,3.6620426897e-03
2,-0.1250000000,-26.0587226747,3.5140798200e-03
2,-0.1250000000,-26.0287183883,3.3538970872e-03
2,-0.1250000000,-25.9987141020,3.1783195451e-03
2,-0.1250000000,-25.9687098157,2.9900547795e-03
2,-0.1250000000,-25.9387055294,2.7981744475e-03
2,-0.1250000000,-25.9087012430,2.6154878255e-03
2,-0.1250000000,-25.8786969567,2.4520015835e-03
2,-0.1250000000,-25.8486926704,2.3118497197e-03
2,-0.1250000000,-25.8186883841,2.1947145331e-03
2,-0.1250000000,-25.7886840977,2.0983014284e-03
2,-0.1250000000,-25.7586798114,2.0199861722e-03
2,-0.1250000000,-25.7286755251,1.9575579157e-03
2,-0.1250000000,-25.6986712387,1.9094378142e-03
2,-0.1250000000,-25.6686669524,1.8746324236e-03
2,-0.1250000000,-25.6386626661,1.8524939752e-03
2,-0.1250000000,-25.6086583798,1.8422401340e-03
2,-0.1250000000,-25.5786540934,1.8422223955e-03
2,-0.1250000000,-25.5486498071,1.8492146929e-03
2,-0.1250000000,-25.5186455208,1.8581649964e-03
2,-0.1250000000,-25.4886412345,1.8623758455e-03
2,-0.1250000000,-25.4586369481,1.8545593874e-03
2,-0.1250000000,-25.4286326618,1.8306085131e-03
2,-0.1250000000,-25.3986283755,1.7937836164e-03
2,-0.1250000000,-25.3686240892,1.7530968803e-03
2,-0.1250000000,-25.3386198028,1.7174237886e-03
2,-0.1250000000,-25.3086155165,1.6919893165e-03
2,-0.1250000000,-25.2786112302,1.6783491395e-03
2,-0.1250000000,-25.2486069438,1.6752276137e-03
2,-0.1250000000,-25.2186026575,1.6788358945e-03
2,-0.1250000000,-25.1885983712,1.6835273544e-03
2,-0.1250000000,-25.1585940849,1.6844583788e-03
2,-0.1250000000,-25.1285897985,1.6812092843e-03
2,-0.1250000000,-25.0985855122,1.6781870831e-03
2,-0.1250000000,-25.0685812259,1.6813412249e-03
2,-0.1250000000,-25.0385769396,1.6954204665e-03
2,-0.1250000000,-25.0085726532,1.7237016313e-03
2,-0.1250000000,-24.9785683669,1.7689371266e-03
2,-0.1250000000,-24.9485640806,1.8343011056e-03
2,-0.1250000000,-24.9185597943,1.9240110628e-03
2,-0.1250000000,-24.8885555079,2.0436114706e-03
2,-0.1250000000,-24.8585512216,2.1997337217e-03
2,-0.1250000000,-24.8285469353,2.3986648002e-03
2,-0.1250000000,-24.7985426489,2.6423013991e-03
2,-0.1250000000,-24.7685383626,2.9196315366e-03
2,-0.1250000000,-24.7385340763,3.1945256834e-03
2,-0.1250000000,-24.7085297900,3.4009716318e-03
2,-0.1250000000,-24.6785255036,3.4675380928e-03
2,-0.1250000000,-24.6485212173,3.3683179893e-03
2,-0.1250000000,-24.6185169310,3.1450701506e-03
2,-0.1250000000,-24.5885126447,2.8705681699e-03
2,-0.1250000000,-24.5585083583,2.6027828037e-03
2,-0.1250000000,-24.5285040720,2.3707824439e-03
2,-0.1250000000,-24.4984997857,2.1823776600e-03
2,-0.1250000000,-24.4684954994,2.0348385723e-03
2,-0.1250000000,-24.4384912130,1.9219093024e-03
2,-0.1250000000,-24.4084869267,1.8371834607e-03
2,-0.1250000000,-24.3784826404,1.7753438655e-03
2,-0.1250000000,-24.3484783541,1.7324232487e-03
2,-0.1250000000,-24.3184740677,1.7056923976e-03
2,-0.1250000000,-24.2884697814,1.6934077055e-03
2,-0.1250000000,-24.2584654951,1.6944262274e-03
2,-0.1250000000,-24.2284612087,1.7075457557e-03
2,-0.1250000000,-24.1984569224,1.7303915918e-03
2,-0.1250000000,-24.1684526361,1.7580855561e-03
2,-0.1250000000,-24.1384483498,1.7832001409e-03
2,-0.1250000000,-24.1084440634,1.7991851431e-03
2,-0.1250000000,-24.0784397771,1.8056541217e-03
2,-0.1250000000,-24.0484354908,1.8090304531e-03
2,-0.1250000000,-24.0184312045,1.8170807695e-03
2,-0.1250000000,-23.9884269181,1.8332883351e-03
2,-0.1250000000,-23.9584226318,1.8544211599e-03
2,-0.1250000000,-23.9284183455,1.8711099499e-03
2,-0.1250000000,-23.8984140592,1.8725830214e-03
2,-0.1250000000,-23.8684097728,1.8546370252e-03
2,-0.1250000000,-23.8384054865,1.8230066139e-03
2,-0.1250000000,-23.8084012002,1.7879451970e-03
2,-0.1250000000,-23.7783969138,1.7574173841e-03
2,-0.1250000000,-23.7483926275,1.7350914032e-03
2,-0.1250000000,-23.7183883412,1.7216359047e-03
2,-0.1250000000,-23.6883840549,1.7163829505e-03
2,-0.1250000000,-23.6583797685,1.7183301956e-03
2,-0.1250000000,-23.6283754822,1.7265760485e-03
2,-0.1250000000,-23.5983711959,1.7404596007e-03
2,-0.1250000000,-23.5683669096,1.7595816684e-03
2,-0.1250000000,-23.5383626232,1.7837908598e-03
2,-0.1250000000,-23.5083583369,1.8131689966e-03
2,-0.1250000000,-23.4783540506,1.8480288247e-03
2,-0.1250000000,-23.4483497643,1.8889292689e-03
2,-0.1250000000,-23.4183454779,1.9367117701e-03
2,-0.1250000000,-23.3883411916,1.9925620232e-03
2,-0.1250000000,-23.3583369053,2.0581031808e-03
2,-0.1250000000,-23.3283326189,2.1355281603e-03
2,-0.1250000000,-23.2983283326,2.2277780446e-03
2,-0.1250000000,-23.2683240463,2.3387654461e-03
2,-0.1250000000,-23.2383197600,2.4736127688e-03
2,-0.1250000000,-23.2083154736,2.6387935236e-03
2,-0.1250000000,-23.1783111873,2.8418610837e-03
2,-0.1250000000,-23.1483069010,3.0900052286e-03
2,-0.1250000000,-23.1183026147,3.3859235752e-03
2,-0.1250000000,-23.0882983283,3.7190006440e-03
2,-0.1250000000,-23.0582940420,4.0523554486e-03
2,-0.1250000000,-23.0282897557,4.3169807412e-03
2,-0.1250000000,-22.9982854694,4.4362704941e-03
2,-0.1250000000,-22.9682811830,4.3805145789e-03
2,-0.1250000000,-22.9382768967,4.1935824989e-03
2,-0.1250000000,-22.9082726104,3.9550820073e-03
2,-0.1250000000,-22.8782683240,3.7289422809e-03
2,-0.1250000000,-22.8482640377,3.5466185324e-03
2,-0.1250000000,-22.8182597514,3.4160144455e-03
2,-0.1250000000,-22.7882554651,3.3340112037e-03
2,-0.1250000000,-22.7582511787,3.2942453662e-03
2,-0.1250000000,-22.7282468924,3.2905442446e-03
2,-0.1250000000,-22.6982426061,3.3179895573e-03
2,-0.1250000000,-22.6682383198,3.3729061981e-03
2,-0.1250000000,-22.6382340334,3.4524212658e-03
2,-0.1250000000,-22.6082297471,3.5540887294e-03
2,-0.1250000000,-22.5782254608,3.6762421212e-03
2,-0.1250000000,-22.5482211745,3.8192598032e-03
2,-0.1250000000,-22.5182168881,3.9864543342e-03
2,-0.1250000000,-22.4882126018,4.1834192227e-03
2,-0.1250000000,-22.4582083155,4.4168989532e-03
2,-0.1250000000,-22.4282040291,4.6945801858e-03
2,-0.1250000000,-22.3981997428,5.0257608625e-03
2,-0.1250000000,-22.3681954565,5.4223683206e-03
2,-0.1250000000,-22.3381911702,5.9001345948e-03
2,-0.1250000000,-22.3081868838,6.4799930902e-03
2,-0.1250000000,-22.2781825975,7.1897860945e-03
2,-0.1250000000,-22.2481783112,8.0662255181e-03
2,-0.1250000000,-22.2181740249,9.1566235909e-03
2,-0.1250000000,-22.1881697385,1.0518826534e-02
2,-0.1250000000,-22.1581654522,1.2215269032e-02
2,-0.1250000000,-22.1281611659,1.4292129461e-02
2,-0.1250000000,-22.0981568796,1.6728239528e-02
2,-0.1250000000,-22.0681525932,1.9342565928e-02
2,-0.1250000000,-22.0381483069,2.1699571667e-02
2,-0.1250000000,-22.0081440206,2.3166138718e-02
2,-0.1250000000,-21.9781397342,2.3266925311e-02
2,-0.1250000000,-21.9481354479,2.2082524783e-02
2,-0.1250000000,-21.9181311616,2.0182364007e-02
2,-0.1250000000,-21.8881268753,1.8187145904e-02
2,-0.1250000000,-21.8581225889,1.6483255761e-02
2,-0.1250000000,-21.8281183026,1.5221903653e-02
2,-0.1250000000,-21.7981140163,1.4423026140e-02
2,-0.1250000000,-21.7681097300,1.4058196155e-02
2,-0.1250000000,-21.7381054436,1.4090626461e-02
2,-0.1250000000,-21.7081011573,1.4484555271e-02
2,-0.1250000000,-21.6780968710,1.5196317763e-02
2,-0.1250000000,-21.6480925847,1.6160740604e-02
2,-0.1250000000,-21.6180882983,1.7300186475e-02
2,-0.1250000000,-21.5880840120,1.8581376574e-02
2,-0.1250000000,-21.5580797257,2.0081409746e-02
2,-0.1250000000,-21.5280754393,2.1980768952e-02
2,-0.1250000000,-21.4980711530,2.4492008047e-02
2,-0.1250000000,-21.4680668667,2.7799676564e-02
2,-0.1250000000,-21.4380625804,3.2024649728e-02
2,-0.1250000000,-21.4080582940,3.7186010201e-02
2,-0.1250000000,-21.3780540077,4.3178288827e-02
2,-0.1250000000,-21.3480497214,4.9805422083e-02
2,-0.1250000000,-21.3180454351,5.6762310990e-02
2,-0.1250000000,-21.2880411487,6.3333937883e-02
2,-0.1250000000,-21.2580368624,6.8041704222e-02
2,-0.1250000000,-21.2280325761,6.9074574797e-02
2,-0.1250000000,-21.1980282898,6.5669945071e-02
2,-0.1250000000,-21.1680240034,5.8913941059e-02
2,-0.1250000000,-21.1380197171,5.0847984916e-02
2,-0.1250000000,-21.1080154308,4.3129919193e-02
2,-0.1250000000,-21.0780111444,3.6564677299e-02
2,-0.1250000000,-21.0480068581,3.1314593004e-02
2,-0.1250000000,-21.0180025718,2.7208686013e-02
2,-0.1250000000,-20.9879982855,2.3940185415e-02
2,-0.1250000000,-20.9579939991,2.1195437879e-02
2,-0.1250000000,-20.9279897128,1.8764596131e-02
2,-0.1250000000,-20.8979854265,1.6582734737e-02
2,-0.1250000000,-20.8679811402,1.4666838760e-02
2,-0.1250000000,-20.8379768538,1.3033574365e-02
2,-0.1250000000,-20.8079725675,1.1669915380e-02
2,-0.1250000000,-20.7779682812,1.0542223056e-02
2,-0.1250000000,-20.7479639949,9.6111161130e-03
2,-0.1250000000,-20.7179597085,8.8401014337e-03
2,-0.1250000000,-20.6879554222,8.1985849475e-03
2,-0.1250000000,-20.6579511359,7.6620493449e-03
2,-0.1250000000,-20.6279468495,7.2112128325e-03
2,-0.1250000000,-20.5979425632,6.8309967776e-03
2,-0.1250000000,-20.5679382769,6.5096010003e-03
2,-0.1250000000,-20.5379339906,6.2377595826e-03
2,-0.1250000000,-20.5079297042,6.0081686515e-03
2,-0.1250000000,-20.4779254179,5.8150553249e-03
2,-0.1250000000,-20.4479211316,5.6538561041e-03
2,-0.1250000000,-20.4179168453,5.5209784078e-03
2,-0.1250000000,-20.3879125589,5.4136252310e-03
2,-0.1250000000,-20.3579082726,5.3296683922e-03
2,-0.1250000000,-20.3279039863,5.2675602342e-03
2,-0.1250000000,-20.2978997000,5.2262771137e-03
2,-0.1250000000,-20.2678954136,5.2052908355e-03
2,-0.1250000000,-20.2378911273,5.2045666292e-03
2,-0.1250000000,-20.2078868410,5.2245885857e-03
2,-0.1250000000,-20.1778825547,5.2664158816e-03
2,-0.1250000000,-20.1478782683,5.3317757791e-03
2,-0.1250000000,-20.1178739820,5.4232022931e-03
2,-0.1250000000,-20.0878696957,5.5442320616e-03
2,-0.1250000000,-20.0578654093,5.6996695657e-03
2,-0.1250000000,-20.0278611230,5.8959274080e-03
2,-0.1250000000,-19.9978568367,6.1414214453e-03
2,-0.1250000000,-19.9678525504,6.4469286380e-03
2,-0.1250000000,-19.9378482640,6.8256552509e-03
2,-0.1250000000,-19.9078439777,7.2925068083e-03
2,-0.1250000000,-19.8778396914,7.8619711435e-03
2,-0.1250000000,-19.8478354051,8.5452023467e-03
2,-0.1250000000,-19.8178311187,9.3506631718e-03
2,-0.1250000000,-19.7878268324,1.0294869667e-02
2,-0.1250000000,-19.7578225461,1.1417025869e-02
2,-0.1250000000,-19.7278182598,1.2770325778e-02
2,-0.1250000000,-19.6978139734,1.4371724666e-02
2,-0.1250000000,-19.6678096871,1.6121157824e-02
2,-0.1250000000,-19.6378054008,1.7727257435e-02
2,-0.1250000000,-19.6078011144,1.8739577512e-02
2,-0.1250000000,-19.5777968281,1.8795320335e-02
2,-0.1250000000,-19.5477925418,1.7920167691e-02
2,-0.1250000000,-19.5177882555,1.6509095647e-02
2,-0.1250000000,-19.4877839691,1.5015460146e-02
2,-0.1250000000,-19.4577796828,1.3725929154e-02
2,-0.1250000000,-19.4277753965,1.2741126560e-02
2,-0.1250000000,-19.3977711102,1.2036665389e-02
2,-0.1250000000,-19.3677668238,1.1515347245e-02
2,-0.1250000000,-19.3377625375,1.1053565982e-02
2,-0.1250000000,-19.3077582512,1.0563714045e-02
2,-0.1250000000,-19.2777539649,1.0038668164e-02
2,-0.1250000000,-19.2477496785,9.5291714846e-03
2,-0.1250000000,-19.2177453922,9.0876474413e-03
2,-0.1250000000,-19.1877411059,8.7396303763e-03
2,-0.1250000000,-19.1577368195,8.4871621744e-03
2,-0.1250000000,-19.1277325332,8.3208736945e-03
2,-0.1250000000,-19.0977282469,8.2284874115e-03
2,-0.1250000000,-19.0677239606,8.1987129060e-03
2,-0.1250000000,-19.0377196742,8.2224668919e-03
2,-0.1250000000,-19.0077153879,8.2929471356e-03
2,-0.1250000000,-18.9777111016,8.4053331950e-03
2,-0.1250000000,-18.9477068153,8.5564306752e-03
2,-0.1250000000,-18.9177025289,8.7443660408e-03
2,-0.1250000000,-18.8876982426,8.9683560136e-03
2,-0.1250000000,-18.8576939563,9.2285473698e-03
2,-0.1250000000,-18.8276896700,9.5259161022e-03
2,-0.1250000000,-18.7976853836,9.8622155302e-03
2,-0.1250000000,-18.7676810973,1.0239965700e-02
2,-0.1250000000,-18.7376768110,1.0662479481e-02
2,-0.1250000000,-18.7076725246,1.1133923612e-02
2,-0.1250000000,-18.6776682383,1.1659415609e-02
2,-0.1250000000,-18.6476639520,1.2245160017e-02
2,-0.1250000000,-18.6176596657,1.2898630258e-02
2,-0.1250000000,-18.5876553793,1.3628805513e-02
2,-0.1250000000,-18.5576510930,1.4446475984e-02
2,-0.1250000000,-18.5276468067,1.5364634990e-02
2,-0.1250000000,-18.4976425204,1.6398983073e-02
2,-0.1250000000,-18.4676382340,1.7568578453e-02
2,-0.1250000000,-18.4376339477,1.8896680829e-02
2,-0.1250000000,-18.4076296614,2.0411853050e-02
2,-0.1250000000,-18.3776253751,2.2149409849e-02
2,-0.1250000000,-18.3476210887,2.4153337579e-02
2,-0.1250000000,-18.3176168024,2.6478858021e-02
2,-0.1250000000,-18.2876125161,2.9195878779e-02
2,-0.1250000000,-18.2576082297,3.2393670032e-02
2,-0.1250000000,-18.2276039434,3.6187241304e-02
2,-0.1250000000,-18.1975996571,4.0726068514e-02
2,-0.1250000000,-18.1675953708,4.6206034501e-02
2,-0.1250000000,-18.1375910844,5.2885645985e-02
2,-0.1250000000,-18.1075867981,6.1107606691e-02
2,-0.1250000000,-18.0775825118,7.1326172466e-02
2,-0.1250000000,-18.0475782255,8.4138108693e-02
2,-0.1250000000,-18.0175739391,1.0030736801e-01
2,-0.1250000000,-17.9875696528,1.2075373563e-01
2,-0.1250000000,-17.9575653665,1.4643029953e-01
2,-0.1250000000,-17.9275610802,1.7792931197e-01
2,-0.1250000000,-17.8975567938,2.1456276545e-01
2,-0.1250000000,-17.8675525075,2.5280544044e-01
2,-0.1250000000,-17.8375482212,2.8498445427e-01
2,-0.1250000000,-17.8075439348,3.0092468855e-01
2,-0.1250000000,-17.7775396485,2.9422465933e-01
2,-0.1250000000,-17.7475353622,2.6774105462e-01
2,-0.1250000000,-17.7175310759,2.3101923292e-01
2,-0.1250000000,-17.6875267895,1.9324938929e-01
2,-0.1250000000,-17.6575225032,1.5960425441e-01
2,-0.1250000000,-17.6275182169,1.3173082482e-01
2,-0.1250000000,-17.5975139306,1.0941401788e-01
2,-0.1250000000,-17.5675096442,9.1776856760e-02
2,-0.1250000000,-17.5375053579,7.7861067963e-02
2,-0.1250000000,-17.5075010716,6.6836536355e-02
2,-0.1250000000,-17.4774967853,5.8043663231e-02
2,-0.1250000000,-17.4474924989,5.0976502445e-02
2,-0.1250000000,-17.4174882126,4.5252272714e-02
2,-0.1250000000,-17.3874839263,4.0582499499e-02
2,-0.1250000000,-17.3574796399,3.6749518985e-02
2,-0.1250000000,-17.3274753536,3.3588468844e-02
2,-0.1250000000,-17.2974710673,3.0973891338e-02
2,-0.1250000000,-17.2674667810,2.8809918648e-02
2,-0.1250000000,-17.2374624946,2.7023136500e-02
2,-0.1250000000,-17.2074582083,2.5557418118e-02
2,-0.1250000000,-17.1774539220,2.4370205255e-02
2,-0.1250000000,-17.1474496357,2.3429863009e-02
2,-0.1250000000,-17.1174453493,2.2713850035e-02
2,-0.1250000000,-17.0874410630,2.2207532720e-02
2,-0.1250000000,-17.0574367767,2.1903539294e-02
2,-0.1250000000,-17.0274324904,2.1801605299e-02
2,-0.1250000000,-16.9974282040,2.1908911899e-02
2,-0.1250000000,-16.9674239177,2.2240969026e-02
2,-0.1250000000,-16.9374196314,2.2823151196e-02
2,-0.1250000000,-16.9074153450,2.3693058250e-02
2,-0.1250000000,-16.8774110587,2.4903943969e-02
2,-0.1250000000,-16.8474067724,2.6529514566e-02
2,-0.1250000000,-16.8174024861,2.8670385391e-02
2,-0.1250000000,-16.7873981997,3.1462225214e-02
2,-0.1250000000,-16.7573939134,3.5084664843e-02
2,-0.1250000000,-16.7273896271,3.9767315240e-02
2,-0.1250000000,-16.6973853408,4.5782346641e-02
2,-0.1250000000,-16.6673810544,5.3397779105e-02
2,-0.1250000000,-16.6373767681,6.2738567119e-02
2,-0.1250000000,-16.6073724818,7.3479899450e-02
2,-0.1250000000,-16.5773681955,8.4370396491e-02
2,-0.1250000000,-16.5473639091,9.2941919361e-02
2,-0.1250000000,-16.5173596228,9.6260629827e-02
2,-0.1250000000,-16.4873553365,9.2914266611e-02
2,-0.1250000000,-16.4573510502,8.4255862403e-02
2,-0.1250000000,-16.4273467638,7.3207215762e-02
2,-0.1250000000,-16.3973424775,6.2258891514e-02
2,-0.1250000000,-16.3673381912,5.2686510229e-02
2,-0.1250000000,-16.3373339048,4.4827854165e-02
2,-0.1250000000,-16.3073296185,3.8561425642e-02
2,-0.1250000000,-16.2773253322,3.3617592498e-02
2,-0.1250000000,-16.2473210459,2.9720388329e-02
2,-0.1250000000,-16.2173167595,2.6635533697e-02
2,-0.1250000000,-16.1873124732,2.4178313578e-02
2,-0.1250000000,-16.1573081869,2.2207638543e-02
2,-0.1250000000,-16.1273039006,2.0617038187e-02
2,-0.1250000000,-16.0972996142,1.9326318106e-02
2,-0.1250000000,-16.0672953279,1.8274860333e-02
2,-0.1250000000,-16.0372910416,1.7416562451e-02
2,-0.1250000000,-16.0072867553,1.6716111046e-02
2,-0.1250000000,-15.9772824689,1.6146259596e-02
2,-0.1250000000,-15.9472781826,1.5685840915e-02
2,-0.1250000000,-15.9172738963,1.5318311729e-02
2,-0.1250000000,-15.8872696099,1.5030681944e-02
2,-0.1250000000,-15.8572653236,1.4812722577e-02
2,-0.1250000000,-15.8272610373,1.4656376544e-02
2,-0.1250000000,-15.7972567510,1.4555318212e-02
2,-0.1250000000,-15.7672524646,1.4504623080e-02
2,-0.1250000000,-15.7372481783,1.4500519922e-02
2,-0.1250000000,-15.7072438920,1.4540205536e-02
2,-0.1250000000,-15.6772396057,1.4621707875e-02
2,-0.1250000000,-15.6472353193,1.4743787361e-02
2,-0.1250000000,-15.6172310330,1.4905869227e-02
2,-0.1250000000,-15.5872267467,1.5108001970e-02
2,-0.1250000000,-15.5572224604,1.5350838782e-02
2,-0.1250000000,-15.5272181740,1.5635640308e-02
2,-0.1250000000,-15.4972138877,1.5964298335e-02
2,-0.1250000000,-15.4672096014,1.6339381263e-02
2,-0.1250000000,-15.4372053150,1.6764203489e-02
2,-0.1250000000,-15.4072010287,1.7242922225e-02
2,-0.1250000000,-15.3771967424,1.7780667025e-02
2,-0.1250000000,-15.3471924561,1.8383709379e-02
2,-0.1250000000,-15.3171881697,1.9059682558e-02
2,-0.1250000000,-15.2871838834,1.9817865541e-02
2,-0.1250000000,-15.2571795971,2.0669549878e-02
2,-0.1250000000,-15.2271753108,2.1628515185e-02
2,-0.1250000000,-15.1971710244,2.2711648416e-02
2,-0.1250000000,-15.1671667381,2.3939755373e-02
2,-0.1250000000,-15.1371624518,2.5338631464e-02
2,-0.1250000000,-15.1071581655,2.6940485092e-02
2,-0.1250000000,-15.0771538791,2.8785844232e-02
2,-0.1250000000,-15.0471495928,3.0926129221e-02
2,-0.1250000000,-15.0171453065,3.3427147960e-02
2,-0.1250000000,-14.9871410201,3.6373869284e-02
2,-0.1250000000,-14.9571367338,3.9876958534e-02
2,-0.1250000000,-14.9271324475,4.4081705400e-02
2,-0.1250000000,-14.8971281612,4.9180084925e-02
2,-0.1250000000,-14.8671238748,5.5426601290e-02
2,-0.1250000000,-14.8371195885,6.3157808228e-02
2,-0.1250000000,-14.8071153022,7.2812793967e-02
2,-0.1250000000,-14.7771110159,8.4944626444e-02
2,-0.1250000000,-14.7471067295,1.0019468389e-01
2,-0.1250000000,-14.7171024432,1.1916268658e-01
2,-0.1250000000,-14.6870981569,1.4203991046e-01
2,-0.1250000000,-14.6570938706,1.6783456499e-01
2,-0.1250000000,-14.6270895842,1.9325789067e-01
2,-0.1250000000,-14.5970852979,2.1228512305e-01
2,-0.1250000000,-14.5670810116,2.1839641497e-01
2,-0.1250000000,-14.5370767252,2.0928106475e-01
2,-0.1250000000,-14.5070724389,1.8890849056e-01
2,-0.1250000000,-14.4770681526,1.6409477835e-01
2,-0.1250000000,-14.4470638663,1.4016117857e-01
2,-0.1250000000,-14.4170595799,1.1963495416e-01
2,-0.1250000000,-14.3870552936,1.0306768620e-01
2,-0.1250000000,-14.3570510073,9.0098226122e-02
2,-0.1250000000,-14.3270467210,8.0097200712e-02
2,-0.1250000000,-14.2970424346,7.2448267528e-02
2,-0.1250000000,-14.2670381483,6.6637967134e-02
2,-0.1250000000,-14.2370338620,6.2266209415e-02
2,-0.1250000000,-14.2070295757,5.9030562132e-02
2,-0.1250000000,-14.1770252893,5.6705600431e-02
2,-0.1250000000,-14.1470210030,5.5124480251e-02
2,-0.1250000000,-14.1170167167,5.4164395251e-02
2,-0.1250000000,-14.0870124303,5.3735695569e-02
2,-0.1250000000,-14.0570081440,5.3773960421e-02
2,-0.1250000000,-14.0270038577,5.4234314087e-02
2,-0.1250000000,-13.9969995714,5.5087407920e-02
2,-0.1250000000,-13.9669952850,5.6316637544e-02
2,-0.1250000000,-13.9369909987,5.7916288404e-02
2,-0.1250000000,-13.9069867124,5.9890399177e-02
2,-0.1250000000,-13.8769824261,6.2252205576e-02
2,-0.1250000000,-13.8469781397,6.5024083117e-02
2,-0.1250000000,-13.8169738534,6.8237952433e-02
2,-0.1250000000,-13.7869695671,7.1936149701e-02
2,-0.1250000000,-13.7569652808,7.6172802188e-02
2,-0.1250000000,-13.7269609944,8.1015788861e-02
2,-0.1250000000,-13.6969567081,8.6549412915e-02
2,-0.1250000000,-13.6669524218,9.2877971838e-02
2,-0.1250000000,-13.6369481354,1.0013048779e-01
2,-0.1250000000,-13.6069438491,1.0846696504e-01
2,-0.1250000000,-13.5769395628,1.1808668483e-01
2,-0.1250000000,-13.5469352765,1.2923925520e-01
2,-0.1250000000,-13.5169309901,1.4223945149e-01
2,-0.1250000000,-13.4869267038,1.5748737686e-01
2,-0.1250000000,-13.4569224175,1.7549610693e-01
2,-0.1250000000,-13.4269181312,1.9692953759e-01
2,-0.1250000000,-13.3969138448,2.2265378870e-01
2,-0.1250000000,-13.3669095585,2.5380686869e-01
2,-0.1250000000,-13.3369052722,2.9189252980e-01
2,-0.1250000000,-13.3069009859,3.3890290772e-01
2,-0.1250000000,-13.2768966995,3.9746706480e-01
2,-0.1250000000,-13.2468924132,4.7099920366e-01
2,-0.1250000000,-13.2168881269,5.6375670071e-01
2,-0.1250000000,-13.1868838405,6.8056353926e-01
2,-0.1250000000,-13.1568795542,8.2563076448e-01
2,-0.1250000000,-13.1268752679,9.9940633672e-01
2,-0.1250000000,-13.0968709816,1.1922727285e+00
2,-0.1250000000,-13.0668666952,1.3764011616e+00
2,-0.1250000000,-13.0368624089,1.5049787360e+00
2,-0.1250000000,-13.0068581226,1.5331813950e+00
2,-0.1250000000,-12.9768538363,1.4527554407e+00
2,-0.1250000000,-12.9468495499,1.2998191536e+00
2,-0.1250000000,-12.9168452636,1.1249859216e+00
2,-0.1250000000,-12.8868409773,9.6451465391e-01
2,-0.1250000000,-12.8568366910,8.3475754026e-01
2,-0.1250000000,-12.8268324046,7.3935283455e-01
2,-0.1250000000,-12.7968281183,6.7663209241e-01
2,-0.1250000000,-12.7668238320,6.4366076707e-01
2,-0.1250000000,-12.7368195456,6.3745751372e-01
2,-0.1250000000,-12.7068152593,6.5418438634e-01
2,-0.1250000000,-12.6768109730,6.8662657830e-01
2,-0.1250000000,-12.6468066867,7.2103383696e-01
2,-0.1250000000,-12.6168024003,7.3738886936e-01
2,-0.1250000000,-12.5867981140,7.1830932064e-01
2,-0.1250000000,-12.5567938277,6.6175025228e-01
2,-0.1250000000,-12.5267895414,5.8193357411e-01
2,-0.1250000000,-12.4967852550,4.9708283859e-01
2,-0.1250000000,-12.4667809687,4.1931784350e-01
2,-0.1250000000,-12.4367766824,3.5338079023e-01
2,-0.1250000000,-12.4067723961,2.9951431607e-01
2,-0.1250000000,-12.3767681097,2.5612824305e-01
2,-0.1250000000,-12.3467638234,2.2123838266e-01
2,-0.1250000000,-12.3167595371,1.9304015751e-01
2,-0.1250000000,-12.2867552508,1.7006314135e-01
2,-0.1250000000,-12.2567509644,1.5116289111e-01
2,-0.1250000000,-12.2267466781,1.3546476312e-01
2,-0.1250000000,-12.1967423918,1.2230337481e-01
2,-0.1250000000,-12.1667381054,1.1117126695e-01
2,-0.1250000000,-12.1367338191,1.0167899523e-01
2,-0.1250000000,-12.1067295328,9.3525240703e-02
2,-0.1250000000,-12.0767252465,8.6474764805e-02
2,-0.1250000000,-12.0467209601,8.0342219643e-02
2,-0.1250000000,-12.0167166738,7.4980238038e-02
2,-0.1250000000,-11.9867123875,7.0270627647e-02
2,-0.1250000000,-11.9567081012,6.6117815169e-02
2,-0.1250000000,-11.9267038148,6.2443927258e-02
2,-0.1250000000,-11.8966995285,5.9185068984e-02
2,-0.1250000000,-11.8666952422,5.6288484855e-02
2,-0.1250000000,-11.8366909559,5.3710375481e-02
2,-0.1250000000,-11.8066866695,5.1414205453e-02
2,-0.1250000000,-11.7766823832,4.9369382422e-02
2,-0.1250000000,-11.7466780969,4.7550219213e-02
2,-0.1250000000,-11.7166738105,4.5935113656e-02
2,-0.1250000000,-11.6866695242,4.4505897484e-02
2,-0.1250000000,-11.6566652379,4.3247317754e-02
2,-0.1250000000,-11.6266609516,4.2146623256e-02
2,-0.1250000000,-11.5966566652,4.1193235025e-02
2,-0.1250000000,-11.5666523789,4.0378485119e-02
2,-0.1250000000,-11.5366480926,3.9695411638e-02
2,-0.1250000000,-11.5066438063,3.9138600944e-02
2,-0.1250000000,-11.4766395199,3.8704070358e-02
2,-0.1250000000,-11.4466352336,3.8389186501e-02
2,-0.1250000000,-11.4166309473,3.8192616007e-02
2,-0.1250000000,-11.3866266610,3.8114306720e-02
2,-0.1250000000,-11.3566223746,3.8155498688e-02
2,-0.1250000000,-11.3266180883,3.8318765497e-02
2,-0.1250000000,-11.2966138020,3.8608087705e-02
2,-0.1250000000,-11.2666095156,3.9028961461e-02
2,-0.1250000000,-11.2366052293,3.9588546932e-02
2,-0.1250000000,-11.2066009430,4.0295862938e-02
2,-0.1250000000,-11.1765966567,4.1162036470e-02
2,-0.1250000000,-11.1465923703,4.2200618516e-02
2,-0.1250000000,-11.1165880840,4.3427981219e-02
2,-0.1250000000,-11.0865837977,4.4863816091e-02
2,-0.1250000000,-11.0565795114,4.6531759089e-02
2,-0.1250000000,-11.0265752250,4.8460176580e-02
2,-0.1250000000,-10.9965709387,5.0683157163e-02
2,-0.1250000000,-10.9665666524,5.3241769131e-02
2,-0.1250000000,-10.9365623661,5.6185663647e-02
2,-0.1250000000,-10.9065580797,5.9575131491e-02
2,-0.1250000000,-10.8765537934,6.3483759835e-02
2,-0.1250000000,-10.8465495071,6.8001889250e-02
2,-0.1250000000,-10.8165452207,7.3241146666e-02
2,-0.1250000000,-10.7865409344,7.9340436424e-02
2,-0.1250000000,-10.7565366481,8.6473922176e-02
2,-0.1250000000,-10.7265323618,9.4861745326e-02
2,-0.1250000000,-10.6965280754,1.0478452515e-01
2,-0.1250000000,-10.6665237891,1.1660310044e-01
2,-0.1250000000,-10.6365195028,1.3078552796e-01
2,-0.1250000000,-10.6065152165,1.4794404507e-01
2,-0.1250000000,-10.5765109301,1.6888542205e-01
2,-0.1250000000,-10.5465066438,1.9467845542e-01
2,-0.1250000000,-10.5165023575,2.2674104167e-01
2,-0.1250000000,-10.4864980712,2.6694298357e-01
2,-0.1250000000,-10.4564937848,3.1770106961e-01
2,-0.1250000000,-10.4264894985,3.8199070532e-01
2,-0.1250000000,-10.3964852122,4.6307457147e-01
2,-0.1250000000,-10.3664809258,5.6349966376e-01
2,-0.1250000000,-10.3364766395,6.8257100130e-01
2,-0.1250000000,-10.3064723532,8.1161324289e-01
2,-0.1250000000,-10.2764680669,9.2866617396e-01
2,-0.1250000000,-10.2464637805,1.0001954322e+00
2,-0.1250000000,-10.2164594942,9.9856445202e-01
2,-0.1250000000,-10.1864552079,9.2440082535e-01
2,-0.1250000000,-10.1564509216,8.0602587730e-01
2,-0.1250000000,-10.1264466352,6.7675015560e-01
2,-0.1250000000,-10.0964423489,5.5798519691e-01
2,-0.1250000000,-10.0664380626,4.5799872051e-01
2,-0.1250000000,-10.0364337763,3.7729142481e-01
2,-0.1250000000,-10.0064294899,3.1325559946e-01
2,-0.1250000000,-9.9764252036,2.6262728988e-01
2,-0.1250000000,-9.9464209173,2.2244941429e-01
2,-0.1250000000,-9.9164166309,1.9032634975e-01
2,-0.1250000000,-9.8864123446,1.6440663896e-01
2,-0.1250000000,-9.8564080583,1.4328672959e-01
2,-0.1250000000,-9.8264037720,1.2590852157e-01
2,-0.1250000000,-9.7963994856,1.1147302275e-01
2,-0.1250000000,-9.7663951993,9.9373558914e-02
2,-0.1250000000,-9.7363909130,8.9145990264e-02
2,-0.1250000000,-9.7063866267,8.0432177827e-02
2,-0.1250000000,-9.6763823403,7.2953298135e-02
2,-0.1250000000,-9.6463780540,6.6490326670e-02
2,-0.1250000000,-9.6163737677,6.0869698275e-02
2,-0.1250000000,-9.5863694814,5.5952702678e-02
2,-0.1250000000,-9.5563651950,5.1627583075e-02
2,-0.1250000000,-9.5263609087,4.7803601410e-02
2,-0.1250000000,-9.4963566224,4.4406544176e-02
2,-0.1250000000,-9.4663523360,4.1375291168e-02
2,-0.1250000000,-9.4363480497,3.8659174704e-02
2,-0.1250000000,-9.4063437634,3.6215931299e-02
2,-0.1250000000,-9.3763394771,3.4010100872e-02
2,-0.1250000000,-9.3463351907,3.2011766632e-02
2,-0.1250000000,-9.3163309044,3.0195556220e-02
2,-0.1250000000,-9.2863266181,2.8539844684e-02
2,-0.1250000000,-9.2563223318,2.7026114452e-02
2,-0.1250000000,-9.2263180454,2.5638438261e-02
2,-0.1250000000,-9.1963137591,2.4363059003e-02
2,-0.1250000000,-9.1663094728,2.3188046430e-02
2,-0.1250000000,-9.1363051865,2.2103015187e-02
2,-0.1250000000,-9.1063009001,2.1098892040e-02
2,-0.1250000000,-9.0762966138,2.0167722812e-02
2,-0.1250000000,-9.0462923275,1.9302511490e-02
2,-0.1250000000,-9.0162880411,1.8497085585e-02
2,-0.1250000000,-8.9862837548,1.7745982965e-02
2,-0.1250000000,-8.9562794685,1.7044356366e-02
2,-0.1250000000,-8.9262751822,1.6387892510e-02
2,-0.1250000000,-8.8962708958,1.5772743339e-02
2,-0.1250000000,-8.8662666095,1.5195467353e-02
2,-0.1250000000,-8.8362623232,1.4652979385e-02
2,-0.1250000000,-8.8062580369,1.4142507479e-02
2,-0.1250000000,-8.7762537505,1.3661555736e-02
2,-0.1250000000,-8.7462494642,1.3207872219e-02
2,-0.1250000000,-8.7162451779,1.2779421138e-02
2,-0.1250000000,-8.6862408916,1.2374358695e-02
2,-0.1250000000,-8.6562366052,1.1991012043e-02
2,-0.1250000000,-8.6262323189,1.1627860909e-02
2,-0.1250000000,-8.5962280326,1.1283521521e-02
2,-0.1250000000,-8.5662237462,1.0956732508e-02
2,-0.1250000000,-8.5362194599,1.0646342506e-02
2,-0.1250000000,-8.5062151736,1.0351299258e-02
2,-0.1250000000,-8.4762108873,1.0070639986e-02
2,-0.1250000000,-8.4462066009,9.8034829011e-03
2,-0.1250000000,-8.4162023146,9.5490196903e-03
2,-0.1250000000,-8.3861980283,9.3065088671e-03
2,-0.1250000000,-8.3561937420,9.0752698841e-03
2,-0.1250000000,-8.3261894556,8.8546779165e-03
2,-0.1250000000,-8.2961851693,8.6441592434e-03
2,-0.1250000000,-8.2661808830,8.4431871621e-03
2,-0.1250000000,-8.2361765967,8.2512783793e-03
2,-0.1250000000,-8.2061723103,8.0679898349e-03
2,-0.1250000000,-8.1761680240,7.8929159171e-03
2,-0.1250000000,-8.1461637377,7.7256860381e-03
2,-0.1250000000,-8.1161594514,7.5659625433e-03
2,-0.1250000000,-8.0861551650,7.4134389330e-03
2,-0.1250000000,-8.0561508787,7.2678383818e-03
2,-0.1250000000,-8.0261465924,7.1289125455e-03
2,-0.1250000000,-7.9961423060,6.9964406500e-03
2,-0.1250000000,-7.9661380197,6.8702288636e-03
2,-0.1250000000,-7.9361337334,6.7501099590e-03
2,-0.1250000000,-7.9061294471,6.6359432767e-03
2,-0.1250000000,-7.8761251607,6.5276150116e-03
2,-0.1250000000,-7.8461208744,6.4250388498e-03
2,-0.1250000000,-7.8161165881,6.3281569943e-03
2,-0.1250000000,-7.7861123018,6.2369416301e-03
2,-0.1250000000,-7.7561080154,6.1513968930e-03
2,-0.1250000000,-7.7261037291,6.0715614236e-03
2,-0.1250000000,-7.6960994428,5.9975116127e-03
2,-0.1250000000,-7.6660951565,5.9293656696e-03
2,-0.1250000000,-7.6360908701,5.8672886812e-03
2,-0.1250000000,-7.6060865838,5.8114988749e-03
2,-0.1250000000,-7.5760822975,5.7622753586e-03
2,-0.1250000000,-7.5460780111,5.7199676826e-03
2,-0.1250000000,-7.5160737248,5.6850076716e-03
2,-0.1250000000,-7.4860694385,5.6579241028e-03
2,-0.1250000000,-7.4560651522,5.6393609774e-03
2,-0.1250000000,-7.4260608658,5.6301003670e-03
2,-0.1250000000,-7.3960565795,5.6310911198e-03
2,-0.1250000000,-7.3660522932,5.6434851348e-03
2,-0.1250000000,-7.3360480069,5.6686834797e-03
2,-0.1250000000,-7.3060437205,5.7083954139e-03
2,-0.1250000000,-7.2760394342,5.7647144605e-03
2,-0.1250000000,-7.2460351479,5.8402171837e-03
2,-0.1250000000,-7.2160308616,5.9380924441e-03
2,-0.1250000000,-7.1860265752,6.0623118893e-03
2,-0.1250000000,-7.1560222889,6.2178566542e-03
2,-0.1250000000,-7.1260180026,6.4110212185e-03
2,-0.1250000000,-7.0960137162,6.6498237742e-03
2,-0.1250000000,-7.0660094299,6.9445641648e-03
2,-0.1250000000,-7.0360051436,7.3085862921e-03
2,-0.1250000000,-7.0060008573,7.7593220756e-03
2,-0.1250000000,-6.9759965709,8.3197163374e-03
2,-0.1250000000,-6.9459922846,9.0201467808e-03
2,-0.1250000000,-6.9159879983,9.9009308717e-03
2,-0.1250000000,-6.8859837120,1.1015370940e-02
2,-0.1250000000,-6.8559794256,1.2432824342e-02
2,-0.1250000000,-6.8259751393,1.4240010398e-02
2,-0.1250000000,-6.7959708530,1.6535657324e-02
2,-0.1250000000,-6.7659665667,1.9407030590e-02
2,-0.1250000000,-6.7359622803,2.2866574056e-02
2,-0.1250000000,-6.7059579940,2.6723630586e-02
2,-0.1250000000,-6.6759537077,3.0414380180e-02
2,-0.1250000000,-6.6459494213,3.2973326488e-02
2,-0.1250000000,-6.6159451350,3.3448317756e-02
2,-0.1250000000,-6.5859408487,3.1621445907e-02
2,-0.1250000000,-6.5559365624,2.8205945545e-02
2,-0.1250000000,-6.5259322760,2.4243515106e-02
2,-0.1250000000,-6.4959279897,2.0488442930e-02
2,-0.1250000000,-6.4659237034,1.7273668989e-02
2,-0.1250000000,-6.4359194171,1.4654752281e-02
2,-0.1250000000,-6.4059151307,1.2565644158e-02
2,-0.1250000000,-6.3759108444,1.0907929319e-02
2,-0.1250000000,-6.3459065581,9.5882758704e-03
2,-0.1250000000,-6.3159022718,8.5296836492e-03
2,-0.1250000000,-6.2858979854,7.6721748545e-03
2,-0.1250000000,-6.2558936991,6.9701437323e-03
2,-0.1250000000,-6.2258894128,6.3891895240e-03
2,-0.1250000000,-6.1958851264,5.9033541506e-03
2,-0.1250000000,-6.1658808401,5.4929550901e-03
2,-0.1250000000,-6.1358765538,5.1429600185e-03
2,-0.1250000000,-6.1058722675,4.8417911419e-03
2,-0.1250000000,-6.0758679811,4.5804514621e-03
2,-0.1250000000,-6.0458636948,4.3518861886e-03
2,-0.1250000000,-6.0158594085,4.1505141468e-03
2,-0.1250000000,-5.9858551222,3.9718818106e-03
2,-0.1250000000,-5.9558508358,3.8124059889e-03
2,-0.1250000000,-5.9258465495,3.6691809259e-03
2,-0.1250000000,-5.8958422632,3.5398325024e-03
2,-0.1250000000,-5.8658379769,3.4224071321e-03
2,-0.1250000000,-5.8358336905,3.3152864103e-03
2,-0.1250000000,-5.8058294042,3.2171210293e-03
2,-0.1250000000,-5.7758251179,3.1267792209e-03
2,-0.1250000000,-5.7458208315,3.0433062372e-03
2,-0.1250000000,-5.7158165452,2.9658922824e-03
2,-0.1250000000,-5.6858122589,2.8938469623e-03
2,-0.1250000000,-5.6558079726,2.8265787950e-03
2,-0.1250000000,-5.6258036862,2.7635786802e-03
2,-0.1250000000,-5.5957993999,2.7044064832e-03
2,-0.1250000000,-5.5657951136,2.6486800862e-03
2,-0.1250000000,-5.5357908273,2.5960664052e-03
2,-0.1250000000,-5.5057865409,2.5462739817e-03
2,-0.1250000000,-5.4757822546,2.4990468443e-03
2,-0.1250000000,-5.4457779683,2.4541593976e-03
2,-0.1250000000,-5.4157736820,2.4114121478e-03
2,-0.1250000000,-5.3857693956,2.3706281138e-03
2,-0.1250000000,-5.3557651093,2.3316498001e-03
2,-0.1250000000,-5.3257608230,2.2943366342e-03
2,-0.1250000000,-5.2957565366,2.2585627896e-03
2,-0.1250000000,-5.2657522503,2.2242153286e-03
2,-0.1250000000,-5.2357479640,2.1911926135e-03
2,-0.1250000000,-5.2057436777,2.1594029421e-03
2,-0.1250000000,-5.1757393913,2.1287633727e-03
2,-0.1250000000,-5.1457351050,2.0991987085e-03
2,-0.1250000000,-5.1157308187,2.0706406180e-03
2,-0.1250000000,-5.0857265324,2.0430268700e-03
2,-0.1250000000,-5.0557222460,2.0163006679e-03
2,-0.1250000000,-5.0257179597,1.9904100669e-03
2,-0.1250000000,-4.9957136734,1.9653074644e-03
2,-0.1250000000,-4.9657093871,1.9409491517e-03
2,-0.1250000000,-4.9357051007,1.9172949205e-03
2,-0.1250000000,-4.9057008144,1.8943077140e-03
2,-0.1250000000,-4.8756965281,1.8719533205e-03
2,-0.1250000000,-4.8456922417,1.8502000998e-03
2,-0.1250000000,-4.8156879554,1.8290187416e-03
2,-0.1250000000,-4.7856836691,1.8083820501e-03
2,-0.1250000000,-4.7556793828,1.7882647515e-03
2,-0.1250000000,-4.7256750964,1.7686433229e-03
2,-0.1250000000,-4.6956708101,1.7494958381e-03
2,-0.1250000000,-4.6656665238,1.7308018305e-03
2,-0.1250000000,-4.6356622375,1.7125421687e-03
2,-0.1250000000,-4.6056579511,1.6946989458e-03
2,-0.1250000000,-4.5756536648,1.6772553783e-03
2,-0.1250000000,-4.5456493785,1.6601957163e-03
2,-0.1250000000,-4.5156450922,1.6435051610e-03
2,-0.1250000000,-4.4856408058,1.6271697908e-03
2,-0.1250000000,-4.4556365195,1.6111764936e-03
2,-0.1250000000,-4.4256322332,1.5955129063e-03
2,-0.1250000000,-4.3956279468,1.5801673587e-03
2,-0.1250000000,-4.3656236605,1.5651288229e-03
2,-0.1250000000,-4.3356193742,1.5503868673e-03
2,-0.1250000000,-4.3056150879,1.5359316143e-03
2,-0.1250000000,-4.2756108015,1.5217537016e-03
2,-0.1250000000,-4.2456065152,1.5078442470e-03
2,-0.1250000000,-4.2156022289,1.4941948159e-03
2,-0.1250000000,-4.1855979426,1.4807973915e-03
2,-0.1250000000,-4.1555936562,1.4676443477e-03
2,-0.1250000000,-4.1255893699,1.4547284236e-03
2,-0.1250000000,-4.0955850836,1.4420427006e-03
2,-0.1250000000,-4.0655807973,1.4295805809e-03
2,-0.1250000000,-4.0355765109,1.4173357676e-03
2,-0.1250000000,-4.0055722246,1.4053022469e-03
2,-0.1250000000,-3.9755679383,1.3934742707e-03
2,-0.1250000000,-3.9455636520,1.3818463415e-03
2,-0.1250000000,-3.9155593656,1.3704131973e-03
2,-0.1250000000,-3.8855550793,1.3591697987e-03
2,-0.1250000000,-3.8555507930,1.3481113161e-03
2,-0.1250000000,-3.8255465066,1.3372331183e-03
2,-0.1250000000,-3.7955422203,1.3265307615e-03
2,-0.1250000000,-3.7655379340,1.3159999792e-03
2,-0.1250000000,-3.7355336477,1.3056366730e-03
2,-0.1250000000,-3.7055293613,1.2954369037e-03
2,-0.1250000000,-3.6755250750,1.2853968834e-03
2,-0.1250000000,-3.6455207887,1.2755129674e-03
2,-0.1250000000,-3.6155165024,1.2657816473e-03
2,-0.1250000000,-3.5855122160,1.2561995444e-03
2,-0.1250000000,-3.5555079297,1.2467634033e-03
2,-0.1250000000,-3.5255036434,1.2374700860e-03
2,-0.1250000000,-3.4954993571,1.2283165664e-03
2,-0.1250000000,-3.4654950707,1.2192999254e-03
2,-0.1250000000,-3.4354907844,1.2104173455e-03
2,-0.1250000000,-3.4054864981,1.2016661067e-03
2,-0.1250000000,-3.3754822117,1.1930435818e-03
2,-0.1250000000,-3.3454779254,1.1845472328e-03
2,-0.1250000000,-3.3154736391,1.1761746068e-03
2,-0.1250000000,-3.2854693528,1.1679233323e-03
2,-0.1250000000,-3.2554650664,1.1597911161e-03
2,-0.1250000000,-3.2254607801,1.1517757400e-03
2,-0.1250000000,-3.1954564938,1.1438750576e-03
2,-0.1250000000,-3.1654522075,1.1360869916e-03
2,-0.1250000000,-3.1354479211,1.1284095312e-03
2,-0.1250000000,-3.1054436348,1.1208407293e-03
2,-0.1250000000,-3.0754393485,1.1133787003e-03
2,-0.1250000000,-3.0454350622,1.1060216178e-03
2,-0.1250000000,-3.0154307758,1.0987677121e-03
2,-0.1250000000,-2.9854264895,1.0916152688e-03
2,-0.1250000000,-2.9554222032,1.0845626262e-03
2,-0.1250000000,-2.9254179168,1.0776081739e-03
2,-0.1250000000,-2.8954136305,1.0707503508e-03
2,-0.1250000000,-2.8654093442,1.0639876435e-03
2,-0.1250000000,-2.8354050579,1.0573185851e-03
2,-0.1250000000,-2.8054007715,1.0507417530e-03
2,-0.1250000000,-2.7753964852,1.0442557681e-03
2,-0.1250000000,-2.7453921989,1.0378592931e-03
2,-0.1250000000,-2.7153879126,1.0315510316e-03
2,-0.1250000000,-2.6853836262,1.0253297264e-03
2,-0.1250000000,-2.6553793399,1.0191941587e-03
2,-0.1250000000,-2.6253750536,1.0131431471e-03
2,-0.1250000000,-2.5953707673,1.0071755461e-03
2,-0.1250000000,-2.5653664809,1.0012902455e-03
2,-0.1250000000,-2.5353621946,9.9548616961e-04
2,-0.1250000000,-2.5053579083,9.8976227589e-04
2,-0.1250000000,-2.4753536219,9.8411755446e-04
2,-0.1250000000,-2.4453493356,9.7855102722e-04
2,-0.1250000000,-2.4153450493,9.7306174710e-04
2,-0.1250000000,-2.3853407630,9.6764879733e-04
2,-0.1250000000,-2.3553364766,9.6231129081e-04
2,-0.1250000000,-2.3253321903,9.5704836945e-04
2,-0.1250000000,-2.2953279040,9.5185920358e-04
2,-0.1250000000,-2.2653236177,9.4674299139e-04
2,-0.1250000000,-2.2353193313,9.4169895839e-04
2,-0.1250000000,-2.2053150450,9.3672635691e-04
2,-0.1250000000,-2.1753107587,9.3182446567e-04
2,-0.1250000000,-2.1453064724,9.2699258929e-04
2,-0.1250000000,-2.1153021860,9.2223005791e-04
2,-0.1250000000,-2.0852978997,9.1753622684e-04
2,-0.1250000000,-2.0552936134,9.1291047613e-04
2,-0.1250000000,-2.0252893270,9.0835221034e-04
2,-0.1250000000,-1.9952850407,9.0386085816e-04
2,-0.1250000000,-1.9652807544,8.9943587219e-04
2,-0.1250000000,-1.9352764681,8.9507672870e-04
2,-0.1250000000,-1.9052721817,8.9078292735e-04
2,-0.1250000000,-1.8752678954,8.8655399106e-04
2,-0.1250000000,-1.8452636091,8.8238946580e-04
2,-0.1250000000,-1.8152593228,8.7828892045e-04
2,-0.1250000000,-1.7852550364,8.7425194668e-04
2,-0.1250000000,-1.7552507501,8.7027815886e-04
2,-0.1250000000,-1.7252464638,8.6636719394e-04
2,-0.1250000000,-1.6952421775,8.6251871147e-04
2,-0.1250000000,-1.6652378911,8.5873239350e-04
2,-0.1250000000,-1.6352336048,8.5500794463e-04
2,-0.1250000000,-1.6052293185,8.5134509198e-04
2,-0.1250000000,-1.5752250321,8.4774358529e-04
2,-0.1250000000,-1.5452207458,8.4420319692e-04
2,-0.1250000000,-1.5152164595,8.4072372201e-04
2,-0.1250000000,-1.4852121732,8.3730497854e-04
2,-0.1250000000,-1.4552078868,8.3394680752e-04
2,-0.1250000000,-1.4252036005,8.3064907311e-04
2,-0.1250000000,-1.3951993142,8.2741166287e-04
2,-0.1250000000,-1.3651950279,8.2423448791e-04
2,-0.1250000000,-1.3351907415,8.2111748323e-04
2,-0.1250000000,-1.3051864552,8.1806060790e-04
2,-0.1250000000,-1.2751821689,8.1506384545e-04
2,-0.1250000000,-1.2451778826,8.1212720414e-04
2,-0.1250000000,-1.2151735962,8.0925071736e-04
2,-0.1250000000,-1.1851693099,8.0643444403e-04
2,-0.1250000000,-1.1551650236,8.0367846902e-04
2,-0.1250000000,-1.1251607372,8.0098290361e-04
2,-0.1250000000,-1.0951564509,7.9834788599e-04
2,-0.1250000000,-1.0651521646,7.9577358182e-04
2,-0.1250000000,-1.0351478783,7.9326018475e-04
2,-0.1250000000,-1.0051435919,7.9080791711e-04
2,-0.1250000000,-0.9751393056,7.8841703048e-04
2,-0.1250000000,-0.9451350193,7.8608780644e-04
2,-0.1250000000,-0.9151307330,7.8382055729e-04
2,-0.1250000000,-0.8851264466,7.8161562683e-04
2,-0.1250000000,-0.8551221603,7.7947339124e-04
2,-0.1250000000,-0.8251178740,7.7739425988e-04
2,-0.1250000000,-0.7951135877,7.7537867632e-04
2,-0.1250000000,-0.7651093013,7.7342711928e-04
2,-0.1250000000,-0.7351050150,7.7154010368e-04
2,-0.1250000000,-0.7051007287,7.6971818178e-04
2,-0.1250000000,-0.6750964423,7.6796194436e-04
2,-0.1250000000,-0.6450921560,7.6627202194e-04
2,-0.1250000000,-0.6150878697,7.6464908611e-04
2,-0.1250000000,-0.5850835834,7.6309385093e-04
2,-0.1250000000,-0.5550792970,7.6160707439e-04
2,-0.1250000000,-0.5250750107,7.6018955996e-04
2,-0.1250000000,-0.4950707244,7.5884215827e-04
2,-0.1250000000,-0.4650664381,7.5756576879e-04
2,-0.1250000000,-0.4350621517,7.5636134171e-04
2,-0.1250000000,-0.4050578654,7.5522987985e-04
2,-0.1250000000,-0.3750535791,7.5417244071e-04
2,-0.1250000000,-0.3450492928,7.5319013868e-04
2,-0.1250000000,-0.3150450064,7.5228414723e-04
2,-0.1250000000,-0.2850407201,7.5145570144e-04
2,-0.1250000000,-0.2550364338,7.5070610046e-04
2,-0.1250000000,-0.2250321474,7.5003671029e-04
2,-0.1250000000,-0.1950278611,7.4944896656e-04
2,-0.1250000000,-0.1650235748,7.4894437764e-04
2,-0.1250000000,-0.1350192885,7.4852452776e-04
2,-0.1250000000,-0.1050150021,7.4819108045e-04
2,-0.1250000000,-0.0750107158,7.4794578210e-04
2,-0.1250000000,-0.0450064295,7.4779046576e-04
2,-0.1250000000,-0.0150021432,7.4772705518e-04
2,-0.1250000000,0.0150021432,7.4775756904e-04
2,-0.1250000000,0.0450064295,7.4788412551e-04
2,-0.1250000000,0.0750107158,7.4810894701e-04
2,-0.1250000000,0.1050150021,7.4843436530e-04
2,-0.1250000000,0.1350192885,7.4886282691e-04
2,-0.1250000000,0.1650235748,7.4939689881e-04
2,-0.1250000000,0.1950278611,7.5003927457e-04
2,-0.1250000000,0.2250321474,7.5079278077e-04
2,-0.1250000000,0.2550364338,7.5166038392e-04
2,-0.1250000000,0.2850407201,7.5264519774e-04
2,-0.1250000000,0.3150450064,7.5375049098e-04
2,-0.1250000000,0.3450492928,7.5497969569e-04
2,-0.1250000000,0.3750535791,7.5633641608e-04
2,-0.1250000000,0.4050578654,7.5782443788e-04
2,-0.1250000000,0.4350621517,7.5944773844e-04
2,-0.1250000000,0.4650664381,7.6121049741e-04
2,-0.1250000000,0.4950707244,7.6311710817e-04
2,-0.1250000000,0.5250750107,7.6517219009e-04
2,-0.1250000000,0.5550792970,7.6738060152e-04
2,-0.1250000000,0.5850835834,7.6974745381e-04
2,-0.1250000000,0.6150878697,7.7227812622e-04
2,-0.1250000000,0.6450921560,7.7497828196e-04
2,-0.1250000000,0.6750964423,7.7785388530e-04
2,-0.1250000000,0.7051007287,7.8091121996e-04
2,-0.1250000000,0.7351050150,7.8415690886e-04
2,-0.1250000000,0.7651093013,7.8759793529e-04
2,-0.1250000000,0.7951135877,7.9124166565e-04
2,-0.1250000000,0.8251178740,7.9509587393e-04
2,-0.1250000000,0.8551221603,7.9916876804e-04
2,-0.1250000000,0.8851264466,8.0346901816e-04
2,-0.1250000000,0.9151307330,8.0800578729e-04
2,-0.1250000000,0.9451350193,8.1278876419e-04
2,-0.1250000000,0.9751393056,8.1782819896e-04
2,-0.1250000000,1.0051435919,8.2313494146e-04
2,-0.1250000000,1.0351478783,8.2872048283e-04
2,-0.1250000000,1.0651521646,8.3459700044e-04
2,-0.1250000000,1.0951564509,8.4077740661e-04
2,-0.1250000000,1.1251607372,8.4727540131e-04
2,-0.1250000000,1.1551650236,8.5410552951e-04
2,-0.1250000000,1.1851693099,8.6128324329e-04
2,-0.1250000000,1.2151735962,8.6882496949e-04
2,-0.1250000000,1.2451778826,8.7674818327e-04
2,-0.1250000000,1.2751821689,8.8507148825e-04
2,-0.1250000000,1.3051864552,8.9381470391e-04
2,-0.1250000000,1.3351907415,9.0299896098e-04
2,-0.1250000000,1.3651950279,9.1264680568e-04
2,-0.1250000000,1.3951993142,9.2278231381e-04
2,-0.1250000000,1.4252036005,9.3343121561e-04
2,-0.1250000000,1.4552078868,9.4462103284e-04
2,-0.1250000000,1.4852121732,9.5638122910e-04
2,-0.1250000000,1.5152164595,9.6874337526e-04
2,-0.1250000000,1.5452207458,9.8174133138e-04
2,-0.1250000000,1.5752250321,9.9541144734e-04
2,-0.1250000000,1.6052293185,1.0097927842e-03
2,-0.1250000000,1.6352336048,1.0249273588e-03
2,-0.1250000000,1.6652378911,1.0408604147e-03
2,-0.1250000000,1.6952421775,1.0576407222e-03
2,-0.1250000000,1.7252464638,1.0753209114e-03
2,-0.1250000000,1.7552507501,1.0939578427e-03
2,-0.1250000000,1.7852550364,1.1136130193e-03
2,-0.1250000000,1.8152593228,1.1343530472e-03
2,-0.1250000000,1.8452636091,1.1562501490e-03
2,-0.1250000000,1.8752678954,1.1793827397e-03
2,-0.1250000000,1.9052721817,1.2038360713e-03
2,-0.1250000000,1.9352764681,1.2297029579e-03
2,-0.1250000000,1.9652807544,1.2570845907e-03
2,-0.1250000000,1.9952850407,1.2860914589e-03
2,-0.1250000000,2.0252893270,1.3168443882e-03
2,-0.1250000000,2.0552936134,1.3494757188e-03
2,-0.1250000000,2.0852978997,1.3841306414e-03
2,-0.1250000000,2.1153021860,1.4209687172e-03
2,-0.1250000000,2.1453064724,1.4601656115e-03
2,-0.1250000000,2.1753107587,1.5019150747e-03
2,-0.1250000000,2.2053150450,1.5464312128e-03
2,-0.1250000000,2.2353193313,1.5939510961e-03
2,-0.1250000000,2.2653236177,1.6447377646e-03
2,-0.1250000000,2.2953279040,1.6990837004e-03
2,-0.1250000000,2.3253321903,1.7573148514e-03
2,-0.1250000000,2.3553364766,1.8197953075e-03
2,-0.1250000000,2.3853407630,1.8869327545e-03
2,-0.1250000000,2.4153450493,1.9591848529e-03
2,-0.1250000000,2.4453493356,2.0370667272e-03
2,-0.1250000000,2.4753536219,2.1211597889e-03
2,-0.1250000000,2.5053579083,2.2121221703e-03
2,-0.1250000000,2.5353621946,2.3107011123e-03
2,-0.1250000000,2.5653664809,2.4177477305e-03
2,-0.1250000000,2.5953707673,2.5342346936e-03
2,-0.1250000000,2.6253750536,2.6612774823e-03
2,-0.1250000000,2.6553793399,2.8001600732e-03
2,-0.1250000000,2.6853836262,2.9523661219e-03
2,-0.1250000000,2.7153879126,3.1196170171e-03
2,-0.1250000000,2.7453921989,3.3039185680e-03
2,-0.1250000000,2.7753964852,3.5076186100e-03
2,-0.1250000000,2.8054007715,3.7334784989e-03
2,-0.1250000000,2.8354050579,3.9847623937e-03
2,-0.1250000000,2.8654093442,4.2653494774e-03
2,-0.1250000000,2.8954136305,4.5798759653e-03
2,-0.1250000000,2.9254179168,4.9339160840e-03
2,-0.1250000000,2.9554222032,5.3342144188e-03
2,-0.1250000000,2.9854264895,5.7889865015e-03
2,-0.1250000000,3.0154307758,6.3083107637e-03
2,-0.1250000000,3.0454350622,6.9046437811e-03
2,-0.1250000000,3.0754393485,7.5935031641e-03
2,-0.1250000000,3.1054436348,8.3943800389e-03
2,-0.1250000000,3.1354479211,9.3319679052e-03
2,-0.1250000000,3.1654522075,1.0437829417e-02
2,-0.1250000000,3.1954564938,1.1752670272e-02
2,-0.1250000000,3.2254607801,1.3329451755e-02
2,-0.1250000000,3.2554650664,1.5237647195e-02
2,-0.1250000000,3.2854693528,1.7569012332e-02
2,-0.1250000000,3.3154736391,2.0445228066e-02
2,-0.1250000000,3.3454779254,2.4027495668e-02
2,-0.1250000000,3.3754822117,2.8527123671e-02
2,-0.1250000000,3.4054864981,3.4213136480e-02
2,-0.1250000000,3.4354907844,4.1405289806e-02
2,-0.1250000000,3.4654950707,5.0423749410e-02
2,-0.1250000000,3.4954993571,6.1435763069e-02
2,-0.1250000000,3.5255036434,7.4111058823e-02
2,-0.1250000000,3.5555079297,8.7070549990e-02
2,-0.1250000000,3.5855122160,9.7507764221e-02
2,-0.1250000000,3.6155165024,1.0196471416e-01
2,-0.1250000000,3.6455207887,9.8610630308e-02
2,-0.1250000000,3.6755250750,8.8842695185e-02
2,-0.1250000000,3.7055293613,7.6043080796e-02
2,-0.1250000000,3.7355336477,6.3204321646e-02
2,-0.1250000000,3.7655379340,5.1906313229e-02
2,-0.1250000000,3.7955422203,4.2595869839e-02
2,-0.1250000000,3.8255465066,3.5151612981e-02
2,-0.1250000000,3.8555507930,2.9262697183e-02
2,-0.1250000000,3.8855550793,2.4604525124e-02
2,-0.1250000000,3.9155593656,2.0899569712e-02
2,-0.1250000000,3.9455636520,1.7928346295e-02
2,-0.1250000000,3.9755679383,1.5522944664e-02
2,-0.1250000000,4.0055722246,1.3556517156e-02
2,-0.1250000000,4.0355765109,1.1933435530e-02
2,-0.1250000000,4.0655807973,1.0581353233e-02
2,-0.1250000000,4.0955850836,9.4451799002e-03
2,-0.1250000000,4.1255893699,8.4826265821e-03
2,-0.1250000000,4.1555936562,7.6609459699e-03
2,-0.1250000000,4.1855979426,6.9545513934e-03
2,-0.1250000000,4.2156022289,6.3432727130e-03
2,-0.1250000000,4.2456065152,5.8110716786e-03
2,-0.1250000000,4.2756108015,5.3450890808e-03
2,-0.1250000000,4.3056150879,4.9349324910e-03
2,-0.1250000000,4.3356193742,4.5721395037e-03
2,-0.1250000000,4.3656236605,4.2497699087e-03
2,-0.1250000000,4.3956279468,3.9620932981e-03
2,-0.1250000000,4.4256322332,3.7043478696e-03
2,-0.1250000000,4.4556365195,3.4725527638e-03
2,-0.1250000000,4.4856408058,3.2633609671e-03
2,-0.1250000000,4.5156450922,3.0739431887e-03
2,-0.1250000000,4.5456493785,2.9018955632e-03
2,-0.1250000000,4.5756536648,2.7451658106e-03
2,-0.1250000000,4.6056579511,2.6019937951e-03
2,-0.1250000000,4.6356622375,2.4708633891e-03
2,-0.1250000000,4.6656665238,2.3504632714e-03
2,-0.1250000000,4.6956708101,2.2396548283e-03
2,-0.1250000000,4.7256750964,2.1374457343e-03
2,-0.1250000000,4.7556793828,2.0429681008e-03
2,-0.1250000000,4.7856836691,1.9554603171e-03
2,-0.1250000000,4.8156879554,1.8742518915e-03
2,-0.1250000000,4.8456922417,1.7987507440e-03
2,-0.1250000000,4.8756965281,1.7284325076e-03
2,-0.1250000000,4.9057008144,1.6628314878e-03
2,-0.1250000000,4.9357051007,1.6015329923e-03
2,-0.1250000000,4.9657093871,1.5441668010e-03
2,-0.1250000000,4.9957136734,1.4904015867e-03
2,-0.1250000000,5.0257179597,1.4399401331e-03
2,-0.1250000000,5.0557222460,1.3925152214e-03
2,-0.1250000000,5.0857265324,1.3478860831e-03
2,-0.1250000000,5.1157308187,1.3058353305e-03
2,-0.1250000000,5.1457351050,1.2661662940e-03
2,-0.1250000000,5.1757393913,1.2287007048e-03
2,-0.1250000000,5.2057436777,1.1932766742e-03
2,-0.1250000000,5.2357479640,1.1597469266e-03
2,-0.1250000000,5.2657522503,1.1279772497e-03
2,-0.1250000000,5.2957565366,1.0978451329e-03
2,-0.1250000000,5.3257608230,1.0692385686e-03
2,-0.1250000000,5.3557651093,1.0420549935e-03
2,-0.1250000000,5.3857693956,1.0162003522e-03
2,-0.1250000000,5.4157736820,9.9158826737e-04
2,-0.1250000000,5.4457779683,9.6813930272e-04
2,-0.1250000000,5.4757822546,9.4578030679e-04
2,-0.1250000000,5.5057865409,9.2444382833e-04
2,-0.1250000000,5.5357908273,9.0406759388e-04
2,-0.1250000000,5.5657951136,8.8459404045e-04
2,-0.1250000000,5.5957993999,8.6596989671e-04
2,-0.1250000000,5.6258036862,8.4814580694e-04
2,-0.1250000000,5.6558079726,8.3107599299e-04
2,-0.1250000000,5.6858122589,8.1471794989e-04
2,-0.1250000000,5.7158165452,7.9903217122e-04
2,-0.1250000000,5.7458208315,7.8398190124e-04
2,-0.1250000000,5.7758251179,7.6953291060e-04
2,-0.1250000000,5.8058294042,7.5565329329e-04
2,-0.1250000000,5.8358336905,7.4231328247e-04
2,-0.1250000000,5.8658379769,7.2948508332e-04
2,-0.1250000000,5.8958422632,7.1714272108e-04
2,-0.1250000000,5.9258465495,7.0526190272e-04
2,-0.1250000000,5.9558508358,6.9381989103e-04
2,-0.1250000000,5.9858551222,6.8279538968e-04
2,-0.1250000000,6.0158594085,6.7216843839e-04
2,-0.1250000000,6.0458636948,6.6192031710e-04
2,-0.1250000000,6.0758679811,6.5203345841e-04
2,-0.1250000000,6.1058722675,6.4249136735e-04
2,-0.1250000000,6.1358765538,6.3327854804e-04
2,-0.1250000000,6.1658808401,6.2438043640e-04
2,-0.1250000000,6.1958851264,6.1578333856e-04
2,-0.1250000000,6.2258894128,6.0747437431e-04
2,-0.1250000000,6.2558936991,5.9944142533e-04
2,-0.1250000000,6.2858979854,5.9167308767e-04
2,-0.1250000000,6.3159022718,5.8415862824e-04
2,-0.1250000000,6.3459065581,5.7688794490e-04
2,-0.1250000000,6.3759108444,5.6985153002e-04
2,-0.1250000000,6.4059151307,5.6304043712e-04
2,-0.1250000000,6.4359194171,5.5644625048e-04
2,-0.1250000000,6.4659237034,5.5006105752e-04
2,-0.1250000000,6.4959279897,5.4387742371e-04
2,-0.1250000000,6.5259322760,5.3788837004e-04
2,-0.1250000000,6.5559365624,5.3208735279e-04
2,-0.1250000000,6.5859408487,5.2646824553e-04
2,-0.1250000000,6.6159451350,5.2102532342e-04
2,-0.1250000000,6.6459494213,5.1575324962e-04
2,-0.1250000000,6.6759537077,5.1064706384e-04
2,-0.1250000000,6.7059579940,5.0570217306e-04
2,-0.1250000000,6.7359622803,5.0091434451e-04
2,-0.1250000000,6.7659665667,4.9627970082e-04
2,-0.1250000000,6.7959708530,4.9179471764e-04
2,-0.1250000000,6.8259751393,4.8745622372e-04
2,-0.1250000000,6.8559794256,4.8326140373e-04
2,-0.1250000000,6.8859837120,4.7920780400e-04
2,-0.1250000000,6.9159879983,4.7529334153e-04
2,-0.1250000000,6.9459922846,4.7151631662e-04
2,-0.1250000000,6.9759965709,4.6787542956e-04
2,-0.1250000000,7.0060008573,4.6436980200e-04
2,-0.1250000000,7.0360051436,4.6099900360e-04
2,-0.1250000000,7.0660094299,4.5776308493e-04
2,-0.1250000000,7.0960137162,4.5466261753e-04
2,-0.1250000000,7.1260180026,4.5169874243e-04
2,-0.1250000000,7.1560222889,4.4887322876e-04
2,-0.1250000000,7.1860265752,4.4618854423e-04
2,-0.1250000000,7.2160308616,4.4364793999e-04
2,-0.1250000000,7.2460351479,4.4125555264e-04
2,-0.1250000000,7.2760394342,4.3901652719e-04
2,-0.1250000000,7.3060437205,4.3693716546e-04
2,-0.1250000000,7.3360480069,4.3502510562e-04
2,-0.1250000000,7.3660522932,4.3328954026e-04
2,-0.1250000000,7.3960565795,4.3174148206e-04
2,-0.1250000000,7.4260608658,4.3039408885e-04
2,-0.1250000000,7.4560651522,4.2926306336e-04
2,-0.1250000000,7.4860694385,4.2836714691e-04
2,-0.1250000000,7.5160737248,4.2772873282e-04
2,-0.1250000000,7.5460780111,4.2737463271e-04
2,-0.1250000000,7.5760822975,4.2733703979e-04
2,-0.1250000000,7.6060865838,4.2765474773e-04
2,-0.1250000000,7.6360908701,4.2837470341e-04
2,-0.1250000000,7.6660951565,4.2955399941e-04
2,-0.1250000000,7.6960994428,4.3126244996e-04
2,-0.1250000000,7.7261037291,4.3358594727e-04
2,-0.1250000000,7.7561080154,4.3663086988e-04
2,-0.1250000000,7.7861123018,4.4052992008e-04
2,-0.1250000000,7.8161165881,4.4544991674e-04
2,-0.1250000000,7.8461208744,4.5160228068e-04
2,-0.1250000000,7.8761251607,4.5925724555e-04
2,-0.1250000000,7.9061294471,4.6876323341e-04
2,-0.1250000000,7.9361337334,4.8057337074e-04
2,-0.1250000000,7.9661380197,4.9528176655e-04
2,-0.1250000000,7.9961423060,5.1367277737e-04
2,-0.1250000000,8.0261465924,5.3678652654e-04
2,-0.1250000000,8.0561508787,5.6600193487e-04
2,-0.1250000000,8.0861551650,6.0313054643e-04
2,-0.1250000000,8.1161594514,6.5049089591e-04
2,-0.1250000000,8.1461637377,7.1087250024e-04
2,-0.1250000000,8.1761680240,7.8716014558e-04
2,-0.1250000000,8.2061723103,8.8112966091e-04
2,-0.1250000000,8.2361765967,9.9064522958e-04
2,-0.1250000000,8.2661808830,1.1049292611e-03
2,-0.1250000000,8.2961851693,1.2006244648e-03
2,-0.1250000000,8.3261894556,1.2468939983e-03
2,-0.1250000000,8.3561937420,1.2245236361e-03
2,-0.1250000000,8.3861980283,1.1424056668e-03
2,-0.1250000000,8.4162023146,1.0295436587e-03
2,-0.1250000000,8.4462066009,9.1371049611e-04
2,-0.1250000000,8.4762108873,8.1047708239e-04
2,-0.1250000000,8.5062151736,7.2477116272e-04
2,-0.1250000000,8.5362194599,6.5591935709e-04
2,-0.1250000000,8.5662237462,6.0126269118e-04
2,-0.1250000000,8.5962280326,5.5789688415e-04
2,-0.1250000000,8.6262323189,5.2330016654e-04
2,-0.1250000000,8.6562366052,4.9546521819e-04
2,-0.1250000000,8.6862408916,4.7285233175e-04
2,-0.1250000000,8.7162451779,4.5429747733e-04
2,-0.1250000000,8.7462494642,4.3892337447e-04
2,-0.1250000000,8.7762537505,4.2606692490e-04
2,-0.1250000000,8.8062580369,4.1522384463e-04
2,-0.1250000000,8.8362623232,4.0600764035e-04
2,-0.1250000000,8.8662666095,3.9811956977e-04
2,-0.1250000000,8.8962708958,3.9132670301e-04
2,-0.1250000000,8.9262751822,3.8544586202e-04
2,-0.1250000000,8.9562794685,3.8033180147e-04
2,-0.1250000000,8.9862837548,3.7586845172e-04
2,-0.1250000000,9.0162880411,3.7196238067e-04
2,-0.1250000000,9.0462923275,3.6853787324e-04
2,-0.1250000000,9.0762966138,3.6553319801e-04
2,-0.1250000000,9.1063009001,3.6289775218e-04
2,-0.1250000000,9.1363051865,3.6058986101e-04
2,-0.1250000000,9.1663094728,3.5857506928e-04
2,-0.1250000000,9.1963137591,3.5682480525e-04
2,-0.1250000000,9.2263180454,3.5531532905e-04
2,-0.1250000000,9.2563223318,3.5402689991e-04
2,-0.1250000000,9.2863266181,3.5294311282e-04
2,-0.1250000000,9.3163309044,3.5205036773e-04
2,-0.1250000000,9.3463351907,3.5133744281e-04
2,-0.1250000000,9.3763394771,3.5079515031e-04
2,-0.1250000000,9.4063437634,3.5041605819e-04
2,-0.1250000000,9.4363480497,3.5019426488e-04
2,-0.1250000000,9.4663523360,3.5012521687e-04
2,-0.1250000000,9.4963566224,3.5020556151e-04
2,-0.1250000000,9.5263609087,3.5043302872e-04
2,-0.1250000000,9.5563651950,3.5080633689e-04
2,-0.1250000000,9.5863694814,3.5132511913e-04
2,-0.1250000000,9.6163737677,3.5198986684e-04
2,-0.1250000000,9.6463780540,3.5280188841e-04
2,-0.1250000000,9.6763823403,3.5376328104e-04
2,-0.1250000000,9.7063866267,3.5487691461e-04
2,-0.1250000000,9.7363909130,3.5614642622e-04
2,-0.1250000000,9.7663951993,3.5757622509e-04
2,-0.1250000000,9.7963994856,3.5917150705e-04
2,-0.1250000000,9.8264037720,3.6093827867e-04
2,-0.1250000000,9.8564080583,3.6288339084e-04
2,-0.1250000000,9.8864123446,3.6501458228e-04
2,-0.1250000000,9.9164166309,3.6734053311e-04
2,-0.1250000000,9.9464209173,3.6987092943e-04
2,-0.1250000000,9.9764252036,3.7261653950e-04
2,-0.1250000000,10.0064294899,3.7558930288e-04
2,-0.1250000000,10.0364337763,3.7880243365e-04
2,-0.1250000000,10.0664380626,3.8227053957e-04
2,-0.1250000000,10.0964423489,3.8600975904e-04
2,-0.1250000000,10.1264466352,3.9003791838e-04
2,-0.1250000000,10.1564509216,3.9437471214e-04
2,-0.1250000000,10.1864552079,3.9904190998e-04
2,-0.1250000000,10.2164594942,4.0406359406e-04
2,-0.1250000000,10.2464637805,4.0946643179e-04
2,-0.1250000000,10.2764680669,4.1527998972e-04
2,-0.1250000000,10.3064723532,4.2153709532e-04
2,-0.1250000000,10.3364766395,4.2827425504e-04
2,-0.1250000000,10.3664809258,4.3553213829e-04
2,-0.1250000000,10.3964852122,4.4335613950e-04
2,-0.1250000000,10.4264894985,4.5179703248e-04
2,-0.1250000000,10.4564937848,4.6091173450e-04
2,-0.1250000000,10.4864980712,4.7076420162e-04
2,-0.1250000000,10.5165023575,4.8142648101e-04
2,-0.1250000000,10.5465066438,4.9297995242e-04
2,-0.1250000000,10.5765109301,5.0551679822e-04
2,-0.1250000000,10.6065152165,5.1914175099e-04
2,-0.1250000000,10.6365195028,5.3397417954e-04
2,-0.1250000000,10.6665237891,5.5015058986e-04
2,-0.1250000000,10.6965280754,5.6782763695e-04
2,-0.1250000000,10.7265323618,5.8718576939e-04
2,-0.1250000000,10.7565366481,6.0843366152e-04
2,-0.1250000000,10.7865409344,6.3181363156e-04
2,-0.1250000000,10.8165452207,6.5760830165e-04
2,-0.1250000000,10.8465495071,6.8614883133e-04
2,-0.1250000000,10.8765537934,7.1782515788e-04
2,-0.1250000000,10.9065580797,7.5309881308e-04
2,-0.1250000000,10.9365623661,7.9251907109e-04
2,-0.1250000000,10.9665666524,8.3674343387e-04
2,-0.1250000000,10.9965709387,8.8656380747e-04
2,-0.1250000000,11.0265752250,9.4294020180e-04
2,-0.1250000000,11.0565795114,1.0070444546e-03
2,-0.1250000000,11.0865837977,1.0803174177e-03
2,-0.1250000000,11.1165880840,1.1645443627e-03
2,-0.1250000000,11.1465923703,1.2619552328e-03
2,-0.1250000000,11.1765966567,1.3753590054e-03
2,-0.1250000000,11.2066009430,1.5083251550e-03
2,-0.1250000000,11.2366052293,1.6654303746e-03
2,-0.1250000000,11.2666095156,1.8525957084e-03
2,-0.1250000000,11.2966138020,2.0775481215e-03
2,-0.1250000000,11.3266180883,2.3504502456e-03
2,-0.1250000000,11.3566223746,2.6847481833e-03
2,-0.1250000000,11.3866266610,3.0982763355e-03
2,-0.1250000000,11.4166309473,3.6145935040e-03
2,-0.1250000000,11.4466352336,4.2643128877e-03
2,-0.1250000000,11.4766395199,5.0856106473e-03
2,-0.1250000000,11.5066438063,6.1216954759e-03
2,-0.1250000000,11.5366480926,7.4100839970e-03
2,-0.1250000000,11.5666523789,8.9540006295e-03
2,-0.1250000000,11.5966566652,1.0665189247e-02
2,-0.1250000000,11.6266609516,1.2290010467e-02
2,-0.1250000000,11.6566652379,1.3402384915e-02
2,-0.1250000000,11.6866695242,1.3593838910e-02
2,-0.1250000000,11.7166738105,1.2786767741e-02
2,-0.1250000000,11.7466780969,1.1304779381e-02
2,-0.1250000000,11.7766823832,9.6014884986e-03
2,-0.1250000000,11.8066866695,7.9986451002e-03
2,-0.1250000000,11.8366909559,6.6353588298e-03
2,-0.1250000000,11.8666952422,5.5328254860e-03
2,-0.1250000000,11.8966995285,4.6613510146e-03
2,-0.1250000000,11.9267038148,3.9781722799e-03
2,-0.1250000000,11.9567081012,3.4431606892e-03
2,-0.1250000000,11.9867123875,3.0234612306e-03
2,-0.1250000000,12.0167166738,2.6937130575e-03
2,-0.1250000000,12.0467209601,2.4348951371e-03
2,-0.1250000000,12.0767252465,2.2329823546e-03
2,-0.1250000000,12.1067295328,2.0777975516e-03
2,-0.1250000000,12.1367338191,1.9621400008e-03
2,-0.1250000000,12.1667381054,1.8811711609e-03
2,-0.1250000000,12.1967423918,1.8320170359e-03
2,-0.1250000000,12.2267466781,1.8135516225e-03
2,-0.1250000000,12.2567509644,1.8263376808e-03
2,-0.1250000000,12.2867552508,1.8727105579e-03
2,-0.1250000000,12.3167595371,1.9569899610e-03
2,-0.1250000000,12.3467638234,2.0857775994e-03
2,-0.1250000000,12.3767681097,2.2682103525e-03
2,-0.1250000000,12.4067723961,2.5158227910e-03
2,-0.1250000000,12.4367766824,2.8412574630e-03
2,-0.1250000000,12.4667809687,3.2545713660e-03
2,-0.1250000000,12.4967852550,3.7561855325e-03
2,-0.1250000000,12.5267895414,4.3280214885e-03
2,-0.1250000000,12.5567938277,4.9263977888e-03
2,-0.1250000000,12.5867981140,5.4738264778e-03
2,-0.1250000000,12.6168024003,5.8489999289e-03
2,-0.1250000000,12.6468066867,5.9147878288e-03
2,-0.1250000000,12.6768109730,5.6136198810e-03
2,-0.1250000000,12.7068152593,5.0316852742e-03
2,-0.1250000000,12.7368195456,4.3341165309e-03
2,-0.1250000000,12.7668238320,3.6576209154e-03
2,-0.1250000000,12.7968281183,3.0700547473e-03
2,-0.1250000000,12.8268324046,2.5873247956e-03
2,-0.1250000000,12.8568366910,2.2003851691e-03
2,-0.1250000000,12.8868409773,1.8925086072e-03
2,-0.1250000000,12.9168452636,1.6470512397e-03
2,-0.1250000000,12.9468495499,1.4500104230e-03
2,-0.1250000000,12.9768538363,1.2903752377e-03
2,-0.1250000000,13.0068581226,1.1597312389e-03
2,-0.1250000000,13.0368624089,1.0517131975e-03
2,-0.1250000000,13.0668666952,9.6150928131e-04
2,-0.1250000000,13.0968709816,8.8546595214e-04
2,-0.1250000000,13.1268752679,8.2078942463e-04
2,-0.1250000000,13.1568795542,7.6532523026e-04
2,-0.1250000000,13.1868838405,7.1739683263e-04
2,-0.1250000000,13.2168881269,6.7568757017e-04
2,-0.1250000000,13.2468924132,6.3915399166e-04
2,-0.1250000000,13.2768966995,6.0696185969e-04
2,-0.1250000000,13.3069009859,5.7843854866e-04
2,-0.1250000000,13.3369052722,5.5303735492e-04
2,-0.1250000000,13.3669095585,5.3031051639e-04
2,-0.1250000000,13.3969138448,5.0988864647e-04
2,-0.1250000000,13.4269181312,4.9146492823e-04
2,-0.1250000000,13.4569224175,4.7478286960e-04
2,-0.1250000000,13.4869267038,4.5962674369e-04
2,-0.1250000000,13.5169309901,4.4581406940e-04
2,-0.1250000000,13.5469352765,4.3318965465e-04
2,-0.1250000000,13.5769395628,4.2162084493e-04
2,-0.1250000000,13.6069438491,4.1099370855e-04
2,-0.1250000000,13.6369481354,4.0120995470e-04
2,-0.1250000000,13.6669524218,3.9218442878e-04
2,-0.1250000000,13.6969567081,3.8384306526e-04
2,-0.1250000000,13.7269609944,3.7612120557e-04
2,-0.1250000000,13.7569652808,3.6896220874e-04
2,-0.1250000000,13.7869695671,3.6231629835e-04
2,-0.1250000000,13.8169738534,3.5613960126e-04
2,-0.1250000000,13.8469781397,3.5039334259e-04
2,-0.1250000000,13.8769824261,3.4504316901e-04
2,-0.1250000000,13.9069867124,3.4005857762e-04
2,-0.1250000000,13.9369909987,3.3541243232e-04
2,-0.1250000000,13.9669952850,3.3108055299e-04
2,-0.1250000000,13.9969995714,3.2704136549e-04
2,-0.1250000000,14.0270038577,3.2327560285e-04
2,-0.1250000000,14.0570081440,3.1976604959e-04
2,-0.1250000000,14.0870124303,3.1649732282e-04
2,-0.1250000000,14.1170167167,3.1345568451e-04
2,-0.1250000000,14.1470210030,3.1062888078e-04
2,-0.1250000000,14.1770252893,3.0800600448e-04
2,-0.1250000000,14.2070295757,3.0557737803e-04
2,-0.1250000000,14.2370338620,3.0333445424e-04
2,-0.1250000000,14.2670381483,3.0126973303e-04
2,-0.1250000000,14.2970424346,2.9937669264e-04
2,-0.1250000000,14.3270467210,2.9764973401e-04
2,-0.1250000000,14.3570510073,2.9608413758e-04
2,-0.1250000000,14.3870552936,2.9467603196e-04
2,-0.1250000000,14.4170595799,2.9342237420e-04
2,-0.1250000000,14.4470638663,2.9232094169e-04
2,-0.1250000000,14.4770681526,2.9137033631e-04
2,-0.1250000000,14.5070724389,2.9057000135e-04
2,-0.1250000000,14.5370767252,2.8992025265e-04
2,-0.1250000000,14.5670810116,2.8942232547e-04
2,-0.1250000000,14.5970852979,2.8907843974e-04
2,-0.1250000000,14.6270895842,2.8889188652e-04
2,-0.1250000000,14.6570938706,2.8886714013e-04
2,-0.1250000000,14.6870981569,2.8901000115e-04
2,-0.1250000000,14.7171024432,2.8932777760e-04
2,-0.1250000000,14.7471067295,2.8982951363e-04
2,-0.1250000000,14.7771110159,2.9052627800e-04
2,-0.1250000000,14.8071153022,2.9143152887e-04
2,-0.1250000000,14.8371195885,2.9256157654e-04
2,-0.1250000000,14.8671238748,2.9393617350e-04
2,-0.1250000000,14.8971281612,2.9557927128e-04
2,-0.1250000000,14.9271324475,2.9751999774e-04
2,-0.1250000000,14.9571367338,2.9979392869e-04
2,-0.1250000000,14.9871410201,3.0244475543e-04
2,-0.1250000000,15.0171453065,3.0552648954e-04
2,-0.1250000000,15.0471495928,3.0910640218e-04
2,-0.1250000000,15.0771538791,3.1326897407e-04
2,-0.1250000000,15.1071581655,3.1812124213e-04
2,-0.1250000000,15.1371624518,3.2380007829e-04
2,-0.1250000000,15.1671667381,3.3048212831e-04
2,-0.1250000000,15.1971710244,3.3839735709e-04
2,-0.1250000000,15.2271753108,3.4784731168e-04
2,-0.1250000000,15.2571795971,3.5922907201e-04
2,-0.1250000000,15.2871838834,3.7306471583e-04
2,-0.1250000000,15.3171881697,3.9003219080e-04
2,-0.1250000000,15.3471924561,4.1098249562e-04
2,-0.1250000000,15.3771967424,4.3690086626e-04
2,-0.1250000000,15.4072010287,4.6871089471e-04
2,-0.1250000000,15.4372053150,5.0672277213e-04
2,-0.1250000000,15.4672096014,5.4947121187e-04
2,-0.1250000000,15.4972138877,5.9205436079e-04
2,-0.1250000000,15.5272181740,6.2550802842e-04
2,-0.1250000000,15.5572224604,6.4020602915e-04
2,-0.1250000000,15.5872267467,6.3288588621e-04
2,-0.1250000000,15.6172310330,6.0964986876e-04
2,-0.1250000000,15.6472353193,5.8078057172e-04
2,-0.1250000000,15.6772396057,5.5430322542e-04
2,-0.1250000000,15.7072438920,5.3410554086e-04
2,-0.1250000000,15.7372481783,5.2118157936e-04
2,-0.1250000000,15.7672524646,5.1522087860e-04
2,-0.1250000000,15.7972567510,5.1557339253e-04
2,-0.1250000000,15.8272610373,5.2167901439e-04
2,-0.1250000000,15.8572653236,5.3321881990e-04
2,-0.1250000000,15.8872696099,5.5015567200e-04
2,-0.1250000000,15.9172738963,5.7274515566e-04
2,-0.1250000000,15.9472781826,6.0155158027e-04
2,-0.1250000000,15.9772824689,6.3748430118e-04
2,-0.1250000000,16.0072867553,6.8186324833e-04
2,-0.1250000000,16.0372910416,7.3652189049e-04
2,-0.1250000000,16.0672953279,8.0395712555e-04
2,-0.1250000000,16.0972996142,8.8753573187e-04
2,-0.1250000000,16.1273039006,9.9176067459e-04
2,-0.1250000000,16.1573081869,1.1225748126e-03
2,-0.1250000000,16.1873124732,1.2876031041e-03
2,-0.1250000000,16.2173167595,1.4960372005e-03
2,-0.1250000000,16.2473210459,1.7574169919e-03
2,-0.1250000000,16.2773253322,2.0777250837e-03
2,-0.1250000000,16.3073296185,2.4503188264e-03
2,-0.1250000000,16.3373339048,2.8407234324e-03
2,-0.1250000000,16.3673381912,3.1742866483e-03
2,-0.1250000000,16.3973424775,3.3533773839e-03
2,-0.1250000000,16.4273467638,3.3192894758e-03
2,-0.1250000000,16.4573510502,3.1042418825e-03
2,-0.1250000000,16.4873553365,2.8042616395e-03
2,-0.1250000000,16.5173596228,2.5102787915e-03
2,-0.1250000000,16.5473639091,2.2723874827e-03
2,-0.1250000000,16.5773681955,2.1023451718e-03
2,-0.1250000000,16.6073724818,1.9854519746e-03
2,-0.1250000000,16.6373767681,1.8901431631e-03
2,-0.1250000000,16.6673810544,1.7817338850e-03
2,-0.1250000000,16.6973853408,1.6424995549e-03
2,-0.1250000000,16.7273896271,1.4807418691e-03
2,-0.1250000000,16.7573939134,1.3178752687e-03
2,-0.1250000000,16.7873981997,1.1711231404e-03
2,-0.1250000000,16.8174024861,1.0478264565e-03
2,-0.1250000000,16.8474067724,9.4824761524e-04
2,-0.1250000000,16.8774110587,8.6953816580e-04
2,-0.1250000000,16.9074153450,8.0815820507e-04
2,-0.1250000000,16.9374196314,7.6090782060e-04
2,-0.1250000000,16.9674239177,7.2522852286e-04
2,-0.1250000000,16.9974282040,6.9921005317e-04
2,-0.1250000000,17.0274324904,6.8150951694e-04
2,-0.1250000000,17.0574367767,6.7126548152e-04
2,-0.1250000000,17.0874410630,6.6803535974e-04
2,-0.1250000000,17.1174453493,6.7176402801e-04
2,-0.1250000000,17.1474496357,6.8278554927e-04
2,-0.1250000000,17.1774539220,7.0185896532e-04
2,-0.1250000000,17.2074582083,7.3023873856e-04
2,-0.1250000000,17.2374624946,7.6977624220e-04
2,-0.1250000000,17.2674667810,8.2303266297e-04
2,-0.1250000000,17.2974710673,8.9333753249e-04
2,-0.1250000000,17.3274753536,9.8461198204e-04
2,-0.1250000000,17.3574796399,1.1005267774e-03
2,-0.1250000000,17.3874839263,1.2421517785e-03
2,-0.1250000000,17.4174882126,1.4030227696e-03
2,-0.1250000000,17.4474924989,1.5621170437e-03
2,-0.1250000000,17.4774967853,1.6812716858e-03
2,-0.1250000000,17.5075010716,1.7196817834e-03
2,-0.1250000000,17.5375053579,1.6636036217e-03
2,-0.1250000000,17.5675096442,1.5388272213e-03
2,-0.1250000000,17.5975139306,1.3886214353e-03
2,-0.1250000000,17.6275182169,1.2466193335e-03
2,-0.1250000000,17.6575225032,1.1290077483e-03
2,-0.1250000000,17.6875267895,1.0398373224e-03
2,-0.1250000000,17.7175310759,9.7773665569e-04
2,-0.1250000000,17.7475353622,9.3995340319e-04
2,-0.1250000000,17.7775396485,9.2404513610e-04
2,-0.1250000000,17.8075439348,9.2815258990e-04
2,-0.1250000000,17.8375482212,9.5025829613e-04
2,-0.1250000000,17.8675525075,9.8636463730e-04
2,-0.1250000000,17.8975567938,1.0278154840e-03
2,-0.1250000000,17.9275610802,1.0599720159e-03
2,-0.1250000000,17.9575653665,1.0668414007e-03
2,-0.1250000000,17.9875696528,1.0417289439e-03
2,-0.1250000000,18.0175739391,9.9260893654e-04
2,-0.1250000000,18.0475782255,9.3473076037e-04
2,-0.1250000000,18.0775825118,8.8038873366e-04
2,-0.1250000000,18.1075867981,8.3551864409e-04
2,-0.1250000000,18.1375910844,8.0142730739e-04
2,-0.1250000000,18.1675953708,7.7725653118e-04
2,-0.1250000000,18.1975996571,7.6151215224e-04
2,-0.1250000000,18.2276039434,7.5273965020e-04
2,-0.1250000000,18.2576082297,7.4974283998e-04
2,-0.1250000000,18.2876125161,7.5161154925e-04
2,-0.1250000000,18.3176168024,7.5768589026e-04
2,-0.1250000000,18.3476210887,7.6750852243e-04
2,-0.1250000000,18.3776253751,7.8078239138e-04
2,-0.1250000000,18.4076296614,7.9733813435e-04
2,-0.1250000000,18.4376339477,8.1711078571e-04
2,-0.1250000000,18.4676382340,8.4012424151e-04
2,-0.1250000000,18.4976425204,8.6648195228e-04
2,-0.1250000000,18.5276468067,8.9636266755e-04
2,-0.1250000000,18.5576510930,9.3002045946e-04
2,-0.1250000000,18.5876553793,9.6778862452e-04
2,-0.1250000000,18.6176596657,1.0100873935e-03
2,-0.1250000000,18.6476639520,1.0574356896e-03
2,-0.1250000000,18.6776682383,1.1104674934e-03
2,-0.1250000000,18.7076725246,1.1699537275e-03
2,-0.1250000000,18.7376768110,1.2368310103e-03
2,-0.1250000000,18.7676810973,1.3122391834e-03
2,-0.1250000000,18.7976853836,1.3975702673e-03
2,-0.1250000000,18.8276896700,1.4945325186e-03
2,-0.1250000000,18.8576939563,1.6052346812e-03
2,-0.1250000000,18.8876982426,1.7322975186e-03
2,-0.1250000000,18.9177025289,1.8790025191e-03
2,-0.1250000000,18.9477068153,2.0494916353e-03
2,-0.1250000000,18.9777111016,2.2490374984e-03
2,-0.1250000000,19.0077153879,2.4844112711e-03
2,-0.1250000000,19.0377196742,2.7643856717e-03
2,-0.1250000000,19.0677239606,3.1004236651e-03
2,-0.1250000000,19.0977282469,3.5076169226e-03
2,-0.1250000000,19.1277325332,4.0059448424e-03
2,-0.1250000000,19.1577368195,4.6219021285e-03
2,-0.1250000000,19.1877411059,5.3904299402e-03
2,-0.1250000000,19.2177453922,6.3567302365e-03
2,-0.1250000000,19.2477496785,7.5765915747e-03
2,-0.1250000000,19.2777539649,9.1115904463e-03
2,-0.1250000000,19.3077582512,1.1010939237e-02
2,-0.1250000000,19.3377625375,1.3265275169e-02
2,-0.1250000000,19.3677668238,1.5718887945e-02
2,-0.1250000000,19.3977711102,1.7968476797e-02
2,-0.1250000000,19.4277753965,1.9386777487e-02
2,-0.1250000000,19.4577796828,1.9440888691e-02
2,-0.1250000000,19.4877839691,1.8119791358e-02
2,-0.1250000000,19.5177882555,1.5944598258e-02
2,-0.1250000000,19.5477925418,1.3546971903e-02
2,-0.1250000000,19.5777968281,1.1339951287e-02
2,-0.1250000000,19.6078011144,9.4855928404e-03
2,-0.1250000000,19.6378054008,7.9950646308e-03
2,-0.1250000000,19.6678096871,6.8189941202e-03
2,-0.1250000000,19.6978139734,5.8963695784e-03
2,-0.1250000000,19.7278182598,5.1732887071e-03
2,-0.1250000000,19.7578225461,4.6066510652e-03
2,-0.1250000000,19.7878268324,4.1629600251e-03
2,-0.1250000000,19.8178311187,3.8165047356e-03
2,-0.1250000000,19.8478354051,3.5477730508e-03
2,-0.1250000000,19.8778396914,3.3421078717e-03
2,-0.1250000000,19.9078439777,3.1886017395e-03
2,-0.1250000000,19.9378482640,3.0792312268e-03
2,-0.1250000000,19.9678525504,3.0082091334e-03
2,-0.1250000000,19.9978568367,2.9715181001e-03
2,-0.1250000000,20.0278611230,2.9665890898e-03
2,-0.1250000000,20.0578654093,2.9920952154e-03
2,-0.1250000000,20.0878696957,3.0478402189e-03
2,-0.1250000000,20.1178739820,3.1347290085e-03
2,-0.1250000000,20.1478782683,3.2548137041e-03
2,-0.1250000000,20.1778825547,3.4114106349e-03
2,-0.1250000000,20.2078868410,3.6092764950e-03
2,-0.1250000000,20.2378911273,3.8548023676e-03
2,-0.1250000000,20.2678954136,4.1561038130e-03
2,-0.1250000000,20.2978997000,4.5227036558e-03
2,-0.1250000000,20.3279039863,4.9641901135e-03
2,-0.1250000000,20.3579082726,5.4870186693e-03
2,-0.1250000000,20.3879125589,6.0896888528e-03
2,-0.1250000000,20.4179168453,6.7610554185e-03
2,-0.1250000000,20.4479211316,7.4919239172e-03
2,-0.1250000000,20.4779254179,8.3004319491e-03
2,-0.1250000000,20.5079297042,9.2467234304e-03
2,-0.1250000000,20.5379339906,1.0420257447e-02
2,-0.1250000000,20.5679382769,1.1921336611e-02
2,-0.1250000000,20.5979425632,1.3858100638e-02
2,-0.1250000000,20.6279468495,1.6353625925e-02
2,-0.1250000000,20.6579511359,1.9546463112e-02
2,-0.1250000000,20.6879554222,2.3564445948e-02
2,-0.1250000000,20.7179597085,2.8442788191e-02
2,-0.1250000000,20.7479639949,3.3951879606e-02
2,-0.1250000000,20.7779682812,3.9354739791e-02
2,-0.1250000000,20.8079725675,4.3324184608e-02
2,-0.1250000000,20.8379768538,4.4455540463e-02
2,-0.1250000000,20.8679811402,4.2293170993e-02
2,-0.1250000000,20.8979854265,3.7741160571e-02
2,-0.1250000000,20.9279897128,3.2287539940e-02
2,-0.1250000000,20.9579939991,2.7075094353e-02
2,-0.1250000000,20.9879982855,2.2642104270e-02
2,-0.1250000000,21.0180025718,1.9108210707e-02
2,-0.1250000000,21.0480068581,1.6404145147e-02
2,-0.1250000000,21.0780111444,1.4408952233e-02
2,-0.1250000000,21.1080154308,1.3008127750e-02
2,-0.1250000000,21.1380197171,1.2107568063e-02
2,-0.1250000000,21.1680240034,1.1622800836e-02
2,-0.1250000000,21.1980282898,1.1449663338e-02
2,-0.1250000000,21.2280325761,1.1425444115e-02
2,-0.1250000000,21.2580368624,1.1318759328e-02
2,-0.1250000000,21.2880411487,1.0909575840e-02
2,-0.1250000000,21.3180454351,1.0132340233e-02
2,-0.1250000000,21.3480497214,9.1143049014e-03
2,-0.1250000000,21.3780540077,8.0511268324e-03
2,-0.1250000000,21.4080582940,7.0778771002e-03
2,-0.1250000000,21.4380625804,6.2386125721e-03
2,-0.1250000000,21.4680668667,5.5191552370e-03
2,-0.1250000000,21.4980711530,4.8909330777e-03
2,-0.1250000000,21.5280754393,4.3376694017e-03
2,-0.1250000000,21.5580797257,3.8558489716e-03
2,-0.1250000000,21.5880840120,3.4436795718e-03
2,-0.1250000000,21.6180882983,3.0954650935e-03
2,-0.1250000000,21.6480925847,2.8025400051e-03
2,-0.1250000000,21.6780968710,2.5556895362e-03
2,-0.1250000000,21.7081011573,2.3466318918e-03
2,-0.1250000000,21.7381054436,2.1685083056e-03
2,-0.1250000000,21.7681097300,2.0158568523e-03
2,-0.1250000000,21.7981140163,1.8844059527e-03
2,-0.1250000000,21.8281183026,1.7708440180e-03
2,-0.1250000000,21.8581225889,1.6726211434e-03
2,-0.1250000000,21.8881268753,1.5877955776e-03
2,-0.1250000000,21.9181311616,1.5149225859e-03
2,-0.1250000000,21.9481354479,1.4529798431e-03
2,-0.1250000000,21.9781397342,1.4013242583e-03
2,-0.1250000000,22.0081440206,1.3596772069e-03
2,-0.1250000000,22.0381483069,1.3281373854e-03
2,-0.1250000000,22.0681525932,1.3072222492e-03
2,-0.1250000000,22.0981568796,1.2979391007e-03
2,-0.1250000000,22.1281611659,1.3018824234e-03
2,-0.1250000000,22.1581654522,1.3213375279e-03
2,-0.1250000000,22.1881697385,1.3593244093e-03
2,-0.1250000000,22.2181740249,1.4194039113e-03
2,-0.1250000000,22.2481783112,1.5048384368e-03
2,-0.1250000000,22.2781825975,1.6163665791e-03
2,-0.1250000000,22.3081868838,1.7478714334e-03
2,-0.1250000000,22.3381911702,1.8812004132e-03
2,-0.1250000000,22.3681954565,1.9868042854e-03
2,-0.1250000000,22.3981997428,2.0385698519e-03
2,-0.1250000000,22.4282040291,2.0335567173e-03
2,-0.1250000000,22.4582083155,1.9897613414e-03
2,-0.1250000000,22.4882126018,1.9221205094e-03
2,-0.1250000000,22.5182168881,1.8291310244e-03
2,-0.1250000000,22.5482211745,1.7048721429e-03
2,-0.1250000000,22.5782254608,1.5563520982e-03
2,-0.1250000000,22.6082297471,1.4025051230e-03
2,-0.1250000000,22.6382340334,1.2609344728e-03
2,-0.1250000000,22.6682383198,1.1406368084e-03
2,-0.1250000000,22.6982426061,1.0433372856e-03
2,-0.1250000000,22.7282468924,9.6722106246e-04
2,-0.1250000000,22.7582511787,9.0956292303e-04
2,-0.1250000000,22.7882554651,8.6795451464e-04
2,-0.1250000000,22.8182597514,8.4067959103e-04
2,-0.1250000000,22.8482640377,8.2662039094e-04
2,-0.1250000000,22.8782683240,8.2476208427e-04
2,-0.1250000000,22.9082726104,8.3312926740e-04
2,-0.1250000000,22.9382768967,8.4708004123e-04
2,-0.1250000000,22.9682811830,8.5790730972e-04
2,-0.1250000000,22.9982854694,8.5456602955e-04
2,-0.1250000000,23.0282897557,8.3016595214e-04
2,-0.1250000000,23.0582940420,7.8749394657e-04
2,-0.1250000000,23.0882983283,7.3618688878e-04
2,-0.1250000000,23.1183026147,6.8545609759e-04
2,-0.1250000000,23.1483069010,6.4039368835e-04
2,-0.1250000000,23.1783111873,6.0252108851e-04
2,-0.1250000000,23.2083154736,5.7149821857e-04
2,-0.1250000000,23.2383197600,5.4634212109e-04
2,-0.1250000000,23.2683240463,5.2601070997e-04
2,-0.1250000000,23.2983283326,5.0961164654e-04
2,-0.1250000000,23.3283326189,4.9644491311e-04
2,-0.1250000000,23.3583369053,4.8598605943e-04
2,-0.1250000000,23.3883411916,4.7785514406e-04
2,-0.1250000000,23.4183454779,4.7178754316e-04
2,-0.1250000000,23.4483497643,4.6761105259e-04
2,-0.1250000000,23.4783540506,4.6522931451e-04
2,-0.1250000000,23.5083583369,4.6460982264e-04
2,-0.1250000000,23.5383626232,4.6577327959e-04
2,-0.1250000000,23.5683669096,4.6877859282e-04
2,-0.1250000000,23.5983711959,4.7369447420e-04
2,-0.1250000000,23.6283754822,4.8055052524e-04
2,-0.1250000000,23.6583797685,4.8928736607e-04
2,-0.1250000000,23.6883840549,4.9978946419e-04
2,-0.1250000000,23.7183883412,5.1209016768e-04
2,-0.1250000000,23.7483926275,5.2662196008e-04
2,-0.1250000000,23.7783969138,5.4422121713e-04
2,-0.1250000000,23.8084012002,5.6591827817e-04
2,-0.1250000000,23.8384054865,5.9281287666e-04
2,-0.1250000000,23.8684097728,6.2613098601e-04
2,-0.1250000000,23.8984140592,6.6737084647e-04
2,-0.1250000000,23.9284183455,7.1847139378e-04
2,-0.1250000000,23.9584226318,7.8199768556e-04
2,-0.1250000000,23.9884269181,8.6135603219e-04
2,-0.1250000000,24.0184312045,9.6103540708e-04
2,-0.1250000000,24.0484354908,1.0868183022e-03
2,-0.1250000000,24.0784397771,1.2457711385e-03
2,-0.1250000000,24.1084440634,1.4455198287e-03
2,-0.1250000000,24.1384483498,1.6917280490e-03
2,-0.1250000000,24.1684526361,1.9819799234e-03
2,-0.1250000000,24.1984569224,2.2949259966e-03
2,-0.1250000000,24.2284612087,2.5798365850e-03
2,-0.1250000000,24.2584654951,2.7648591803e-03
2,-0.1250000000,24.2884697814,2.7990398622e-03
2,-0.1250000000,24.3184740677,2.6952352315e-03
2,-0.1250000000,24.3484783541,2.5188237689e-03
2,-0.1250000000,24.3784826404,2.3398813728e-03
2,-0.1250000000,24.4084869267,2.2050924159e-03
2,-0.1250000000,24.4384912130,2.1366181610e-03
2,-0.1250000000,24.4684954994,2.1370771019e-03
2,-0.1250000000,24.4984997857,2.1899292586e-03
2,-0.1250000000,24.5285040720,2.2565080905e-03
2,-0.1250000000,24.5585083583,2.2815613257e-03
2,-0.1250000000,24.5885126447,2.2206663700e-03
2,-0.1250000000,24.6185169310,2.0730465694e-03
2,-0.1250000000,24.6485212173,1.8792687298e-03
2,-0.1250000000,24.6785255036,1.6867999538e-03
2,-0.1250000000,24.7085297900,1.5245491549e-03
2,-0.1250000000,24.7385340763,1.3995466055e-03
2,-0.1250000000,24.7685383626,1.3028039704e-03
2,-0.1250000000,24.7985426489,1.2166917240e-03
2,-0.1250000000,24.8285469353,1.1251493598e-03
2,-0.1250000000,24.8585512216,1.0236102519e-03
2,-0.1250000000,24.8885555079,9.1908251461e-04
2,-0.1250000000,24.9185597943,8.2135917051e-04
2,-0.1250000000,24.9485640806,7.3637902142e-04
2,-0.1250000000,24.9785683669,6.6559536730e-04
2,-0.1250000000,25.0085726532,6.0790949717e-04
2,-0.1250000000,25.0385769396,5.6135700468e-04
2,-0.1250000000,25.0685812259,5.2397408930e-04
2,-0.1250000000,25.0985855122,4.9411462116e-04
2,-0.1250000000,25.1285897985,4.7051295968e-04
2,-0.1250000000,25.1585940849,4.5225658543e-04
2,-0.1250000000,25.1885983712,4.3874004168e-04
2,-0.1250000000,25.2186026575,4.2962581672e-04
2,-0.1250000000,25.2486069438,4.2481690842e-04
2,-0.1250000000,25.2786112302,4.2443300262e-04
2,-0.1250000000,25.3086155165,4.2876542521e-04
2,-0.1250000000,25.3386198028,4.3815461883e-04
2,-0.1250000000,25.3686240892,4.5268593204e-04
2,-0.1250000000,25.3986283755,4.7158791877e-04
2,-0.1250000000,25.4286326618,4.9245201480e-04
2,-0.1250000000,25.4586369481,5.1112886633e-04
2,-0.1250000000,25.4886412345,5.2358694044e-04
2,-0.1250000000,25.5186455208,5.2880868575e-04
2,-0.1250000000,25.5486498071,5.2887230215e-04
2,-0.1250000000,25.5786540934,5.2566473347e-04
2,-0.1250000000,25.6086583798,5.1894326940e-04
2,-0.1250000000,25.6386626661,5.0824851639e-04
2,-0.1250000000,25.6686669524,4.9542872369e-04
2,-0.1250000000,25.6986712387,4.8415704156e-04
2,-0.1250000000,25.7286755251,4.7778425636e-04
2,-0.1250000000,25.7586798114,4.7835250464e-04
2,-0.1250000000,25.7886840977,4.8694339587e-04
2,-0.1250000000,25.8186883841,5.0432101314e-04
2,-0.1250000000,25.8486926704,5.3132761331e-04
2,-0.1250000000,25.8786969567,5.6893648534e-04
2,-0.1250000000,25.9087012430,6.1794102394e-04
2,-0.1250000000,25.9387055294,6.7832011155e-04
2,-0.1250000000,25.9687098157,7.4879658695e-04
2,-0.1250000000,25.9987141020,8.2789305222e-04
2,-0.1250000000,26.0287183883,9.1689951841e-04
2,-0.1250000000,26.0587226747,1.0214129400e-03
2,-0.1250000000,26.0887269610,1.1474493469e-03
2,-0.1250000000,26.1187312473,1.2932667302e-03
2,-0.1250000000,26.1487355336,1.4408997387e-03
2,-0.1250000000,26.1787398200,1.5537250596e-03
2,-0.1250000000,26.2087441063,1.5908145160e-03
2,-0.1250000000,26.2387483926,1.5359185627e-03
2,-0.1250000000,26.2687526790,1.4108148175e-03
2,-0.1250000000,26.2987569653,1.2563855807e-03
2,-0.1250000000,26.3287612516,1.1071510285e-03
2,-0.1250000000,26.3587655379,9.8182866274e-04
2,-0.1250000000,26.3887698243,8.8652691996e-04
2,-0.1250000000,26.4187741106,8.2062184223e-04
2,-0.1250000000,26.4487783969,7.8050944490e-04
2,-0.1250000000,26.4787826832,7.6062465521e-04
2,-0.1250000000,26.5087869696,7.5282098159e-04
2,-0.1250000000,26.5387912559,7.4645340261e-04
2,-0.1250000000,26.5687955422,7.3185576153e-04
2,-0.1250000000,26.5987998285,7.0557760952e-04
2,-0.1250000000,26.6288041149,6.7082686250e-04
2,-0.1250000000,26.6588084012,6.3267886575e-04
2,-0.1250000000,26.6888126875,5.9503610075e-04
2,-0.1250000000,26.7188169739,5.6105350884e-04
2,-0.1250000000,26.7488212602,5.3345389001e-04
2,-0.1250000000,26.7788255465,5.1397175063e-04
2,-0.1250000000,26.8088298328,5.0326486902e-04
2,-0.1250000000,26.8388341192,5.0141541773e-04
2,-0.1250000000,26.8688384055,5.0846899815e-04
2,-0.1250000000,26.8988426918,5.2478139513e-04
2,-0.1250000000,26.9288469781,5.5121848231e-04
2,-0.1250000000,26.9588512645,5.8930032332e-04
2,-0.1250000000,26.9888555508,6.4134404890e-04
2,-0.1250000000,27.0188598371,7.1061081660e-04
2,-0.1250000000,27.0488641234,8.0139044017e-04
2,-0.1250000000,27.0788684098,9.1881100910e-04
2,-0.1250000000,27.1088726961,1.0678538809e-03
2,-0.1250000000,27.1388769824,1.2505354259e-03
2,-0.1250000000,27.1688812688,1.4598695066e-03
2,-0.1250000000,27.1988855551,1.6709659640e-03
2,-0.1250000000,27.2288898414,1.8369309285e-03
2,-0.1250000000,27.2588941277,1.9056339137e-03
2,-0.1250000000,27.2888984141,1.8572471655e-03
2,-0.1250000000,27.3189027004,1.7226194499e-03
2,-0.1250000000,27.3489069867,1.5564881946e-03
2,-0.1250000000,27.3789112730,1.4003924259e-03
2,-0.1250000000,27.4089155594,1.2691685902e-03
2,-0.1250000000,27.4389198457,1.1570355510e-03
2,-0.1250000000,27.4689241320,1.0511832058e-03
2,-0.1250000000,27.4989284183,9.4502314564e-04
2,-0.1250000000,27.5289327047,8.4207031272e-04
2,-0.1250000000,27.5589369910,7.4960213058e-04
2,-0.1250000000,27.5889412773,6.7195809239e-04
2,-0.1250000000,27.6189455637,6.0890377696e-04
2,-0.1250000000,27.6489498500,5.5713542474e-04
2,-0.1250000000,27.6789541363,5.1273967687e-04
2,-0.1250000000,27.7089584226,4.7343515496e-04
2,-0.1250000000,27.7389627090,4.3909401428e-04
2,-0.1250000000,27.7689669953,4.1049353895e-04
2,-0.1250000000,27.7989712816,3.8807101138e-04
2,-0.1250000000,27.8289755679,3.7153984274e-04
2,-0.1250000000,27.8589798543,3.5988750540e-04
2,-0.1250000000,27.8889841406,3.5136191625e-04
2,-0.1250000000,27.9189884269,3.4372580587e-04
2,-0.1250000000,27.9489927132,3.3524251914e-04
2,-0.1250000000,27.9789969996,3.2581058826e-04
2,-0.1250000000,28.0090012859,3.1685621136e-04
2,-0.1250000000,28.0390055722,3.1014683805e-04
2,-0.1250000000,28.0690098586,3.0697187010e-04
2,-0.1250000000,28.0990141449,3.0812534518e-04
2,-0.1250000000,28.1290184312,3.1420105094e-04
2,-0.1250000000,28.1590227175,3.2581280318e-04
2,-0.1250000000,28.1890270039,3.4360984042e-04
2,-0.1250000000,28.2190312902,3.6799578262e-04
2,-0.1250000000,28.2490355765,3.9840477552e-04
2,-0.1250000000,28.2790398628,4.3214656372e-04
2,-0.1250000000,28.3090441492,4.6366003853e-04
2,-0.1250000000,28.3390484355,4.8608366062e-04
2,-0.1250000000,28.3690527218,4.9532436895e-04
2,-0.1250000000,28.3990570081,4.9199403994e-04
2,-0.1250000000,28.4290612945,4.7834504453e-04
2,-0.1250000000,28.4590655808,4.5563804936e-04
2,-0.1250000000,28.4890698671,4.2586163903e-04
2,-0.1250000000,28.5190741535,3.9334151784e-04
2,-0.1250000000,28.5490784398,3.6294798440e-04
2,-0.1250000000,28.5790827261,3.3787040951e-04
2,-0.1250000000,28.6090870124,3.1932777928e-04
2,-0.1250000000,28.6390912988,3.0739637456e-04
2,-0.1250000000,28.6690955851,3.0179611097e-04
2,-0.1250000000,28.6990998714,3.0230981338e-04
2,-0.1250000000,28.7291041577,3.0889733405e-04
2,-0.1250000000,28.7591084441,3.2155699702e-04
2,-0.1250000000,28.7891127304,3.3987168492e-04
2,-0.1250000000,28.8191170167,3.6215369553e-04
2,-0.1250000000,28.8491213030,3.8449834921e-04
2,-0.1250000000,28.8791255894,4.0110051102e-04
2,-0.1250000000,28.9091298757,4.0737269860e-04
2,-0.1250000000,28.9391341620,4.0389832651e-04
2,-0.1250000000,28.9691384483,3.9626797252e-04
2,-0.1250000000,28.9991427347,3.9092868151e-04
2,-0.1250000000,29.0291470210,3.9188239907e-04
2,-0.1250000000,29.0591513073,3.9979265345e-04
2,-0.1250000000,29.0891555937,4.1196171646e-04
2,-0.1250000000,29.1191598800,4.2280048049e-04
2,-0.1250000000,29.1491641663,4.2630211615e-04
2,-0.1250000000,29.1791684526,4.2037548579e-04
2,-0.1250000000,29.2091727390,4.0859550483e-04
2,-0.1250000000,29.2391770253,3.9695469503e-04
2,-0.1250000000,29.2691813116,3.8969611588e-04
2,-0.1250000000,29.2991855979,3.8765077891e-04
2,-0.1250000000,29.3291898843,3.8860183468e-04
2,-0.1250000000,29.3591941706,3.8901275862e-04
2,-0.1250000000,29.3891984569,3.8687769274e-04
2,-0.1250000000,29.4192027432,3.8356361112e-04
2,-0.1250000000,29.4492070296,3.8269364414e-04
2,-0.1250000000,29.4792113159,3.8790200556e-04
2,-0.1250000000,29.5092156022,4.0188503368e-04
2,-0.1250000000,29.5392198886,4.2662619295e-04
2,-0.1250000000,29.5692241749,4.6373163323e-04
2,-0.1250000000,29.5992284612,5.1420988068e-04
2,-0.1250000000,29.6292327475,5.7727982850e-04
2,-0.1250000000,29.6592370339,6.4802442136e-04
2,-0.1250000000,29.6892413202,7.1484054731e-04
2,-0.1250000000,29.7192456065,7.6005781115e-04
2,-0.1250000000,29.7492498928,7.6780931210e-04
2,-0.1250000000,29.7792541792,7.3582392599e-04
2,-0.1250000000,29.8092584655,6.7792632125e-04
2,-0.1250000000,29.8392627518,6.1335461444e-04
2,-0.1250000000,29.8692670381,5.5611477488e-04
2,-0.1250000000,29.8992713245,5.1272683845e-04
2,-0.1250000000,29.9292756108,4.8477912545e-04
2,-0.1250000000,29.9592798971,4.7153930798e-04
2,-0.1250000000,29.9892841835,4.7117327423e-04
2,-0.1250000000,30.0192884698,4.8099532601e-04
2,-0.1250000000,30.0492927561,4.9781243928e-04
2,-0.1250000000,30.0792970424,5.1902055996e-04
2,-0.1250000000,30.1093013288,5.4305199612e-04
2,-0.1250000000,30.1393056151,5.6714187133e-04
2,-0.1250000000,30.1693099014,5.8450976649e-04
2,-0.1250000000,30.1993141877,5.8629473313e-04
2,-0.1250000000,30.2293184741,5.6883701872e-04
2,-0.1250000000,30.2593227604,5.3794767882e-04
2,-0.1250000000,30.2893270467,5.0440458425e-04
2,-0.1250000000,30.3193313330,4.7716674431e-04
2,-0.1250000000,30.3493356194,4.6099847332e-04
2,-0.1250000000,30.3793399057,4.5741963191e-04
2,-0.1250000000,30.4093441920,4.6585178477e-04
2,-0.1250000000,30.4393484784,4.8368835803e-04
2,-0.1250000000,30.4693527647,5.0575163978e-04
2,-0.1250000000,30.4993570510,5.2504965492e-04
2,-0.1250000000,30.5293613373,5.3663367121e-04
2,-0.1250000000,30.5593656237,5.4198789546e-04
2,-0.1250000000,30.5893699100,5.4842690630e-04
2,-0.1250000000,30.6193741963,5.6417735335e-04
2,-0.1250000000,30.6493784826,5.9455317649e-04
2,-0.1250000000,30.6793827690,6.4057268797e-04
2,-0.1250000000,30.7093870553,6.9802283088e-04
2,-0.1250000000,30.7393913416,7.5606849949e-04
2,-0.1250000000,30.7693956279,7.9709039145e-04
2,-0.1250000000,30.7993999143,8.0217128979e-04
2,-0.1250000000,30.8294042006,7.6341301155e-04
2,-0.1250000000,30.8594084869,6.9109302257e-04
2,-0.1250000000,30.8894127733,6.0520686125e-04
2,-0.1250000000,30.9194170596,5.2230113195e-04
2,-0.1250000000,30.9494213459,4.5058547561e-04
2,-0.1250000000,30.9794256322,3.9198645358e-04
2,-0.1250000000,31.0094299186,3.4540306102e-04
2,-0.1250000000,31.0394342049,3.0876499669e-04
2,-0.1250000000,31.0694384912,2.7992370068e-04
2,-0.1250000000,31.0994427775,2.5693590575e-04
2,-0.1250000000,31.1294470639,2.3819023197e-04
2,-0.1250000000,31.1594513502,2.2256230339e-04
2,-0.1250000000,31.1894556365,2.0945463380e-04
2,-0.1250000000,31.2194599228,1.9857892707e-04
2,-0.1250000000,31.2494642092,1.8965943942e-04
2,-0.1250000000,31.2794684955,1.8226640403e-04
2,-0.1250000000,31.3094727818,1.7582517376e-04
2,-0.1250000000,31.3394770682,1.6981181074e-04
2,-0.1250000000,31.3694813545,1.6401366799e-04
2,-0.1250000000,31.3994856408,1.5855751723e-04
2,-0.1250000000,31.4294899271,1.5367198896e-04
2,-0.1250000000,31.4594942135,1.4948138130e-04
2,-0.1250000000,31.4894984998,1.4597708194e-04
2,-0.1250000000,31.5195027861,1.4308813202e-04
2,-0.1250000000,31.5495070724,1.4074849425e-04
2,-0.1250000000,31.5795113588,1.3891245912e-04
2,-0.1250000000,31.6095156451,1.3753719114e-04
2,-0.1250000000,31.6395199314,1.3657491002e-04
2,-0.1250000000,31.6695242177,1.3598760694e-04
2,-0.1250000000,31.6995285041,1.3577054846e-04
2,-0.1250000000,31.7295327904,1.3595844904e-04
2,-0.1250000000,31.7595370767,1.3660753688e-04
2,-0.1250000000,31.7895413631,1.3777861978e-04
2,-0.1250000000,31.8195456494,1.3953674369e-04
2,-0.1250000000,31.8495499357,1.4196085978e-04
2,-0.1250000000,31.8795542220,1.4515533530e-04
2,-0.1250000000,31.9095585084,1.4926154007e-04
2,-0.1250000000,31.9395627947,1.5447088409e-04
2,-0.1250000000,31.9695670810,1.6104095339e-04
2,-0.1250000000,31.9995713673,1.6931546369e-04
2,-0.1250000000,32.0295756537,1.7974635493e-04
2,-0.1250000000,32.0595799400,1.9291012569e-04
2,-0.1250000000,32.0895842263,2.0949508258e-04
2,-0.1250000000,32.1195885126,2.3020211863e-04
2,-0.1250000000,32.1495927990,2.5544192165e-04
2,-0.1250000000,32.1795970853,2.8466399017e-04
2,-0.1250000000,32.2096013716,3.1532415228e-04
2,-0.1250000000,32.2396056580,3.4230034795e-04
2,-0.1250000000,32.2696099443,3.5962080528e-04
2,-0.1250000000,32.2996142306,3.6477928315e-04
2,-0.1250000000,32.3296185169,3.6113697986e-04
2,-0.1250000000,32.3596228033,3.5479245534e-04
2,-0.1250000000,32.3896270896,3.4964434062e-04
2,-0.1250000000,32.4196313759,3.4535340849e-04
2,-0.1250000000,32.4496356622,3.3885060351e-04
2,-0.1250000000,32.4796399486,3.2793391358e-04
2,-0.1250000000,32.5096442349,3.1375161672e-04
2,-0.1250000000,32.5396485212,2.9973535825e-04
2,-0.1250000000,32.5696528075,2.8905056610e-04
2,-0.1250000000,32.5996570939,2.8347681112e-04
2,-0.1250000000,32.6296613802,2.8373297400e-04
2,-0.1250000000,32.6596656665,2.9012869016e-04
2,-0.1250000000,32.6896699529,3.0301519201e-04
2,-0.1250000000,32.7196742392,3.2300726424e-04
2,-0.1250000000,32.7496785255,3.5104739013e-04
2,-0.1250000000,32.7796828118,3.8832730753e-04
2,-0.1250000000,32.8096870982,4.3602583169e-04
2,-0.1250000000,32.8396913845,4.9487690860e-04
2,-0.1250000000,32.8696956708,5.6484008274e-04
2,-0.1250000000,32.8996999571,6.4532066776e-04
2,-0.1250000000,32.9297042435,7.3556137973e-04
2,-0.1250000000,32.9597085298,8.3302861095e-04
2,-0.1250000000,32.9897128161,9.2821581242e-04
2,-0.1250000000,33.0197171024,1.0000996243e-03
2,-0.1250000000,33.0497213888,1.0221889914e-03
2,-0.1250000000,33.0797256751,9.8157064311e-04
2,-0.1250000000,33.1097299614,8.9146921409e-04
2,-0.1250000000,33.1397342477,7.8017722708e-04
2,-0.1250000000,33.1697385341,6.7181556647e-04
2,-0.1250000000,33.1997428204,5.7869818455e-04
2,-0.1250000000,33.2297471067,5.0399111516e-04
2,-0.1250000000,33.2597513931,4.4633822432e-04
2,-0.1250000000,33.2897556794,4.0288922129e-04
2,-0.1250000000,33.3197599657,3.7079543652e-04
2,-0.1250000000,33.3497642520,3.4791089268e-04
2,-0.1250000000,33.3797685384,3.3301303439e-04
2,-0.1250000000,33.4097728247,3.2563880330e-04
2,-0.1250000000,33.4397771110,3.2578584715e-04
2,-0.1250000000,33.4697813973,3.3368295548e-04
2,-0.1250000000,33.4997856837,3.4955248229e-04
2,-0.1250000000,33.5297899700,3.7315402003e-04
2,-0.1250000000,33.5597942563,4.0305183692e-04
2,-0.1250000000,33.5897985426,4.3606012172e-04
2,-0.1250000000,33.6198028290,4.6773796240e-04
2,-0.1250000000,33.6498071153,4.9364656947e-04
2,-0.1250000000,33.6798114016,5.0961782079e-04
2,-0.1250000000,33.7098156880,5.1187289226e-04
2,-0.1250000000,33.7398199743,4.9923227193e-04
2,-0.1250000000,33.7698242606,4.7461994643e-04
2,-0.1250000000,33.7998285469,4.4323700726e-04
2,-0.1250000000,33.8298328333,4.1045908564e-04
2,-0.1250000000,33.8598371196,3.8111684386e-04
2,-0.1250000000,33.8898414059,3.5885524411e-04
2,-0.1250000000,33.9198456922,3.4573811333e-04
2,-0.1250000000,33.9498499786,3.4259144551e-04
2,-0.1250000000,33.9798542649,3.4952483958e-04
2,-0.1250000000,34.0098585512,3.6601061015e-04
2,-0.1250000000,34.0398628375,3.9027420419e-04
2,-0.1250000000,34.0698671239,4.1801197911e-04
2,-0.1250000000,34.0998714102,4.4128344124e-04
2,-0.1250000000,34.1298756965,4.5019742663e-04
2,-0.1250000000,34.1598799829,4.3896615338e-04
2,-0.1250000000,34.1898842692,4.1086120963e-04
2,-0.1250000000,34.2198885555,3.7530634736e-04
2,-0.1250000000,34.2498928418,3.4103093942e-04
2,-0.1250000000,34.2798971282,3.1263919544e-04
2,-0.1250000000,34.3099014145,2.9098863416e-04
2,-0.1250000000,34.3399057008,2.7465493514e-04
2,-0.1250000000,34.3699099871,2.6141811184e-04
2,-0.1250000000,34.3999142735,2.4977634291e-04
2,-0.1250000000,34.4299185598,2.3976039999e-04
2,-0.1250000000,34.4599228461,2.3234204193e-04
2,-0.1250000000,34.4899271324,2.2828844527e-04
2,-0.1250000000,34.5199314188,2.2753977019e-04
2,-0.1250000000,34.5499357051,2.2916179057e-04
2,-0.1250000000,34.5799399914,2.3157464007e-04
2,-0.1250000000,34.6099442778,2.3295688220e-04
2,-0.1250000000,34.6399485641,2.3188553644e-04
2,-0.1250000000,34.6699528504,2.2797503111e-04
2,-0.1250000000,34.6999571367,2.2205634722e-04
2,-0.1250000000,34.7299614231,2.1585160233e-04
2,-0.1250000000,34.7599657094,2.1126420649e-04
2,-0.1250000000,34.7899699957,2.0970663852e-04
2,-0.1250000000,34.8199742820,2.1193891714e-04
2,-0.1250000000,34.8499785684,2.1831126145e-04
2,-0.1250000000,34.8799828547,2.2903745705e-04
2,-0.1250000000,34.9099871410,2.4418961959e-04
2,-0.1250000000,34.9399914273,2.6328877991e-04
2,-0.1250000000,34.9699957137,2.8471145804e-04
2,-0.1250000000,35.0000000000,3.0548714892e-04
3,0.0000000000,-35.0000000000,3.2832146251e-03
3,0.0000000000,-34.9699957137,2.9764181143e-03
3,0.0000000000,-34.9399914273,2.7495878422e-03
3,0.0000000000,-34.9099871410,2.5902551691e-03
3,0.0000000000,-34.8799828547,2.4886650729e-03
3,0.0000000000,-34.8499785684,2.4383473152e-03
3,0.0000000000,-34.8199742820,2.4360273568e-03
3,0.0000000000,-34.7899699957,2.4813677285e-03
3,0.0000000000,-34.7599657094,2.5766403576e-03
3,0.0000000000,-34.7299614231,2.7262527849e-03
3,0.0000000000,-34.6999571367,2.9360618450e-03
3,0.0000000000,-34.6699528504,3.2123861458e-03
3,0.0000000000,-34.6399485641,3.5595170696e-03
3,0.0000000000,-34.6099442778,3.9723848593e-03
3,0.0000000000,-34.5799399914,4.4238428452e-03
3,0.0000000000,-34.5499357051,4.8594394824e-03
3,0.0000000000,-34.5199314188,5.2223224358e-03
3,0.0000000000,-34.4899271324,5.5005253108e-03
3,0.0000000000,-34.4599228461,5.7356918361e-03
3,0.0000000000,-34.4299185598,5.9645916687e-03
3,0.0000000000,-34.3999142735,6.1546501140e-03
3,0.0000000000,-34.3699099871,6.2053408401e-03
3,0.0000000000,-34.3399057008,6.0312818135e-03
3,0.0000000000,-34.3099014145,5.6513244373e-03
3,0.0000000000,-34.2798971282,5.1769570603e-03
3,0.0000000000,-34.2498928418,4.7264887473e-03
3,0.0000000000,-34.2198885555,4.3704572651e-03
3,0.0000000000,-34.1898842692,4.1311991698e-03
3,0.0000000000,-34.1598799829,4.0005679384e-03
3,0.0000000000,-34.1298756965,3.9541692135e-03
3,0.0000000000,-34.0998714102,3.9617770932e-03
3,0.0000000000,-34.0698671239,3.9947190716e-03
3,0.0000000000,-34.0398628375,4.0279396433e-03
3,0.0000000000,-34.0098585512,4.0458755140e-03
3,0.0000000000,-33.9798542649,4.0571140145e-03
3,0.0000000000,-33.9498499786,4.0968079206e-03
3,0.0000000000,-33.9198456922,4.2090598882e-03
3,0.0000000000,-33.8898414059,4.4316209052e-03
3,0.0000000000,-33.8598371196,4.7943020465e-03
3,0.0000000000,-33.8298328333,5.3224602419e-03
3,0.0000000000,-33.7998285469,6.0349861185e-03
3,0.0000000000,-33.7698242606,6.9292602972e-03
3,0.0000000000,-33.7398199743,7.9480168685e-03
3,0.0000000000,-33.7098156880,8.9381009518e-03
3,0.0000000000,-33.6798114016,9.6520320619e-03
3,0.0000000000,-33.6498071153,9.8592338535e-03
3,0.0000000000,-33.6198028290,9.5113675675e-03
3,0.0000000000,-33.5897985426,8.7757812777e-03
3,0.0000000000,-33.5597942563,7.9058818804e-03
3,0.0000000000,-33.5297899700,7.1069335918e-03
3,0.0000000000,-33.4997856837,6.4887187298e-03
3,0.0000000000,-33.4697813973,6.0790582487e-03
3,0.0000000000,-33.4397771110,5.8468154444e-03
3,0.0000000000,-33.4097728247,5.7123983115e-03
3,0.0000000000,-33.3797685384,5.5618694334e-03
3,0.0000000000,-33.3497642520,5.2948160376e-03
3,0.0000000000,-33.3197599657,4.8877996306e-03
3,0.0000000000,-33.2897556794,4.4000328066e-03
3,0.0000000000,-33.2597513931,3.9136918173e-03
3,0.0000000000,-33.2297471067,3.4836231710e-03
3,0.0000000000,-33.1997428204,3.1301693580e-03
3,0.0000000000,-33.1697385341,2.8527665306e-03
3,0.0000000000,-33.1397342477,2.6428209408e-03
3,0.0000000000,-33.1097299614,2.4907110521e-03
3,0.0000000000,-33.0797256751,2.3886318857e-03
3,0.0000000000,-33.0497213888,2.3314619544e-03
3,0.0000000000,-33.0197171024,2.3169160500e-03
3,0.0000000000,-32.9897128161,2.3455453491e-03
3,0.0000000000,-32.9597085298,2.4207636816e-03
3,0.0000000000,-32.9297042435,2.5488309145e-03
3,0.0000000000,-32.8996999571,2.7384129933e-03
3,0.0000000000,-32.8696956708,2.9987453232e-03
3,0.0000000000,-32.8396913845,3.3343805290e-03
3,0.0000000000,-32.8096870982,3.7335261876e-03
3,0.0000000000,-32.7796828118,4.1493832495e-03
3,0.0000000000,-32.7496785255,4.4871243443e-03
3,0.0000000000,-32.7196742392,4.6295815808e-03
3,0.0000000000,-32.6896699529,4.5139075478e-03
3,0.0000000000,-32.6596656665,4.1860235824e-03
3,0.0000000000,-32.6296613802,3.7587167035e-03
3,0.0000000000,-32.5996570939,3.3304650237e-03
3,0.0000000000,-32.5696528075,2.9504622119e-03
3,0.0000000000,-32.5396485212,2.6300599083e-03
3,0.0000000000,-32.5096442349,2.3649494448e-03
3,0.0000000000,-32.4796399486,2.1481973176e-03
3,0.0000000000,-32.4496356622,1.9732635406e-03
3,0.0000000000,-32.4196313759,1.8336953292e-03
3,0.0000000000,-32.3896270896,1.7232397875e-03
3,0.0000000000,-32.3596228033,1.6363274516e-03
3,0.0000000000,-32.3296185169,1.5683439063e-03
3,0.0000000000,-32.2996142306,1.5156076907e-03
3,0.0000000000,-32.2696099443,1.4751792294e-03
3,0.0000000000,-32.2396056580,1.4446323678e-03
3,0.0000000000,-32.2096013716,1.4219368652e-03
3,0.0000000000,-32.1795970853,1.4055662314e-03
3,0.0000000000,-32.1495927990,1.3946725917e-03
3,0.0000000000,-32.1195885126,1.3889877383e-03
3,0.0000000000,-32.0895842263,1.3884932414e-03
3,0.0000000000,-32.0595799400,1.3931989672e-03
3,0.0000000000,-32.0295756537,1.4031231166e-03
3,0.0000000000,-31.9995713673,1.4183546584e-03
3,0.0000000000,-31.9695670810,1.4391093689e-03
3,0.0000000000,-31.9395627947,1.4657545419e-03
3,0.0000000000,-31.9095585084,1.4987869161e-03
3,0.0000000000,-31.8795542220,1.5387173726e-03
3,0.0000000000,-31.8495499357,1.5857655107e-03
3,0.0000000000,-31.8195456494,1.6392613850e-03
3,0.0000000000,-31.7895413631,1.6969086292e-03
3,0.0000000000,-31.7595370767,1.7548224810e-03
3,0.0000000000,-31.7295327904,1.8096378233e-03
3,0.0000000000,-31.6995285041,1.8616967762e-03
3,0.0000000000,-31.6695242177,1.9155374330e-03
3,0.0000000000,-31.6395199314,1.9770506962e-03
3,0.0000000000,-31.6095156451,2.0509936365e-03
3,0.0000000000,-31.5795113588,2.1406806209e-03
3,0.0000000000,-31.5495070724,2.2487861828e-03
3,0.0000000000,-31.5195027861,2.3781662723e-03
3,0.0000000000,-31.4894984998,2.5324335347e-03
3,0.0000000000,-31.4594942135,2.7163871105e-03
3,0.0000000000,-31.4294899271,2.9364292648e-03
3,0.0000000000,-31.3994856408,3.2010529449e-03
3,0.0000000000,-31.3694813545,3.5214282417e-03
3,0.0000000000,-31.3394770682,3.9120270850e-03
3,0.0000000000,-31.3094727818,4.3910244193e-03
3,0.0000000000,-31.2794684955,4.9797539734e-03
3,0.0000000000,-31.2494642092,5.6996076233e-03
3,0.0000000000,-31.2194599228,6.5637095793e-03
3,0.0000000000,-31.1894556365,7.5618278415e-03
3,0.0000000000,-31.1594513502,8.6467729772e-03
3,0.0000000000,-31.1294470639,9.7500123146e-03
3,0.0000000000,-31.0994427775,1.0846112637e-02
3,0.0000000000,-31.0694384912,1.2008351217e-02
3,0.0000000000,-31.0394342049,1.3362675256e-02
3,0.0000000000,-31.0094299186,1.4956200161e-02
3,0.0000000000,-30.9794256322,1.6627038597e-02
3,0.0000000000,-30.9494213459,1.7952038485e-02
3,0.0000000000,-30.9194170596,1.8394643294e-02
3,0.0000000000,-30.8894127733,1.7677092155e-02
3,0.0000000000,-30.8594084869,1.6023145349e-02
3,0.0000000000,-30.8294042006,1.3953085584e-02
3,0.0000000000,-30.7993999143,1.1918034681e-02
3,0.0000000000,-30.7693956279,1.0150488613e-02
3,0.0000000000,-30.7393913416,8.7117349458e-03
3,0.0000000000,-30.7093870553,7.5788731100e-03
3,0.0000000000,-30.6793827690,6.7018966370e-03
3,0.0000000000,-30.6493784826,6.0298277813e-03
3,0.0000000000,-30.6193741963,5.5196570667e-03
3,0.0000000000,-30.5893699100,5.1378810794e-03
3,0.0000000000,-30.5593656237,4.8594687650e-03
3,0.0000000000,-30.5293613373,4.6662589154e-03
3,0.0000000000,-30.4993570510,4.5455004146e-03
3,0.0000000000,-30.4693527647,4.4887272651e-03
3,0.0000000000,-30.4393484784,4.4909777236e-03
3,0.0000000000,-30.4093441920,4.5503187765e-03
3,0.0000000000,-30.3793399057,4.6676386935e-03
3,0.0000000000,-30.3493356194,4.8466885788e-03
3,0.0000000000,-30.3193313330,5.0943770902e-03
3,0.0000000000,-30.2893270467,5.4213468598e-03
3,0.0000000000,-30.2593227604,5.8428834067e-03
3,0.0000000000,-30.2293184741,6.3802187011e-03
3,0.0000000000,-30.1993141877,7.0622663795e-03
3,0.0000000000,-30.1693099014,7.9276948251e-03
3,0.0000000000,-30.1393056151,9.0268306637e-03
3,0.0000000000,-30.1093013288,1.0421767638e-02
3,0.0000000000,-30.0792970424,1.2180405200e-02
3,0.0000000000,-30.0492927561,1.4354918642e-02
3,0.0000000000,-30.0192884698,1.6928347278e-02
3,0.0000000000,-29.9892841835,1.9716605507e-02
3,0.0000000000,-29.9592798971,2.2264726035e-02
3,0.0000000000,-29.9292756108,2.3896983136e-02
3,0.0000000000,-29.8992713245,2.4082508992e-02
3,0.0000000000,-29.8692670381,2.2861944078e-02
3,0.0000000000,-29.8392627518,2.0797495321e-02
3,0.0000000000,-29.8092584655,1.8529820038e-02
3,0.0000000000,-29.7792541792,1.6482395881e-02
3,0.0000000000,-29.7492498928,1.4847405787e-02
3,0.0000000000,-29.7192456065,1.3676326599e-02
3,0.0000000000,-29.6892413202,1.2960421689e-02
3,0.0000000000,-29.6592370339,1.2678127477e-02
3,0.0000000000,-29.6292327475,1.2818288429e-02
3,0.0000000000,-29.5992284612,1.3391131282e-02
3,0.0000000000,-29.5692241749,1.4433041823e-02
3,0.0000000000,-29.5392198886,1.6005825101e-02
3,0.0000000000,-29.5092156022,1.8185458669e-02
3,0.0000000000,-29.4792113159,2.1026465872e-02
3,0.0000000000,-29.4492070296,2.4477280584e-02
3,0.0000000000,-29.4192027432,2.8228663360e-02
3,0.0000000000,-29.3891984569,3.1559580331e-02
3,0.0000000000,-29.3591941706,3.3430703601e-02
3,0.0000000000,-29.3291898843,3.3062367965e-02
3,0.0000000000,-29.2991855979,3.0578244400e-02
3,0.0000000000,-29.2691813116,2.6891590827e-02
3,0.0000000000,-29.2391770253,2.2993687825e-02
3,0.0000000000,-29.2091727390,1.9491645681e-02
3,0.0000000000,-29.1791684526,1.6607167778e-02
3,0.0000000000,-29.1491641663,1.4343464094e-02
3,0.0000000000,-29.1191598800,1.2617486365e-02
3,0.0000000000,-29.0891555937,1.1324609380e-02
3,0.0000000000,-29.0591513073,1.0362475783e-02
3,0.0000000000,-29.0291470210,9.6430354394e-03
3,0.0000000000,-28.9991427347,9.1041496836e-03
3,0.0000000000,-28.9691384483,8.7073103394e-03
3,0.0000000000,-28.9391341620,8.4121973308e-03
3,0.0000000000,-28.9091298757,8.1538998808e-03
3,0.0000000000,-28.8791255894,7.8586847953e-03
3,0.0000000000,-28.8491213030,7.4937104307e-03
3,0.0000000000,-28.8191170167,7.0912615791e-03
3,0.0000000000,-28.7891127304,6.7150959170e-03
3,0.0000000000,-28.7591084441,6.4162208329e-03
3,0.0000000000,-28.7291041577,6.2193153792e-03
3,0.0000000000,-28.6990998714,6.1306566867e-03
3,0.0000000000,-28.6690955851,6.1489152764e-03
3,0.0000000000,-28.6390912988,6.2733486069e-03
3,0.0000000000,-28.6090870124,6.5105726753e-03
3,0.0000000000,-28.5790827261,6.8789665373e-03
3,0.0000000000,-28.5490784398,7.4087197897e-03
3,0.0000000000,-28.5190741535,8.1394281950e-03
3,0.0000000000,-28.4890698671,9.1168497105e-03
3,0.0000000000,-28.4590655808,1.0384278478e-02
3,0.0000000000,-28.4290612945,1.1957818258e-02
3,0.0000000000,-28.3990570081,1.3772042584e-02
3,0.0000000000,-28.3690527218,1.5597938437e-02
3,0.0000000000,-28.3390484355,1.7000591336e-02
3,0.0000000000,-28.3090441492,1.7484631789e-02
3,0.0000000000,-28.2790398628,1.6839257953e-02
3,0.0000000000,-28.2490355765,1.5324795930e-02
3,0.0000000000,-28.2190312902,1.3444157772e-02
3,0.0000000000,-28.1890270039,1.1608966178e-02
3,0.0000000000,-28.1590227175,1.0022964668e-02
3,0.0000000000,-28.1290184312,8.7359157787e-03
3,0.0000000000,-28.0990141449,7.7242609212e-03
3,0.0000000000,-28.0690098586,6.9419460711e-03
3,0.0000000000,-28.0390055722,6.3431213962e-03
3,0.0000000000,-28.0090012859,5.8895535973e-03
3,0.0000000000,-27.9789969996,5.5516454012e-03
3,0.0000000000,-27.9489927132,5.3073755065e-03
3,0.0000000000,-27.9189884269,5.1408453270e-03
3,0.0000000000,-27.8889841406,5.0409800489e-03
3,0.0000000000,-27.8589798543,5.0005065355e-03
3,0.0000000000,-27.8289755679,5.0151713435e-03
3,0.0000000000,-27.7989712816,5.0830929766e-03
3,0.0000000000,-27.7689669953,5.2041360519e-03
3,0.0000000000,-27.7389627090,5.3793707757e-03
3,0.0000000000,-27.7089584226,5.6112133701e-03
3,0.0000000000,-27.6789541363,5.9052022712e-03
3,0.0000000000,-27.6489498500,6.2729312205e-03
3,0.0000000000,-27.6189455637,6.7335821292e-03
3,0.0000000000,-27.5889412773,7.3134212649e-03
3,0.0000000000,-27.5589369910,8.0458445849e-03
3,0.0000000000,-27.5289327047,8.9734076170e-03
3,0.0000000000,-27.4989284183,1.0150811442e-02
3,0.0000000000,-27.4689241320,1.1646767932e-02
3,0.0000000000,-27.4389198457,1.3540982873e-02
3,0.0000000000,-27.4089155594,1.5907867711e-02
3,0.0000000000,-27.3789112730,1.8770460653e-02
3,0.0000000000,-27.3489069867,2.2003360992e-02
3,0.0000000000,-27.3189027004,2.5193985553e-02
3,0.0000000000,-27.2888984141,2.7590235474e-02
3,0.0000000000,-27.2588941277,2.8384252235e-02
3,0.0000000000,-27.2288898414,2.7298831900e-02
3,0.0000000000,-27.1988855551,2.4837867690e-02
3,0.0000000000,-27.1688812688,2.1853421234e-02
3,0.0000000000,-27.1388769824,1.9008106364e-02
3,0.0000000000,-27.1088726961,1.6617907166e-02
3,0.0000000000,-27.0788684098,1.4755767330e-02
3,0.0000000000,-27.0488641234,1.3383955182e-02
3,0.0000000000,-27.0188598371,1.2434245708e-02
3,0.0000000000,-26.9888555508,1.1843288270e-02
3,0.0000000000,-26.9588512645,1.1564539629e-02
3,0.0000000000,-26.9288469781,1.1570556979e-02
3,0.0000000000,-26.8988426918,1.1851937184e-02
3,0.0000000000,-26.8688384055,1.2414706147e-02
3,0.0000000000,-26.8388341192,1.3275051356e-02
3,0.0000000000,-26.8088298328,1.4447699987e-02
3,0.0000000000,-26.7788255465,1.5923143095e-02
3,0.0000000000,-26.7488212602,1.7636879370e-02
3,0.0000000000,-26.7188169739,1.9462826579e-02
3,0.0000000000,-26.6888126875,2.1288811108e-02
3,0.0000000000,-26.6588084012,2.3157498008e-02
3,0.0000000000,-26.6288041149,2.5318213941e-02
3,0.0000000000,-26.5987998285,2.8118999824e-02
3,0.0000000000,-26.5687955422,3.1869156399e-02
3,0.0000000000,-26.5387912559,3.6742256740e-02
3,0.0000000000,-26.5087869696,4.2635411020e-02
3,0.0000000000,-26.4787826832,4.8918663604e-02
3,0.0000000000,-26.4487783969,5.4224237336e-02
3,0.0000000000,-26.4187741106,5.6756369290e-02
3,0.0000000000,-26.3887698243,5.5404392012e-02
3,0.0000000000,-26.3587655379,5.0689536731e-02
3,0.0000000000,-26.3287612516,4.4291765919e-02
3,0.0000000000,-26.2987569653,3.7816789826e-02
3,0.0000000000,-26.2687526790,3.2169405050e-02
3,0.0000000000,-26.2387483926,2.7647979360e-02
3,0.0000000000,-26.2087441063,2.4236487707e-02
3,0.0000000000,-26.1787398200,2.1811967048e-02
3,0.0000000000,-26.1487355336,2.0239949847e-02
3,0.0000000000,-26.1187312473,1.9396269575e-02
3,0.0000000000,-26.0887269610,1.9141398572e-02
3,0.0000000000,-26.0587226747,1.9260680215e-02
3,0.0000000000,-26.0287183883,1.9408335955e-02
3,0.0000000000,-25.9987141020,1.9156097543e-02
3,0.0000000000,-25.9687098157,1.8216120360e-02
3,0.0000000000,-25.9387055294,1.6649568140e-02
3,0.0000000000,-25.9087012430,1.4782504421e-02
3,0.0000000000,-25.8786969567,1.2943078239e-02
3,0.0000000000,-25.8486926704,1.1316415552e-02
3,0.0000000000,-25.8186883841,9.9575522332e-03
3,0.0000000000,-25.7886840977,8.8523779724e-03
3,0.0000000000,-25.7586798114,7.9626942099e-03
3,0.0000000000,-25.7286755251,7.2481412595e-03
3,0.0000000000,-25.6986712387,6.6741379272e-03
3,0.0000000000,-25.6686669524,6.2135574755e-03
3,0.0000000000,-25.6386626661,5.8461683469e-03
3,0.0000000000,-25.6086583798,5.5575533823e-03
3,0.0000000000,-25.5786540934,5.3381313466e-03
3,0.0000000000,-25.5486498071,5.1824522576e-03
3,0.0000000000,-25.5186455208,5.0887474361e-03
3,0.0000000000,-25.4886412345,5.0585803726e-03
3,0.0000000000,-25.4586369481,5.0962162763e-03
3,0.0000000000,-25.4286326618,5.2068393065e-03
3,0.0000000000,-25.3986283755,5.3918687866e-03
3,0.0000000000,-25.3686240892,5.6388463233e-03
3,0.0000000000,-25.3386198028,5.9055905855e-03
3,0.0000000000,-25.3086155165,6.1098252455e-03
3,0.0000000000,-25.2786112302,6.1523524867e-03
3,0.0000000000,-25.2486069438,5.9822202349e-03
3,0.0000000000,-25.2186026575,5.6403431787e-03
3,0.0000000000,-25.1885983712,5.2222814711e-03
3,0.0000000000,-25.1585940849,4.8112516221e-03
3,0.0000000000,-25.1285897985,4.4503848156e-03
3,0.0000000000,-25.0985855122,4.1511958020e-03
3,0.0000000000,-25.0685812259,3.9095350353e-03
3,0.0000000000,-25.0385769396,3.7161399316e-03
3,0.0000000000,-25.0085726532,3.5614889590e-03
3,0.0000000000,-24.9785683669,3.4374621650e-03
3,0.0000000000,-24.9485640806,3.3376245385e-03
3,0.0000000000,-24.9185597943,3.2570314498e-03
3,0.0000000000,-24.8885555079,3.1919262412e-03
3,0.0000000000,-24.8585512216,3.1394593752e-03
3,0.0000000000,-24.8285469353,3.0974624007e-03
3,0.0000000000,-24.7985426489,3.0642758128e-03
3,0.0000000000,-24.7685383626,3.0386195618e-03
3,0.0000000000,-24.7385340763,3.0194925072e-03
3,0.0000000000,-24.7085297900,3.0060868648e-03
3,0.0000000000,-24.6785255036,2.9977076984e-03
3,0.0000000000,-24.6485212173,2.9937069737e-03
3,0.0000000000,-24.6185169310,2.9934799448e-03
3,0.0000000000,-24.5885126447,2.9965635382e-03
3,0.0000000000,-24.5585083583,3.0027421785e-03
3,0.0000000000,-24.5285040720,3.0120026635e-03
3,0.0000000000,-24.4984997857,3.0243844215e-03
3,0.0000000000,-24.4684954994,3.0398889724e-03
3,0.0000000000,-24.4384912130,3.0584796577e-03
3,0.0000000000,-24.4084869267,3.0801125112e-03
3,0.0000000000,-24.3784826404,3.1047609983e-03
3,0.0000000000,-24.3484783541,3.1324295572e-03
3,0.0000000000,-24.3184740677,3.1631609947e-03
3,0.0000000000,-24.2884697814,3.1970424335e-03
3,0.0000000000,-24.2584654951,3.2342126479e-03
3,0.0000000000,-24.2284612087,3.2748724378e-03
3,0.0000000000,-24.1984569224,3.3192989913e-03
3,0.0000000000,-24.1684526361,3.3678641850e-03
3,0.0000000000,-24.1384483498,3.4210540982e-03
3,0.0000000000,-24.1084440634,3.4794797555e-03
3,0.0000000000,-24.0784397771,3.5438511901e-03
3,0.0000000000,-24.0484354908,3.6148481984e-03
3,0.0000000000,-24.0184312045,3.6927566834e-03
3,0.0000000000,-23.9884269181,3.7767024981e-03
3,0.0000000000,-23.9584226318,3.8635548807e-03
3,0.0000000000,-23.9284183455,3.9475090765e-03
3,0.0000000000,-23.8984140592,4.0223224358e-03
3,0.0000000000,-23.8684097728,4.0859510033e-03
3,0.0000000000,-23.8384054865,4.1425436721e-03
3,0.0000000000,-23.8084012002,4.1990290151e-03
3,0.0000000000,-23.7783969138,4.2608595589e-03
3,0.0000000000,-23.7483926275,4.3307614200e-03
3,0.0000000000,-23.7183883412,4.4095508459e-03
3,0.0000000000,-23.6883840549,4.4971809281e-03
3,0.0000000000,-23.6583797685,4.5933753480e-03
3,0.0000000000,-23.6283754822,4.6979064110e-03
3,0.0000000000,-23.5983711959,4.8106864390e-03
3,0.0000000000,-23.5683669096,4.9317823214e-03
3,0.0000000000,-23.5383626232,5.0614053156e-03
3,0.0000000000,-23.5083583369,5.1998970037e-03
3,0.0000000000,-23.4783540506,5.3477185829e-03
3,0.0000000000,-23.4483497643,5.5054453527e-03
3,0.0000000000,-23.4183454779,5.6737665000e-03
3,0.0000000000,-23.3883411916,5.8534899051e-03
3,0.0000000000,-23.3583369053,6.0455518083e-03
3,0.0000000000,-23.3283326189,6.2510314243e-03
3,0.0000000000,-23.2983283326,6.4711708183e-03
3,0.0000000000,-23.2683240463,6.7074003586e-03
3,0.0000000000,-23.2383197600,6.9613694501e-03
3,0.0000000000,-23.2083154736,7.2349800634e-03
3,0.0000000000,-23.1783111873,7.5304147233e-03
3,0.0000000000,-23.1483069010,7.8501375351e-03
3,0.0000000000,-23.1183026147,8.1968244658e-03
3,0.0000000000,-23.0882983283,8.5731650171e-03
3,0.0000000000,-23.0582940420,8.9815576878e-03
3,0.0000000000,-23.0282897557,9.4240501968e-03
3,0.0000000000,-22.9982854694,9.9032458527e-03
3,0.0000000000,-22.9682811830,1.0424168681e-02
3,0.0000000000,-22.9382768967,1.0995327614e-02
3,0.0000000000,-22.9082726104,1.1627885485e-02
3,0.0000000000,-22.8782683240,1.2334526563e-02
3,0.0000000000,-22.8482640377,1.3129498314e-02
3,0.0000000000,-22.8182597514,1.4029507784e-02
3,0.0000000000,-22.7882554651,1.5054639686e-02
3,0.0000000000,-22.7582511787,1.6228576170e-02
3,0.0000000000,-22.7282468924,1.7576963898e-02
3,0.0000000000,-22.6982426061,1.9121570238e-02
3,0.0000000000,-22.6682383198,2.0866765911e-02
3,0.0000000000,-22.6382340334,2.2778099750e-02
3,0.0000000000,-22.6082297471,2.4769171875e-02
3,0.0000000000,-22.5782254608,2.6736640322e-02
3,0.0000000000,-22.5482211745,2.8654375364e-02
3,0.0000000000,-22.5182168881,3.0636181893e-02
3,0.0000000000,-22.4882126018,3.2885234851e-02
3,0.0000000000,-22.4582083155,3.5604277512e-02
3,0.0000000000,-22.4282040291,3.8963316858e-02
3,0.0000000000,-22.3981997428,4.3120009768e-02
3,0.0000000000,-22.3681954565,4.8253131536e-02
3,0.0000000000,-22.3381911702,5.4592298232e-02
3,0.0000000000,-22.3081868838,6.2444720699e-02
3,0.0000000000,-22.2781825975,7.2223141232e-02
3,0.0000000000,-22.2481783112,8.4476089508e-02
3,0.0000000000,-22.2181740249,9.9914117987e-02
3,0.0000000000,-22.1881697385,1.1940863431e-01
3,0.0000000000,-22.1581654522,1.4390147545e-01
3,0.0000000000,-22.1281611659,1.7408824846e-01
3,0.0000000000,-22.0981568796,2.0964231993e-01
3,0.0000000000,-22.0681525932,2.4780961035e-01
3,0.0000000000,-22.0381483069,2.8197149471e-01
3,0.0000000000,-22.0081440206,3.0251088771e-01
3,0.0000000000,-21.9781397342,3.0221319486e-01
3,0.0000000000,-21.9481354479,2.8231838076e-01
3,0.0000000000,-21.9181311616,2.5150512253e-01
3,0.0000000000,-21.8881268753,2.1924746727e-01
3,0.0000000000,-21.8581225889,1.9148068704e-01
3,0.0000000000,-21.8281183026,1.7059093866e-01
3,0.0000000000,-21.7981140163,1.5698645917e-01
3,0.0000000000,-21.7681097300,1.5031999960e-01
3,0.0000000000,-21.7381054436,1.4998642174e-01
3,0.0000000000,-21.7081011573,1.5500853123e-01
3,0.0000000000,-21.6780968710,1.6344133729e-01
3,0.0000000000,-21.6480925847,1.7167735260e-01
3,0.0000000000,-21.6180882983,1.7478405241e-01
3,0.0000000000,-21.5880840120,1.6897204464e-01
3,0.0000000000,-21.5580797257,1.5445340984e-01
3,0.0000000000,-21.5280754393,1.3503001221e-01
3,0.0000000000,-21.4980711530,1.1496371427e-01
3,0.0000000000,-21.4680668667,9.6871380979e-02
3,0.0000000000,-21.4380625804,8.1673675126e-02
3,0.0000000000,-21.4080582940,6.9325756308e-02
3,0.0000000000,-21.3780540077,5.9414664016e-02
3,0.0000000000,-21.3480497214,5.1464868406e-02
3,0.0000000000,-21.3180454351,4.5054564495e-02
3,0.0000000000,-21.2880411487,3.9843737106e-02
3,0.0000000000,-21.2580368624,3.5569087788e-02
3,0.0000000000,-21.2280325761,3.2029859386e-02
3,0.0000000000,-21.1980282898,2.9073482742e-02
3,0.0000000000,-21.1680240034,2.6583657217e-02
3,0.0000000000,-21.1380197171,2.4471164748e-02
3,0.0000000000,-21.1080154308,2.2667014688e-02
3,0.0000000000,-21.0780111444,2.1117394784e-02
3,0.0000000000,-21.0480068581,1.9779964779e-02
3,0.0000000000,-21.0180025718,1.8621129997e-02
3,0.0000000000,-20.9879982855,1.7614025641e-02
3,0.0000000000,-20.9579939991,1.6737016591e-02
3,0.0000000000,-20.9279897128,1.5972572658e-02
3,0.0000000000,-20.8979854265,1.5306419033e-02
3,0.0000000000,-20.8679811402,1.4726890055e-02
3,0.0000000000,-20.8379768538,1.4224434571e-02
3,0.0000000000,-20.8079725675,1.3791235438e-02
3,0.0000000000,-20.7779682812,1.3420915965e-02
3,0.0000000000,-20.7479639949,1.3108313378e-02
3,0.0000000000,-20.7179597085,1.2849304764e-02
3,0.0000000000,-20.6879554222,1.2640674818e-02
3,0.0000000000,-20.6579511359,1.2480017664e-02
3,0.0000000000,-20.6279468495,1.2365667228e-02
3,0.0000000000,-20.5979425632,1.2296652392e-02
3,0.0000000000,-20.5679382769,1.2272674609e-02
3,0.0000000000,-20.5379339906,1.2294106880e-02
3,0.0000000000,-20.5079297042,1.2362014167e-02
3,0.0000000000,-20.4779254179,1.2478196487e-02
3,0.0000000000,-20.4479211316,1.2645257168e-02
3,0.0000000000,-20.4179168453,1.2866700269e-02
3,0.0000000000,-20.3879125589,1.3147062926e-02
3,0.0000000000,-20.3579082726,1.3492090727e-02
3,0.0000000000,-20.3279039863,1.3908967243e-02
3,0.0000000000,-20.2978997000,1.4406612911e-02
3,0.0000000000,-20.2678954136,1.4996074006e-02
3,0.0000000000,-20.2378911273,1.5691030063e-02
3,0.0000000000,-20.2078868410,1.6508458718e-02
3,0.0000000000,-20.1778825547,1.7469511738e-02
3,0.0000000000,-20.1478782683,1.8600676775e-02
3,0.0000000000,-20.1178739820,1.9935328480e-02
3,0.0000000000,-20.0878696957,2.1515813065e-02
3,0.0000000000,-20.0578654093,2.3396265466e-02
3,0.0000000000,-20.0278611230,2.5646430313e-02
3,0.0000000000,-19.9978568367,2.8356843742e-02
3,0.0000000000,-19.9678525504,3.1645815582e-02
3,0.0000000000,-19.9378482640,3.5668682380e-02
3,0.0000000000,-19.9078439777,4.0629692840e-02
3,0.0000000000,-19.8778396914,4.6796561890e-02
3,0.0000000000,-19.8478354051,5.4517238519e-02
3,0.0000000000,-19.8178311187,6.4237148148e-02
3,0.0000000000,-19.7878268324,7.6507011981e-02
3,0.0000000000,-19.7578225461,9.1940491484e-02
3,0.0000000000,-19.7278182598,1.1102153479e-01
3,0.0000000000,-19.6978139734,1.3360493180e-01
3,0.0000000000,-19.6678096871,1.5799690955e-01
3,0.0000000000,-19.6378054008,1.7996060165e-01
3,0.0000000000,-19.6078011144,1.9311518946e-01
3,0.0000000000,-19.5777968281,1.9233419981e-01
3,0.0000000000,-19.5477925418,1.7792533832e-01
3,0.0000000000,-19.5177882555,1.5535007615e-01
3,0.0000000000,-19.4877839691,1.3087877971e-01
3,0.0000000000,-19.4577796828,1.0848250207e-01
3,0.0000000000,-19.4277753965,8.9665728792e-02
3,0.0000000000,-19.3977711102,7.4494208666e-02
3,0.0000000000,-19.3677668238,6.2464922156e-02
3,0.0000000000,-19.3377625375,5.2959401712e-02
3,0.0000000000,-19.3077582512,4.5420225814e-02
3,0.0000000000,-19.2777539649,3.9396757002e-02
3,0.0000000000,-19.2477496785,3.4541028611e-02
3,0.0000000000,-19.2177453922,3.0589336827e-02
3,0.0000000000,-19.1877411059,2.7342886571e-02
3,0.0000000000,-19.1577368195,2.4651543999e-02
3,0.0000000000,-19.1277325332,2.2401289048e-02
3,0.0000000000,-19.0977282469,2.0504869520e-02
3,0.0000000000,-19.0677239606,1.8894944359e-02
3,0.0000000000,-19.0377196742,1.7519075396e-02
3,0.0000000000,-19.0077153879,1.6336064110e-02
3,0.0000000000,-18.9777111016,1.5313259626e-02
3,0.0000000000,-18.9477068153,1.4424567491e-02
3,0.0000000000,-18.9177025289,1.3648965690e-02
3,0.0000000000,-18.8876982426,1.2969389801e-02
3,0.0000000000,-18.8576939563,1.2371888612e-02
3,0.0000000000,-18.8276896700,1.1844979372e-02
3,0.0000000000,-18.7976853836,1.1379151567e-02
3,0.0000000000,-18.7676810973,1.0966482056e-02
3,0.0000000000,-18.7376768110,1.0600334387e-02
3,0.0000000000,-18.7076725246,1.0275122229e-02
3,0.0000000000,-18.6776682383,9.9861220369e-03
3,0.0000000000,-18.6476639520,9.7293237963e-03
3,0.0000000000,-18.6176596657,9.5013114561e-03
3,0.0000000000,-18.5876553793,9.2991666843e-03
3,0.0000000000,-18.5576510930,9.1203910940e-03
3,0.0000000000,-18.5276468067,8.9628432246e-03
3,0.0000000000,-18.4976425204,8.8246874254e-03
3,0.0000000000,-18.4676382340,8.7043524503e-03
3,0.0000000000,-18.4376339477,8.6004980907e-03
3,0.0000000000,-18.4076296614,8.5119885835e-03
3,0.0000000000,-18.3776253751,8.4378718695e-03
3,0.0000000000,-18.3476210887,8.3773640649e-03
3,0.0000000000,-18.3176168024,8.3298387703e-03
3,0.0000000000,-18.2876125161,8.2948210942e-03
3,0.0000000000,-18.2576082297,8.2719865362e-03
3,0.0000000000,-18.2276039434,8.2611651797e-03
3,0.0000000000,-18.1975996571,8.2623520179e-03
3,0.0000000000,-18.1675953708,8.2757247182e-03
3,0.0000000000,-18.1375910844,8.3016707766e-03
3,0.0000000000,-18.1075867981,8.3408269007e-03
3,0.0000000000,-18.0775825118,8.3941346906e-03
3,0.0000000000,-18.0475782255,8.4629184046e-03
3,0.0000000000,-18.0175739391,8.5489929623e-03
3,0.0000000000,-17.9875696528,8.6548135149e-03
3,0.0000000000,-17.9575653665,8.7836818919e-03
3,0.0000000000,-17.9275610802,8.9400294745e-03
3,0.0000000000,-17.8975567938,9.1297983407e-03
3,0.0000000000,-17.8675525075,9.3609362641e-03
3,0.0000000000,-17.8375482212,9.6439884768e-03
3,0.0000000000,-17.8075439348,9.9926650679e-03
3,0.0000000000,-17.7775396485,1.0423982616e-02
3,0.0000000000,-17.7475353622,1.0956907346e-02
3,0.0000000000,-17.7175310759,1.1607050401e-02
3,0.0000000000,-17.6875267895,1.2372963222e-02
3,0.0000000000,-17.6575225032,1.3209658066e-02
3,0.0000000000,-17.6275182169,1.3996834535e-02
3,0.0000000000,-17.5975139306,1.4542607470e-02
3,0.0000000000,-17.5675096442,1.4677112989e-02
3,0.0000000000,-17.5375053579,1.4386907468e-02
3,0.0000000000,-17.5075010716,1.3827247448e-02
3,0.0000000000,-17.4774967853,1.3194979147e-02
3,0.0000000000,-17.4474924989,1.2622370021e-02
3,0.0000000000,-17.4174882126,1.2163340681e-02
3,0.0000000000,-17.3874839263,1.1823675199e-02
3,0.0000000000,-17.3574796399,1.1589217427e-02
3,0.0000000000,-17.3274753536,1.1441172868e-02
3,0.0000000000,-17.2974710673,1.1362272142e-02
3,0.0000000000,-17.2674667810,1.1338488776e-02
3,0.0000000000,-17.2374624946,1.1359019192e-02
3,0.0000000000,-17.2074582083,1.1415740175e-02
3,0.0000000000,-17.1774539220,1.1502608742e-02
3,0.0000000000,-17.1474496357,1.1615150492e-02
3,0.0000000000,-17.1174453493,1.1750062202e-02
3,0.0000000000,-17.0874410630,1.1904915354e-02
3,0.0000000000,-17.0574367767,1.2077938858e-02
3,0.0000000000,-17.0274324904,1.2267860824e-02
3,0.0000000000,-16.9974282040,1.2473793441e-02
3,0.0000000000,-16.9674239177,1.2695149035e-02
3,0.0000000000,-16.9374196314,1.2931578696e-02
3,0.0000000000,-16.9074153450,1.3182927292e-02
3,0.0000000000,-16.8774110587,1.3449200474e-02
3,0.0000000000,-16.8474067724,1.3730540548e-02
3,0.0000000000,-16.8174024861,1.4027208967e-02
3,0.0000000000,-16.7873981997,1.4339573851e-02
3,0.0000000000,-16.7573939134,1.4668101384e-02
3,0.0000000000,-16.7273896271,1.5013350253e-02
3,0.0000000000,-16.6973853408,1.5375968562e-02
3,0.0000000000,-16.6673810544,1.5756692786e-02
3,0.0000000000,-16.6373767681,1.6156348491e-02
3,0.0000000000,-16.6073724818,1.6575852648e-02
3,0.0000000000,-16.5773681955,1.7016217430e-02
3,0.0000000000,-16.5473639091,1.7478555489e-02
3,0.0000000000,-16.5173596228,1.7964086723e-02
3,0.0000000000,-16.4873553365,1.8474146604e-02
3,0.0000000000,-16.4573510502,1.9010196086e-02
3,0.0000000000,-16.4273467638,1.9573832891e-02
3,0.0000000000,-16.3973424775,2.0166803305e-02
3,0.0000000000,-16.3673381912,2.0791011916e-02
3,0.0000000000,-16.3373339048,2.1448523022e-02
3,0.0000000000,-16.3073296185,2.2141541338e-02
3,0.0000000000,-16.2773253322,2.2872356251e-02
3,0.0000000000,-16.2473210459,2.3643257561e-02
3,0.0000000000,-16.2173167595,2.4456520953e-02
3,0.0000000000,-16.1873124732,2.5314651532e-02
3,0.0000000000,-16.1573081869,2.6220855114e-02
3,0.0000000000,-16.1273039006,2.7179253661e-02
3,0.0000000000,-16.0972996142,2.8194592610e-02
3,0.0000000000,-16.0672953279,2.9271881727e-02
3,0.0000000000,-16.0372910416,3.0416329726e-02
3,0.0000000000,-16.0072867553,3.1633479766e-02
3,0.0000000000,-15.9772824689,3.2929373361e-02
3,0.0000000000,-15.9472781826,3.4310684457e-02
3,0.0000000000,-15.9172738963,3.5784831293e-02
3,0.0000000000,-15.8872696099,3.7360084095e-02
3,0.0000000000,-15.8572653236,3.9045681425e-02
3,0.0000000000,-15.8272610373,4.0851962979e-02
3,0.0000000000,-15.7972567510,4.2790524386e-02
3,0.0000000000,-15.7672524646,4.4874398987e-02
3,0.0000000000,-15.7372481783,4.7118272079e-02
3,0.0000000000,-15.7072438920,4.9538734119e-02
3,0.0000000000,-15.6772396057,5.2154580874e-02
3,0.0000000000,-15.6472353193,5.4987170439e-02
3,0.0000000000,-15.6172310330,5.8060849471e-02
3,0.0000000000,-15.5872267467,6.1403464145e-02
3,0.0000000000,-15.5572224604,6.5046975367e-02
3,0.0000000000,-15.5272181740,6.9028202922e-02
3,0.0000000000,-15.4972138877,7.3389730019e-02
3,0.0000000000,-15.4672096014,7.8181008446e-02
3,0.0000000000,-15.4372053150,8.3459716172e-02
3,0.0000000000,-15.4072010287,8.9293434508e-02
3,0.0000000000,-15.3771967424,9.5761732439e-02
3,0.0000000000,-15.3471924561,1.0295877315e-01
3,0.0000000000,-15.3171881697,1.1099659492e-01
3,0.0000000000,-15.2871838834,1.2000926923e-01
3,0.0000000000,-15.2571795971,1.3015820820e-01
3,0.0000000000,-15.2271753108,1.4163898969e-01
3,0.0000000000,-15.1971710244,1.5469020192e-01
3,0.0000000000,-15.1671667381,1.6960499647e-01
3,0.0000000000,-15.1371624518,1.8674630235e-01
3,0.0000000000,-15.1071581655,2.0656702613e-01
3,0.0000000000,-15.0771538791,2.2963709039e-01
3,0.0000000000,-15.0471495928,2.5667990604e-01
3,0.0000000000,-15.0171453065,2.8862191152e-01
3,0.0000000000,-14.9871410201,3.2666022248e-01
3,0.0000000000,-14.9571367338,3.7235525479e-01
3,0.0000000000,-14.9271324475,4.2775725310e-01
3,0.0000000000,-14.8971281612,4.9557722890e-01
3,0.0000000000,-14.8671238748,5.7941151714e-01
3,0.0000000000,-14.8371195885,6.8401844587e-01
3,0.0000000000,-14.8071153022,8.1560866738e-01
3,0.0000000000,-14.7771110159,9.8200731513e-01
3,0.0000000000,-14.7471067295,1.1922899557e+00
3,0.0000000000,-14.7171024432,1.4549398361e+00
3,0.0000000000,-14.6870981569,1.7726476433e+00
3,0.0000000000,-14.6570938706,2.1313291882e+00
3,0.0000000000,-14.6270895842,2.4843329462e+00
3,0.0000000000,-14.5970852979,2.7462154314e+00
3,0.0000000000,-14.5670810116,2.8245114004e+00
3,0.0000000000,-14.5370767252,2.6864273201e+00
3,0.0000000000,-14.5070724389,2.3882020723e+00
3,0.0000000000,-14.4770681526,2.0264291002e+00
3,0.0000000000,-14.4470638663,1.6765046843e+00
3,0.0000000000,-14.4170595799,1.3742088105e+00
3,0.0000000000,-14.3870552936,1.1273060265e+00
3,0.0000000000,-14.3570510073,9.3061466109e-01
3,0.0000000000,-14.3270467210,7.7514343748e-01
3,0.0000000000,-14.2970424346,6.5207802366e-01
3,0.0000000000,-14.2670381483,5.5405383010e-01
3,0.0000000000,-14.2370338620,4.7530342685e-01
3,0.0000000000,-14.2070295757,4.1143233189e-01
3,0.0000000000,-14.1770252893,3.5912452215e-01
3,0.0000000000,-14.1470210030,3.1587916828e-01
3,0.0000000000,-14.1170167167,2.7980205838e-01
3,0.0000000000,-14.0870124303,2.4944848967e-01
3,0.0000000000,-14.0570081440,2.2370749270e-01
3,0.0000000000,-14.0270038577,2.0171719369e-01
3,0.0000000000,-13.9969995714,1.8280297582e-01
3,0.0000000000,-13.9669952850,1.6643213692e-01
3,0.0000000000,-13.9369909987,1.5218044670e-01
3,0.0000000000,-13.9069867124,1.3970730281e-01
3,0.0000000000,-13.8769824261,1.2873712991e-01
3,0.0000000000,-13.8469781397,1.1904533997e-01
3,0.0000000000,-13.8169738534,1.1044764914e-01
3,0.0000000000,-13.7869695671,1.0279188412e-01
3,0.0000000000,-13.7569652808,9.5951649568e-02
3,0.0000000000,-13.7269609944,8.9821398092e-02
3,0.0000000000,-13.6969567081,8.4312565897e-02
3,0.0000000000,-13.6669524218,7.9350524674e-02
3,0.0000000000,-13.6369481354,7.4872163862e-02
3,0.0000000000,-13.6069438491,7.0823963858e-02
3,0.0000000000,-13.5769395628,6.7160455066e-02
3,0.0000000000,-13.5469352765,6.3842983135e-02
3,0.0000000000,-13.5169309901,6.0838720030e-02
3,0.0000000000,-13.4869267038,5.8119875188e-02
3,0.0000000000,-13.4569224175,5.5663072445e-02
3,0.0000000000,-13.4269181312,5.3448867479e-02
3,0.0000000000,-13.3969138448,5.1461388019e-02
3,0.0000000000,-13.3669095585,4.9688085554e-02
3,0.0000000000,-13.3369052722,4.8119593310e-02
3,0.0000000000,-13.3069009859,4.6749691292e-02
3,0.0000000000,-13.2768966995,4.5575385767e-02
3,0.0000000000,-13.2468924132,4.4597118343e-02
3,0.0000000000,-13.2168881269,4.3819129514e-02
3,0.0000000000,-13.1868838405,4.3250014360e-02
3,0.0000000000,-13.1568795542,4.2903525430e-02
3,0.0000000000,-13.1268752679,4.2799701841e-02
3,0.0000000000,-13.0968709816,4.2966437126e-02
3,0.0000000000,-13.0668666952,4.3441645126e-02
3,0.0000000000,-13.0368624089,4.4276247890e-02
3,0.0000000000,-13.0068581226,4.5538296159e-02
3,0.0000000000,-12.9768538363,4.7318641818e-02
3,0.0000000000,-12.9468495499,4.9738696994e-02
3,0.0000000000,-12.9168452636,5.2960875967e-02
3,0.0000000000,-12.8868409773,5.7202141173e-02
3,0.0000000000,-12.8568366910,6.2750171807e-02
3,0.0000000000,-12.8268324046,6.9978806074e-02
3,0.0000000000,-12.7968281183,7.9351692636e-02
3,0.0000000000,-12.7668238320,9.1384629628e-02
3,0.0000000000,-12.7368195456,1.0649929570e-01
3,0.0000000000,-12.7068152593,1.2464644887e-01
3,0.0000000000,-12.6768109730,1.4458025942e-01
3,0.0000000000,-12.6468066867,1.6299397117e-01
3,0.0000000000,-12.6168024003,1.7463993289e-01
3,0.0000000000,-12.5867981140,1.7490800100e-01
3,0.0000000000,-12.5567938277,1.6348048016e-01
3,0.0000000000,-12.5267895414,1.4461945721e-01
3,0.0000000000,-12.4967852550,1.2368233073e-01
3,0.0000000000,-12.4667809687,1.0424941553e-01
3,0.0000000000,-12.4367766824,8.7769027097e-02
3,0.0000000000,-12.4067723961,7.4385273051e-02
3,0.0000000000,-12.3767681097,6.3703878289e-02
3,0.0000000000,-12.3467638234,5.5206332706e-02
3,0.0000000000,-12.3167595371,4.8416228072e-02
3,0.0000000000,-12.2867552508,4.2945343290e-02
3,0.0000000000,-12.2567509644,3.8492819484e-02
3,0.0000000000,-12.2267466781,3.4830281117e-02
3,0.0000000000,-12.1967423918,3.1785452827e-02
3,0.0000000000,-12.1667381054,2.9228205056e-02
3,0.0000000000,-12.1367338191,2.7059711959e-02
3,0.0000000000,-12.1067295328,2.5204354128e-02
3,0.0000000000,-12.0767252465,2.3603771807e-02
3,0.0000000000,-12.0467209601,2.2212520546e-02
3,0.0000000000,-12.0167166738,2.0994894634e-02
3,0.0000000000,-11.9867123875,1.9922594154e-02
3,0.0000000000,-11.9567081012,1.8973000733e-02
3,0.0000000000,-11.9267038148,1.8127893700e-02
3,0.0000000000,-11.8966995285,1.7372486615e-02
3,0.0000000000,-11.8666952422,1.6694698396e-02
3,0.0000000000,-11.8366909559,1.6084597538e-02
3,0.0000000000,-11.8066866695,1.5533975074e-02
3,0.0000000000,-11.7766823832,1.5036014058e-02
3,0.0000000000,-11.7466780969,1.4585032048e-02
3,0.0000000000,-11.7166738105,1.4176279235e-02
3,0.0000000000,-11.6866695242,1.3805779378e-02
3,0.0000000000,-11.6566652379,1.3470203947e-02
3,0.0000000000,-11.6266609516,1.3166772279e-02
3,0.0000000000,-11.5966566652,1.2893172302e-02
3,0.0000000000,-11.5666523789,1.2647497721e-02
3,0.0000000000,-11.5366480926,1.2428198542e-02
3,0.0000000000,-11.5066438063,1.2234042578e-02
3,0.0000000000,-11.4766395199,1.2064086158e-02
3,0.0000000000,-11.4466352336,1.1917652743e-02
3,0.0000000000,-11.4166309473,1.1794318509e-02
3,0.0000000000,-11.3866266610,1.1693904295e-02
3,0.0000000000,-11.3566223746,1.1616473561e-02
3,0.0000000000,-11.3266180883,1.1562336291e-02
3,0.0000000000,-11.2966138020,1.1532058985e-02
3,0.0000000000,-11.2666095156,1.1526481175e-02
3,0.0000000000,-11.2366052293,1.1546739172e-02
3,0.0000000000,-11.2066009430,1.1594298067e-02
3,0.0000000000,-11.1765966567,1.1670993428e-02
3,0.0000000000,-11.1465923703,1.1779084614e-02
3,0.0000000000,-11.1165880840,1.1921322259e-02
3,0.0000000000,-11.0865837977,1.2101033280e-02
3,0.0000000000,-11.0565795114,1.2322227836e-02
3,0.0000000000,-11.0265752250,1.2589734073e-02
3,0.0000000000,-10.9965709387,1.2909368374e-02
3,0.0000000000,-10.9665666524,1.3288151391e-02
3,0.0000000000,-10.9365623661,1.3734583635e-02
3,0.0000000000,-10.9065580797,1.4258999169e-02
3,0.0000000000,-10.8765537934,1.4874022604e-02
3,0.0000000000,-10.8465495071,1.5595163857e-02
3,0.0000000000,-10.8165452207,1.6441598103e-02
3,0.0000000000,-10.7865409344,1.7437196697e-02
3,0.0000000000,-10.7565366481,1.8611900742e-02
3,0.0000000000,-10.7265323618,2.0003565644e-02
3,0.0000000000,-10.6965280754,2.1660456517e-02
3,0.0000000000,-10.6665237891,2.3644645675e-02
3,0.0000000000,-10.6365195028,2.6036659063e-02
3,0.0000000000,-10.6065152165,2.8941837546e-02
3,0.0000000000,-10.5765109301,3.2499002612e-02
3,0.0000000000,-10.5465066438,3.6892072103e-02
3,0.0000000000,-10.5165023575,4.2365045772e-02
3,0.0000000000,-10.4864980712,4.9239698490e-02
3,0.0000000000,-10.4564937848,5.7931943622e-02
3,0.0000000000,-10.4264894985,6.8953834769e-02
3,0.0000000000,-10.3964852122,8.2866867082e-02
3,0.0000000000,-10.3664809258,1.0010936505e-01
3,0.0000000000,-10.3364766395,1.2056170091e-01
3,0.0000000000,-10.3064723532,1.4273080602e-01
3,0.0000000000,-10.2764680669,1.6283724986e-01
3,0.0000000000,-10.2464637805,1.7510966050e-01
3,0.0000000000,-10.2164594942,1.7479169323e-01
3,0.0000000000,-10.1864552079,1.6199134143e-01
3,0.0000000000,-10.1564509216,1.4158276497e-01
3,0.0000000000,-10.1264466352,1.1929878285e-01
3,0.0000000000,-10.0964423489,9.8824362690e-02
3,0.0000000000,-10.0664380626,8.1582386210e-02
3,0.0000000000,-10.0364337763,6.7659010347e-02
3,0.0000000000,-10.0064294899,5.6605426930e-02
3,0.0000000000,-9.9764252036,4.7859886787e-02
3,0.0000000000,-9.9464209173,4.0913454750e-02
3,0.0000000000,-9.9164166309,3.5353824596e-02
3,0.0000000000,-9.8864123446,3.0862342820e-02
3,0.0000000000,-9.8564080583,2.7197441904e-02
3,0.0000000000,-9.8264037720,2.4177007920e-02
3,0.0000000000,-9.7963994856,2.1663520427e-02
3,0.0000000000,-9.7663951993,1.9552557714e-02
3,0.0000000000,-9.7363909130,1.7764228923e-02
3,0.0000000000,-9.7063866267,1.6236886504e-02
3,0.0000000000,-9.6763823403,1.4922533588e-02
3,0.0000000000,-9.6463780540,1.3783465130e-02
3,0.0000000000,-9.6163737677,1.2789800017e-02
3,0.0000000000,-9.5863694814,1.1917655994e-02
3,0.0000000000,-9.5563651950,1.1147789808e-02
3,0.0000000000,-9.5263609087,1.0464575816e-02
3,0.0000000000,-9.4963566224,9.8552325067e-03
3,0.0000000000,-9.4663523360,9.3092319747e-03
3,0.0000000000,-9.4363480497,8.8178454206e-03
3,0.0000000000,-9.4063437634,8.3737906228e-03
3,0.0000000000,-9.3763394771,7.9709564297e-03
3,0.0000000000,-9.3463351907,7.6041858816e-03
3,0.0000000000,-9.3163309044,7.2691042979e-03
3,0.0000000000,-9.2863266181,6.9619820987e-03
3,0.0000000000,-9.2563223318,6.6796246477e-03
3,0.0000000000,-9.2263180454,6.4192832552e-03
3,0.0000000000,-9.1963137591,6.1785828608e-03
3,0.0000000000,-9.1663094728,5.9554629442e-03
3,0.0000000000,-9.1363051865,5.7481289905e-03
3,0.0000000000,-9.1063009001,5.5550124223e-03
3,0.0000000000,-9.0762966138,5.3747373642e-03
3,0.0000000000,-9.0462923275,5.2060929465e-03
3,0.0000000000,-9.0162880411,5.0480101244e-03
3,0.0000000000,-8.9862837548,4.8995421934e-03
3,0.0000000000,-8.9562794685,4.7598483484e-03
3,0.0000000000,-8.9262751822,4.6281797536e-03
3,0.0000000000,-8.8962708958,4.5038677004e-03
3,0.0000000000,-8.8662666095,4.3863135009e-03
3,0.0000000000,-8.8362623232,4.2749798356e-03
3,0.0000000000,-8.8062580369,4.1693833212e-03
3,0.0000000000,-8.7762537505,4.0690881062e-03
3,0.0000000000,-8.7462494642,3.9737003353e-03
3,0.0000000000,-8.7162451779,3.8828633515e-03
3,0.0000000000,-8.6862408916,3.7962535257e-03
3,0.0000000000,-8.6562366052,3.7135766213e-03
3,0.0000000000,-8.6262323189,3.6345646177e-03
3,0.0000000000,-8.5962280326,3.5589729281e-03
3,0.0000000000,-8.5662237462,3.4865779552e-03
3,0.0000000000,-8.5362194599,3.4171749404e-03
3,0.0000000000,-8.5062151736,3.3505760662e-03
3,0.0000000000,-8.4762108873,3.2866087786e-03
3,0.0000000000,-8.4462066009,3.2251143003e-03
3,0.0000000000,-8.4162023146,3.1659463107e-03
3,0.0000000000,-8.3861980283,3.1089697726e-03
3,0.0000000000,-8.3561937420,3.0540598850e-03
3,0.0000000000,-8.3261894556,3.0011011489e-03
3,0.0000000000,-8.2961851693,2.9499865317e-03
3,0.0000000000,-8.2661808830,2.9006167174e-03
3,0.0000000000,-8.2361765967,2.8528994349e-03
3,0.0000000000,-8.2061723103,2.8067488528e-03
3,0.0000000000,-8.1761680240,2.7620850352e-03
3,0.0000000000,-8.1461637377,2.7188334503e-03
3,0.0000000000,-8.1161594514,2.6769245267e-03
3,0.0000000000,-8.0861551650,2.6362932521e-03
3,0.0000000000,-8.0561508787,2.5968788094e-03
3,0.0000000000,-8.0261465924,2.5586242469e-03
3,0.0000000000,-7.9961423060,2.5214761783e-03
3,0.0000000000,-7.9661380197,2.4853845100e-03
3,0.0000000000,-7.9361337334,2.4503021928e-03
3,0.0000000000,-7.9061294471,2.4161849949e-03
3,0.0000000000,-7.8761251607,2.3829912955e-03
3,0.0000000000,-7.8461208744,2.3506818953e-03
3,0.0000000000,-7.8161165881,2.3192198433e-03
3,0.0000000000,-7.7861123018,2.2885702780e-03
3,0.0000000000,-7.7561080154,2.2587002823e-03
3,0.0000000000,-7.7261037291,2.2295787490e-03
3,0.0000000000,-7.6960994428,2.2011762586e-03
3,0.0000000000,-7.6660951565,2.1734649655e-03
3,0.0000000000,-7.6360908701,2.1464184942e-03
3,0.0000000000,-7.6060865838,2.1200118429e-03
3,0.0000000000,-7.5760822975,2.0942212949e-03
3,0.0000000000,-7.5460780111,2.0690243363e-03
3,0.0000000000,-7.5160737248,2.0443995805e-03
3,0.0000000000,-7.4860694385,2.0203266976e-03
3,0.0000000000,-7.4560651522,1.9967863496e-03
3,0.0000000000,-7.4260608658,1.9737601300e-03
3,0.0000000000,-7.3960565795,1.9512305076e-03
3,0.0000000000,-7.3660522932,1.9291807748e-03
3,0.0000000000,-7.3360480069,1.9075949988e-03
3,0.0000000000,-7.3060437205,1.8864579769e-03
3,0.0000000000,-7.2760394342,1.8657551945e-03
3,0.0000000000,-7.2460351479,1.8454727859e-03
3,0.0000000000,-7.2160308616,1.8255974982e-03
3,0.0000000000,-7.1860265752,1.8061166567e-03
3,0.0000000000,-7.1560222889,1.7870181337e-03
3,0.0000000000,-7.1260180026,1.7682903184e-03
3,0.0000000000,-7.0960137162,1.7499220896e-03
3,0.0000000000,-7.0660094299,1.7319027891e-03
3,0.0000000000,-7.0360051436,1.7142221976e-03
3,0.0000000000,-7.0060008573,1.6968705121e-03
3,0.0000000000,-6.9759965709,1.6798383241e-03
3,0.0000000000,-6.9459922846,1.6631165998e-03
3,0.0000000000,-6.9159879983,1.6466966610e-03
3,0.0000000000,-6.8859837120,1.6305701674e-03
3,0.0000000000,-6.8559794256,1.6147291001e-03
3,0.0000000000,-6.8259751393,1.5991657458e-03
3,0.0000000000,-6.7959708530,1.5838726818e-03
3,0.0000000000,-6.7659665667,1.5688427624e-03
3,0.0000000000,-6.7359622803,1.5540691057e-03
3,0.0000000000,-6.7059579940,1.5395450809e-03
3,0.0000000000,-6.6759537077,1.5252642973e-03
3,0.0000000000,-6.6459494213,1.5112205926e-03
3,0.0000000000,-6.6159451350,1.4974080227e-03
3,0.0000000000,-6.5859408487,1.4838208522e-03
3,0.0000000000,-6.5559365624,1.4704535444e-03
3,0.0000000000,-6.5259322760,1.4573007533e-03
3,0.0000000000,-6.4959279897,1.4443573145e-03
3,0.0000000000,-6.4659237034,1.4316182379e-03
3,0.0000000000,-6.4359194171,1.4190786998e-03
3,0.0000000000,-6.4059151307,1.4067340362e-03
3,0.0000000000,-6.3759108444,1.3945797355e-03
3,0.0000000000,-6.3459065581,1.3826114327e-03
3,0.0000000000,-6.3159022718,1.3708249032e-03
3,0.0000000000,-6.2858979854,1.3592160567e-03
3,0.0000000000,-6.2558936991,1.3477809320e-03
3,0.0000000000,-6.2258894128,1.3365156921e-03
3,0.0000000000,-6.1958851264,1.3254166184e-03
3,0.0000000000,-6.1658808401,1.3144801071e-03
3,0.0000000000,-6.1358765538,1.3037026635e-03
3,0.0000000000,-6.1058722675,1.2930808990e-03
3,0.0000000000,-6.0758679811,1.2826115260e-03
3,0.0000000000,-6.0458636948,1.2722913547e-03
3,0.0000000000,-6.0158594085,1.2621172888e-03
3,0.0000000000,-5.9858551222,1.2520863228e-03
3,0.0000000000,-5.9558508358,1.2421955378e-03
3,0.0000000000,-5.9258465495,1.2324420987e-03
3,0.0000000000,-5.8958422632,1.2228232513e-03
3,0.0000000000,-5.8658379769,1.2133363191e-03
3,0.0000000000,-5.8358336905,1.2039787004e-03
3,0.0000000000,-5.8058294042,1.1947478660e-03
3,0.0000000000,-5.7758251179,1.1856413564e-03
3,0.0000000000,-5.7458208315,1.1766567793e-03
3,0.0000000000,-5.7158165452,1.1677918076e-03
3,0.0000000000,-5.6858122589,1.1590441767e-03
3,0.0000000000,-5.6558079726,1.1504116826e-03
3,0.0000000000,-5.6258036862,1.1418921801e-03
3,0.0000000000,-5.5957993999,1.1334835803e-03
3,0.0000000000,-5.5657951136,1.1251838490e-03
3,0.0000000000,-5.5357908273,1.1169910050e-03
3,0.0000000000,-5.5057865409,1.1089031181e-03
3,0.0000000000,-5.4757822546,1.1009183077e-03
3,0.0000000000,-5.4457779683,1.0930347409e-03
3,0.0000000000,-5.4157736820,1.0852506313e-03
3,0.0000000000,-5.3857693956,1.0775642374e-03
3,0.0000000000,-5.3557651093,1.0699738610e-03
3,0.0000000000,-5.3257608230,1.0624778462e-03
3,0.0000000000,-5.2957565366,1.0550745776e-03
3,0.0000000000,-5.2657522503,1.0477624798e-03
3,0.0000000000,-5.2357479640,1.0405400153e-03
3,0.0000000000,-5.2057436777,1.0334056839e-03
3,0.0000000000,-5.1757393913,1.0263580216e-03
3,0.0000000000,-5.1457351050,1.0193955994e-03
3,0.0000000000,-5.1157308187,1.0125170220e-03
3,0.0000000000,-5.0857265324,1.0057209272e-03
3,0.0000000000,-5.0557222460,9.9900598494e-04
3,0.0000000000,-5.0257179597,9.9237089603e-04
3,0.0000000000,-4.9957136734,9.8581439159e-04
3,0.0000000000,-4.9657093871,9.7933523204e-04
3,0.0000000000,-4.9357051007,9.7293220629e-04
3,0.0000000000,-4.9057008144,9.6660413099e-04
3,0.0000000000,-4.8756965281,9.6034984974e-04
3,0.0000000000,-4.8456922417,9.5416823231e-04
3,0.0000000000,-4.8156879554,9.4805817400e-04
3,0.0000000000,-4.7856836691,9.4201859489e-04
3,0.0000000000,-4.7556793828,9.3604843920e-04
3,0.0000000000,-4.7256750964,9.3014667466e-04
3,0.0000000000,-4.6956708101,9.2431229185e-04
3,0.0000000000,-4.6656665238,9.1854430366e-04
3,0.0000000000,-4.6356622375,9.1284174466e-04
3,0.0000000000,-4.6056579511,9.0720367058e-04
3,0.0000000000,-4.5756536648,9.0162915774e-04
3,0.0000000000,-4.5456493785,8.9611730258e-04
3,0.0000000000,-4.5156450922,8.9066722107e-04
3,0.0000000000,-4.4856408058,8.8527804833e-04
3,0.0000000000,-4.4556365195,8.7994893809e-04
3,0.0000000000,-4.4256322332,8.7467906223e-04
3,0.0000000000,-4.3956279468,8.6946761041e-04
3,0.0000000000,-4.3656236605,8.6431378956e-04
3,0.0000000000,-4.3356193742,8.5921682356e-04
3,0.0000000000,-4.3056150879,8.5417595275e-04
3,0.0000000000,-4.2756108015,8.4919043363e-04
3,0.0000000000,-4.2456065152,8.4425953842e-04
3,0.0000000000,-4.2156022289,8.3938255477e-04
3,0.0000000000,-4.1855979426,8.3455878534e-04
3,0.0000000000,-4.1555936562,8.2978754754e-04
3,0.0000000000,-4.1255893699,8.2506817315e-04
3,0.0000000000,-4.0955850836,8.2040000801e-04
3,0.0000000000,-4.0655807973,8.1578241176e-04
3,0.0000000000,-4.0355765109,8.1121475750e-04
3,0.0000000000,-4.0055722246,8.0669643153e-04
3,0.0000000000,-3.9755679383,8.0222683308e-04
3,0.0000000000,-3.9455636520,7.9780537403e-04
3,0.0000000000,-3.9155593656,7.9343147864e-04
3,0.0000000000,-3.8855550793,7.8910458334e-04
3,0.0000000000,-3.8555507930,7.8482413647e-04
3,0.0000000000,-3.8255465066,7.8058959805e-04
3,0.0000000000,-3.7955422203,7.7640043955e-04
3,0.0000000000,-3.7655379340,7.7225614368e-04
3,0.0000000000,-3.7355336477,7.6815620419e-04
3,0.0000000000,-3.7055293613,7.6410012563e-04
3,0.0000000000,-3.6755250750,7.6008742323e-04
3,0.0000000000,-3.6455207887,7.5611762261e-04
3,0.0000000000,-3.6155165024,7.5219025970e-04
3,0.0000000000,-3.5855122160,7.4830488050e-04
3,0.0000000000,-3.5555079297,7.4446104092e-04
3,0.0000000000,-3.5255036434,7.4065830665e-04
3,0.0000000000,-3.4954993571,7.3689625296e-04
3,0.0000000000,-3.4654950707,7.3317446458e-04
3,0.0000000000,-3.4354907844,7.2949253555e-04
3,0.0000000000,-3.4054864981,7.2585006906e-04
3,0.0000000000,-3.3754822117,7.2224667735e-04
3,0.0000000000,-3.3454779254,7.1868198153e-04
3,0.0000000000,-3.3154736391,7.1515561154e-04
3,0.0000000000,-3.2854693528,7.1166720593e-04
3,0.0000000000,-3.2554650664,7.0821641183e-04
3,0.0000000000,-3.2254607801,7.0480288480e-04
3,0.0000000000,-3.1954564938,7.0142628874e-04
3,0.0000000000,-3.1654522075,6.9808629578e-04
3,0.0000000000,-3.1354479211,6.9478258622e-04
3,0.0000000000,-3.1054436348,6.9151484838e-04
3,0.0000000000,-3.0754393485,6.8828277859e-04
3,0.0000000000,-3.0454350622,6.8508608105e-04
3,0.0000000000,-3.0154307758,6.8192446780e-04
3,0.0000000000,-2.9854264895,6.7879765860e-04
3,0.0000000000,-2.9554222032,6.7570538091e-04
3,0.0000000000,-2.9254179168,6.7264736983e-04
3,0.0000000000,-2.8954136305,6.6962336800e-04
3,0.0000000000,-2.8654093442,6.6663312559e-04
3,0.0000000000,-2.8354050579,6.6367640022e-04
3,0.0000000000,-2.8054007715,6.6075295696e-04
3,0.0000000000,-2.7753964852,6.5786256824e-04
3,0.0000000000,-2.7453921989,6.5500501386e-04
3,0.0000000000,-2.7153879126,6.5218008091e-04
3,0.0000000000,-2.6853836262,6.4938756383e-04
3,0.0000000000,-2.6553793399,6.4662726427e-04
3,0.0000000000,-2.6253750536,6.4389899120e-04
3,0.0000000000,-2.5953707673,6.4120256079e-04
3,0.0000000000,-2.5653664809,6.3853779647e-04
3,0.0000000000,-2.5353621946,6.3590452892e-04
3,0.0000000000,-2.5053579083,6.3330259604e-04
3,0.0000000000,-2.4753536219,6.3073184298e-04
3,0.0000000000,-2.4453493356,6.2819212216e-04
3,0.0000000000,-2.4153450493,6.2568329327e-04
3,0.0000000000,-2.3853407630,6.2320522330e-04
3,0.0000000000,-2.3553364766,6.2075778656e-04
3,0.0000000000,-2.3253321903,6.1834086472e-04
3,0.0000000000,-2.2953279040,6.1595434686e-04
3,0.0000000000,-2.2653236177,6.1359812946e-04
3,0.0000000000,-2.2353193313,6.1127211653e-04
3,0.0000000000,-2.2053150450,6.0897621958e-04
3,0.0000000000,-2.1753107587,6.0671035774e-04
3,0.0000000000,-2.1453064724,6.0447445781e-04
3,0.0000000000,-2.1153021860,6.0226845430e-04
3,0.0000000000,-2.0852978997,6.0009228956e-04
3,0.0000000000,-2.0552936134,5.9794591383e-04
3,0.0000000000,-2.0252893270,5.9582928532e-04
3,0.0000000000,-1.9952850407,5.9374237036e-04
3,0.0000000000,-1.9652807544,5.9168514343e-04
3,0.0000000000,-1.9352764681,5.8965758734e-04
3,0.0000000000,-1.9052721817,5.8765969332e-04
3,0.0000000000,-1.8752678954,5.8569146113e-04
3,0.0000000000,-1.8452636091,5.8375289922e-04
3,0.0000000000,-1.8152593228,5.8184402486e-04
3,0.0000000000,-1.7852550364,5.7996486431e-04
3,0.0000000000,-1.7552507501,5.7811545295e-04
3,0.0000000000,-1.7252464638,5.7629583548e-04
3,0.0000000000,-1.6952421775,5.7450606605e-04
3,0.0000000000,-1.6652378911,5.7274620853e-04
3,0.0000000000,-1.6352336048,5.7101633663e-04
3,0.0000000000,-1.6052293185,5.6931653413e-04
3,0.0000000000,-1.5752250321,5.6764689515e-04
3,0.0000000000,-1.5452207458,5.6600752430e-04
3,0.0000000000,-1.5152164595,5.6439853699e-04
3,0.0000000000,-1.4852121732,5.6282005967e-04
3,0.0000000000,-1.4552078868,5.6127223006e-04
3,0.0000000000,-1.4252036005,5.5975519750e-04
3,0.0000000000,-1.3951993142,5.5826912318e-04
3,0.0000000000,-1.3651950279,5.5681418052e-04
3,0.0000000000,-1.3351907415,5.5539055543e-04
3,0.0000000000,-1.3051864552,5.5399844671e-04
3,0.0000000000,-1.2751821689,5.5263806637e-04
3,0.0000000000,-1.2451778826,5.5130964003e-04
3,0.0000000000,-1.2151735962,5.5001340731e-04
3,0.0000000000,-1.1851693099,5.4874962226e-04
3,0.0000000000,-1.1551650236,5.4751855378e-04
3,0.0000000000,-1.1251607372,5.4632048607e-04
3,0.0000000000,-1.0951564509,5.4515571914e-04
3,0.0000000000,-1.0651521646,5.4402456930e-04
3,0.0000000000,-1.0351478783,5.4292736966e-04
3,0.0000000000,-1.0051435919,5.4186447076e-04
3,0.0000000000,-0.9751393056,5.4083624106e-04
3,0.0000000000,-0.9451350193,5.3984306761e-04
3,0.0000000000,-0.9151307330,5.3888535668e-04
3,0.0000000000,-0.8851264466,5.3796353443e-04
3,0.0000000000,-0.8551221603,5.3707804760e-04
3,0.0000000000,-0.8251178740,5.3622936428e-04
3,0.0000000000,-0.7951135877,5.3541797465e-04
3,0.0000000000,-0.7651093013,5.3464439185e-04
3,0.0000000000,-0.7351050150,5.3390915278e-04
3,0.0000000000,-0.7051007287,5.3321281903e-04
3,0.0000000000,-0.6750964423,5.3255597785e-04
3,0.0000000000,-0.6450921560,5.3193924308e-04
3,0.0000000000,-0.6150878697,5.3136325628e-04
3,0.0000000000,-0.5850835834,5.3082868775e-04
3,0.0000000000,-0.5550792970,5.3033623773e-04
3,0.0000000000,-0.5250750107,5.2988663763e-04
3,0.0000000000,-0.4950707244,5.2948065126e-04
3,0.0000000000,-0.4650664381,5.2911907623e-04
3,0.0000000000,-0.4350621517,5.2880274534e-04
3,0.0000000000,-0.4050578654,5.2853252808e-04
3,0.0000000000,-0.3750535791,5.2830933221e-04
3,0.0000000000,-0.3450492928,5.2813410540e-04
3,0.0000000000,-0.3150450064,5.2800783702e-04
3,0.0000000000,-0.2850407201,5.2793155994e-04
3,0.0000000000,-0.2550364338,5.2790635251e-04
3,0.0000000000,-0.2250321474,5.2793334060e-04
3,0.0000000000,-0.1950278611,5.2801369975e-04
3,0.0000000000,-0.1650235748,5.2814865751e-04
3,0.0000000000,-0.1350192885,5.2833949580e-04
3,0.0000000000,-0.1050150021,5.2858755352e-04
3,0.0000000000,-0.0750107158,5.2889422922e-04
3,0.0000000000,-0.0450064295,5.2926098397e-04
3,0.0000000000,-0.0150021432,5.2968934439e-04
3,0.0000000000,0.0150021432,5.3018090584e-04
3,0.0000000000,0.0450064295,5.3073733584e-04
3,0.0000000000,0.0750107158,5.3136037766e-04
3,0.0000000000,0.1050150021,5.3205185409e-04
3,0.0000000000,0.1350192885,5.3281367154e-04
3,0.0000000000,0.1650235748,5.3364782432e-04
3,0.0000000000,0.1950278611,5.3455639915e-04
3,0.0000000000,0.2250321474,5.3554158004e-04
3,0.0000000000,0.2550364338,5.3660565342e-04
3,0.0000000000,0.2850407201,5.3775101359e-04
3,0.0000000000,0.3150450064,5.3898016857e-04
3,0.0000000000,0.3450492928,5.4029574624e-04
3,0.0000000000,0.3750535791,5.4170050095e-04
3,0.0000000000,0.4050578654,5.4319732055e-04
3,0.0000000000,0.4350621517,5.4478923384e-04
3,0.0000000000,0.4650664381,5.4647941860e-04
3,0.0000000000,0.4950707244,5.4827121007e-04
3,0.0000000000,0.5250750107,5.5016811005e-04
3,0.0000000000,0.5550792970,5.5217379665e-04
3,0.0000000000,0.5850835834,5.5429213467e-04
3,0.0000000000,0.6150878697,5.5652718669e-04
3,0.0000000000,0.6450921560,5.5888322504e-04
3,0.0000000000,0.6750964423,5.6136474452e-04
3,0.0000000000,0.7051007287,5.6397647605e-04
3,0.0000000000,0.7351050150,5.6672340141e-04
3,0.0000000000,0.7651093013,5.6961076894e-04
3,0.0000000000,0.7951135877,5.7264411047e-04
3,0.0000000000,0.8251178740,5.7582925952e-04
3,0.0000000000,0.8551221603,5.7917237086e-04
3,0.0000000000,0.8851264466,5.8267994161e-04
3,0.0000000000,0.9151307330,5.8635883393e-04
3,0.0000000000,0.9451350193,5.9021629950e-04
3,0.0000000000,0.9751393056,5.9426000597e-04
3,0.0000000000,1.0051435919,5.9849806551e-04
3,0.0000000000,1.0351478783,6.0293906567e-04
3,0.0000000000,1.0651521646,6.0759210276e-04
3,0.0000000000,1.0951564509,6.1246681809e-04
3,0.0000000000,1.1251607372,6.1757343709e-04
3,0.0000000000,1.1551650236,6.2292281191e-04
3,0.0000000000,1.1851693099,6.2852646761e-04
3,0.0000000000,1.2151735962,6.3439665239e-04
3,0.0000000000,1.2451778826,6.4054639223e-04
3,0.0000000000,1.2751821689,6.4698955046e-04
3,0.0000000000,1.3051864552,6.5374089264e-04
3,0.0000000000,1.3351907415,6.6081615744e-04
3,0.0000000000,1.3651950279,6.6823213408e-04
3,0.0000000000,1.3951993142,6.7600674707e-04
3,0.0000000000,1.4252036005,6.8415914898e-04
3,0.0000000000,1.4552078868,6.9270982221e-04
3,0.0000000000,1.4852121732,7.0168069071e-04
3,0.0000000000,1.5152164595,7.1109524278e-04
3,0.0000000000,1.5452207458,7.2097866629e-04
3,0.0000000000,1.5752250321,7.3135799761e-04
3,0.0000000000,1.6052293185,7.4226228609e-04
3,0.0000000000,1.6352336048,7.5372277575e-04
3,0.0000000000,1.6652378911,7.6577310640e-04
3,0.0000000000,1.6952421775,7.7844953658e-04
3,0.0000000000,1.7252464638,7.9179119096e-04
3,0.0000000000,1.7552507501,8.0584033549e-04
3,0.0000000000,1.7852550364,8.2064268371e-04
3,0.0000000000,1.8152593228,8.3624773846e-04
3,0.0000000000,1.8452636091,8.5270917363e-04
3,0.0000000000,1.8752678954,8.7008526150e-04
3,0.0000000000,1.9052721817,8.8843935180e-04
3,0.0000000000,1.9352764681,9.0784041002e-04
3,0.0000000000,1.9652807544,9.2836362315e-04
3,0.0000000000,1.9952850407,9.5009108291e-04
3,0.0000000000,2.0252893270,9.7311255785e-04
3,0.0000000000,2.0552936134,9.9752636775e-04
3,0.0000000000,2.0852978997,1.0234403761e-03
3,0.0000000000,2.1153021860,1.0509731190e-03
3,0.0000000000,2.1453064724,1.0802550926e-03
3,0.0000000000,2.1753107587,1.1114302247e-03
3,0.0000000000,2.2053150450,1.1446575608e-03
3,0.0000000000,2.2353193313,1.1801132016e-03
3,0.0000000000,2.2653236177,1.2179925356e-03
3,0.0000000000,2.2953279040,1.2585128174e-03
3,0.0000000000,2.3253321903,1.3019161566e-03
3,0.0000000000,2.3553364766,1.3484729909e-03
3,0.0000000000,2.3853407630,1.3984861364e-03
3,0.0000000000,2.4153450493,1.4522955257e-03
3,0.0000000000,2.4453493356,1.5102837697e-03
3,0.0000000000,2.4753536219,1.5728827112e-03
3,0.0000000000,2.5053579083,1.6405811736e-03
3,0.0000000000,2.5353621946,1.7139341618e-03
3,0.0000000000,2.5653664809,1.7935738288e-03
3,0.0000000000,2.5953707673,1.8802226062e-03
3,0.0000000000,2.6253750536,1.9747089926e-03
3,0.0000000000,2.6553793399,2.0779866302e-03
3,0.0000000000,2.6853836262,2.1911574640e-03
3,0.0000000000,2.7153879126,2.3155000053e-03
3,0.0000000000,2.7453921989,2.4525040069e-03
3,0.0000000000,2.7753964852,2.6039132474e-03
3,0.0000000000,2.8054007715,2.7717786307e-03
3,0.0000000000,2.8354050579,2.9585244971e-03
3,0.0000000000,2.8654093442,3.1670319707e-03
3,0.0000000000,2.8954136305,3.4007444306e-03
3,0.0000000000,2.9254179168,3.6638019257e-03
3,0.0000000000,2.9554222032,3.9612137413e-03
3,0.0000000000,2.9854264895,4.2990816486e-03
3,0.0000000000,3.0154307758,4.6848910123e-03
3,0.0000000000,3.0454350622,5.1278934679e-03
3,0.0000000000,3.0754393485,5.6396141104e-03
3,0.0000000000,3.1054436348,6.2345292038e-03
3,0.0000000000,3.1354479211,6.9309788652e-03
3,0.0000000000,3.1654522075,7.7524049998e-03
3,0.0000000000,3.1954564938,8.7290401395e-03
3,0.0000000000,3.2254607801,9.9002191617e-03
3,0.0000000000,3.2554650664,1.1317540598e-02
3,0.0000000000,3.2854693528,1.3049152348e-02
3,0.0000000000,3.3154736391,1.5185428014e-02
3,0.0000000000,3.3454779254,1.7846093371e-02
3,0.0000000000,3.3754822117,2.1188089342e-02
3,0.0000000000,3.4054864981,2.5411222993e-02
3,0.0000000000,3.4354907844,3.0752980031e-02
3,0.0000000000,3.4654950707,3.7451150705e-02
3,0.0000000000,3.4954993571,4.5629951586e-02
3,0.0000000000,3.5255036434,5.5044086465e-02
3,0.0000000000,3.5555079297,6.4669294181e-02
3,0.0000000000,3.5855122160,7.2421180272e-02
3,0.0000000000,3.6155165024,7.5731463704e-02
3,0.0000000000,3.6455207887,7.3240414078e-02
3,0.0000000000,3.6755250750,6.5985732515e-02
3,0.0000000000,3.7055293613,5.6479391259e-02
3,0.0000000000,3.7355336477,4.6943974966e-02
3,0.0000000000,3.7655379340,3.8552887482e-02
3,0.0000000000,3.7955422203,3.1637982155e-02
3,0.0000000000,3.8255465066,2.6109109997e-02
3,0.0000000000,3.8555507930,2.1735403036e-02
3,0.0000000000,3.8855550793,1.8275779670e-02
3,0.0000000000,3.9155593656,1.5524117816e-02
3,0.0000000000,3.9455636520,1.3317404076e-02
3,0.0000000000,3.9755679383,1.1530929898e-02
3,0.0000000000,4.0055722246,1.0070484284e-02
3,0.0000000000,4.0355765109,8.8650432016e-03
3,0.0000000000,4.0655807973,7.8608741605e-03
3,0.0000000000,4.0955850836,7.0170610058e-03
3,0.0000000000,4.1255893699,6.3021953210e-03
3,0.0000000000,4.1555936562,5.6919553575e-03
3,0.0000000000,4.1855979426,5.1673376430e-03
3,0.0000000000,4.2156022289,4.7133616147e-03
3,0.0000000000,4.2456065152,4.3181155041e-03
3,0.0000000000,4.2756108015,3.9720486468e-03
3,0.0000000000,4.3056150879,3.6674424799e-03
3,0.0000000000,4.3356193742,3.3980118869e-03
3,0.0000000000,4.3656236605,3.1586023001e-03
3,0.0000000000,4.3956279468,2.9449576829e-03
3,0.0000000000,4.4256322332,2.7535413913e-03
3,0.0000000000,4.4556365195,2.5813967942e-03
3,0.0000000000,4.4856408058,2.4260380234e-03
3,0.0000000000,4.5156450922,2.2853637277e-03
3,0.0000000000,4.5456493785,2.1575885227e-03
3,0.0000000000,4.5756536648,2.0411881493e-03
3,0.0000000000,4.6056579511,1.9348553258e-03
3,0.0000000000,4.6356622375,1.8374639970e-03
3,0.0000000000,4.6656665238,1.7480402184e-03
3,0.0000000000,4.6956708101,1.6657383164e-03
3,0.0000000000,4.7256750964,1.5898212661e-03
3,0.0000000000,4.7556793828,1.5196444621e-03
3,0.0000000000,4.7856836691,1.4546422313e-03
3,0.0000000000,4.8156879554,1.3943165753e-03
3,0.0000000000,4.8456922417,1.3382277311e-03
3,0.0000000000,4.8756965281,1.2859862259e-03
3,0.0000000000,4.9057008144,1.2372461625e-03
3,0.0000000000,4.9357051007,1.1916995221e-03
3,0.0000000000,4.9657093871,1.1490713148e-03
3,0.0000000000,4.9957136734,1.1091154355e-03
3,0.0000000000,5.0257179597,1.0716111120e-03
3,0.0000000000,5.0557222460,1.0363598503e-03
3,0.0000000000,5.0857265324,1.0031827999e-03
3,0.0000000000,5.1157308187,9.7191847375e-04
3,0.0000000000,5.1457351050,9.4242077056e-04
3,0.0000000000,5.1757393913,9.1455725403e-04
3,0.0000000000,5.2057436777,8.8820765175e-04
3,0.0000000000,5.2357479640,8.6326254249e-04
3,0.0000000000,5.2657522503,8.3962220537e-04
3,0.0000000000,5.2957565366,8.1719560858e-04
3,0.0000000000,5.3257608230,7.9589951864e-04
3,0.0000000000,5.3557651093,7.7565771417e-04
3,0.0000000000,5.3857693956,7.5640029034e-04
3,0.0000000000,5.4157736820,7.3806304234e-04
3,0.0000000000,5.4457779683,7.2058691778e-04
3,0.0000000000,5.4757822546,7.0391752935e-04
3,0.0000000000,5.5057865409,6.8800472029e-04
3,0.0000000000,5.5357908273,6.7280217632e-04
3,0.0000000000,5.5657951136,6.5826707830e-04
3,0.0000000000,5.5957993999,6.4435979102e-04
3,0.0000000000,5.6258036862,6.3104358369e-04
3,0.0000000000,5.6558079726,6.1828437863e-04
3,0.0000000000,5.6858122589,6.0605052496e-04
3,0.0000000000,5.7158165452,5.9431259438e-04
3,0.0000000000,5.7458208315,5.8304319675e-04
3,0.0000000000,5.7758251179,5.7221681324e-04
3,0.0000000000,5.8058294042,5.6180964518e-04
3,0.0000000000,5.8358336905,5.5179947691e-04
3,0.0000000000,5.8658379769,5.4216555123e-04
3,0.0000000000,5.8958422632,5.3288845615e-04
3,0.0000000000,5.9258465495,5.2395002168e-04
3,0.0000000000,5.9558508358,5.1533322579e-04
3,0.0000000000,5.9858551222,5.0702210854e-04
3,0.0000000000,6.0158594085,4.9900169362e-04
3,0.0000000000,6.0458636948,4.9125791653e-04
3,0.0000000000,6.0758679811,4.8377755884e-04
3,0.0000000000,6.1058722675,4.7654818786e-04
3,0.0000000000,6.1358765538,4.6955810131e-04
3,0.0000000000,6.1658808401,4.6279627645e-04
3,0.0000000000,6.1958851264,4.5625232331e-04
3,0.0000000000,6.2258894128,4.4991644162e-04
3,0.0000000000,6.2558936991,4.4377938111e-04
3,0.0000000000,6.2858979854,4.3783240491e-04
3,0.0000000000,6.3159022718,4.3206725575e-04
3,0.0000000000,6.3459065581,4.2647612472e-04
3,0.0000000000,6.3759108444,4.2105162240e-04
3,0.0000000000,6.4059151307,4.1578675210e-04
3,0.0000000000,6.4359194171,4.1067488509e-04
3,0.0000000000,6.4659237034,4.0570973765e-04
3,0.0000000000,6.4959279897,4.0088534971e-04
3,0.0000000000,6.5259322760,3.9619606512e-04
3,0.0000000000,6.5559365624,3.9163651320e-04
3,0.0000000000,6.5859408487,3.8720159164e-04
3,0.0000000000,6.6159451350,3.8288645061e-04
3,0.0000000000,6.6459494213,3.7868647785e-04
3,0.0000000000,6.6759537077,3.7459728495e-04
3,0.0000000000,6.7059579940,3.7061469434e-04
3,0.0000000000,6.7359622803,3.6673472734e-04
3,0.0000000000,6.7659665667,3.6295359286e-04
3,0.0000000000,6.7959708530,3.5926767693e-04
3,0.0000000000,6.8259751393,3.5567353284e-04
3,0.0000000000,6.8559794256,3.5216787198e-04
3,0.0000000000,6.8859837120,3.4874755519e-04
3,0.0000000000,6.9159879983,3.4540958472e-04
3,0.0000000000,6.9459922846,3.4215109665e-04
3,0.0000000000,6.9759965709,3.3896935380e-04
3,0.0000000000,7.0060008573,3.3586173907e-04
3,0.0000000000,7.0360051436,3.3282574918e-04
3,0.0000000000,7.0660094299,3.2985898883e-04
3,0.0000000000,7.0960137162,3.2695916510e-04
3,0.0000000000,7.1260180026,3.2412408232e-04
3,0.0000000000,7.1560222889,3.2135163716e-04
3,0.0000000000,7.1860265752,3.1863981402e-04
3,0.0000000000,7.2160308616,3.1598668067e-04
3,0.0000000000,7.2460351479,3.1339038422e-04
3,0.0000000000,7.2760394342,3.1084914721e-04
3,0.0000000000,7.3060437205,3.0836126397e-04
3,0.0000000000,7.3360480069,3.0592509724e-04
3,0.0000000000,7.3660522932,3.0353907486e-04
3,0.0000000000,7.3960565795,3.0120168677e-04
3,0.0000000000,7.4260608658,2.9891148207e-04
3,0.0000000000,7.4560651522,2.9666706628e-04
3,0.0000000000,7.4860694385,2.9446709879e-04
3,0.0000000000,7.5160737248,2.9231029038e-04
3,0.0000000000,7.5460780111,2.9019540089e-04
3,0.0000000000,7.5760822975,2.8812123704e-04
3,0.0000000000,7.6060865838,2.8608665037e-04
3,0.0000000000,7.6360908701,2.8409053521e-04
3,0.0000000000,7.6660951565,2.8213182685e-04
3,0.0000000000,7.6960994428,2.8020949976e-04
3,0.0000000000,7.7261037291,2.7832256589e-04
3,0.0000000000,7.7561080154,2.7647007308e-04
3,0.0000000000,7.7861123018,2.7465110357e-04
3,0.0000000000,7.8161165881,2.7286477249e-04
3,0.0000000000,7.8461208744,2.7111022656e-04
3,0.0000000000,7.8761251607,2.6938664275e-04
3,0.0000000000,7.9061294471,2.6769322706e-04
3,0.0000000000,7.9361337334,2.6602921331e-04
3,0.0000000000,7.9661380197,2.6439386206e-04
3,0.0000000000,7.9961423060,2.6278645954e-04
3,0.0000000000,8.0261465924,2.6120631661e-04
3,0.0000000000,8.0561508787,2.5965276782e-04
3,0.0000000000,8.0861551650,2.5812517046e-04
3,0.0000000000,8.1161594514,2.5662290373e-04
3,0.0000000000,8.1461637377,2.5514536787e-04
3,0.0000000000,8.1761680240,2.5369198338e-04
3,0.0000000000,8.2061723103,2.5226219027e-04
3,0.0000000000,8.2361765967,2.5085544730e-04
3,0.0000000000,8.2661808830,2.4947123136e-04
3,0.0000000000,8.2961851693,2.4810903676e-04
3,0.0000000000,8.3261894556,2.4676837462e-04
3,0.0000000000,8.3561937420,2.4544877230e-04
3,0.0000000000,8.3861980283,2.4414977277e-04
3,0.0000000000,8.4162023146,2.4287093416e-04
3,0.0000000000,8.4462066009,2.4161182916e-04
3,0.0000000000,8.4762108873,2.4037204458e-04
3,0.0000000000,8.5062151736,2.3915118086e-04
3,0.0000000000,8.5362194599,2.3794885164e-04
3,0.0000000000,8.5662237462,2.3676468331e-04
3,0.0000000000,8.5962280326,2.3559831463e-04
3,0.0000000000,8.6262323189,2.3444939635e-04
3,0.0000000000,8.6562366052,2.3331759082e-04
3,0.0000000000,8.6862408916,2.3220257165e-04
3,0.0000000000,8.7162451779,2.3110402339e-04
3,0.0000000000,8.7462494642,2.3002164121e-04
3,0.0000000000,8.7762537505,2.2895513060e-04
3,0.0000000000,8.8062580369,2.2790420710e-04
3,0.0000000000,8.8362623232,2.2686859601e-04
3,0.0000000000,8.8662666095,2.2584803217e-04
3,0.0000000000,8.8962708958,2.2484225969e-04
3,0.0000000000,8.9262751822,2.2385103175e-04
3,0.0000000000,8.9562794685,2.2287411039e-04
3,0.0000000000,8.9862837548,2.2191126629e-04
3,0.0000000000,9.0162880411,2.2096227861e-04
3,0.0000000000,9.0462923275,2.2002693482e-04
3,0.0000000000,9.0762966138,2.1910503053e-04
3,0.0000000000,9.1063009001,2.1819636935e-04
3,0.0000000000,9.1363051865,2.1730076276e-04
3,0.0000000000,9.1663094728,2.1641802998e-04
3,0.0000000000,9.1963137591,2.1554799788e-04
3,0.0000000000,9.2263180454,2.1469050087e-04
3,0.0000000000,9.2563223318,2.1384538083e-04
3,0.0000000000,9.2863266181,2.1301248703e-04
3,0.0000000000,9.3163309044,2.1219167606e-04
3,0.0000000000,9.3463351907,2.1138281183e-04
3,0.0000000000,9.3763394771,2.1058576549e-04
3,0.0000000000,9.4063437634,2.0980041544e-04
3,0.0000000000,9.4363480497,2.0902664733e-04
3,0.0000000000,9.4663523360,2.0826435404e-04
3,0.0000000000,9.4963566224,2.0751343574e-04
3,0.0000000000,9.5263609087,2.0677379994e-04
3,0.0000000000,9.5563651950,2.0604536148e-04
3,0.0000000000,9.5863694814,2.0532804270e-04
3,0.0000000000,9.6163737677,2.0462177346e-04
3,0.0000000000,9.6463780540,2.0392649126e-04
3,0.0000000000,9.6763823403,2.0324214143e-04
3,0.0000000000,9.7063866267,2.0256867719e-04
3,0.0000000000,9.7363909130,2.0190605989e-04
3,0.0000000000,9.7663951993,2.0125425920e-04
3,0.0000000000,9.7963994856,2.0061325330e-04
3,0.0000000000,9.8264037720,1.9998302914e-04
3,0.0000000000,9.8564080583,1.9936358276e-04
3,0.0000000000,9.8864123446,1.9875491952e-04
3,0.0000000000,9.9164166309,1.9815705452e-04
3,0.0000000000,9.9464209173,1.9757001292e-04
3,0.0000000000,9.9764252036,1.9699383038e-04
3,0.0000000000,10.0064294899,1.9642855354e-04
3,0.0000000000,10.0364337763,1.9587424046e-04
3,0.0000000000,10.0664380626,1.9533096126e-04
3,0.0000000000,10.0964423489,1.9479879863e-04
3,0.0000000000,10.1264466352,1.9427784858e-04
3,0.0000000000,10.1564509216,1.9376822114e-04
3,0.0000000000,10.1864552079,1.9327004112e-04
3,0.0000000000,10.2164594942,1.9278344907e-04
3,0.0000000000,10.2464637805,1.9230860216e-04
3,0.0000000000,10.2764680669,1.9184567528e-04
3,0.0000000000,10.3064723532,1.9139486219e-04
3,0.0000000000,10.3364766395,1.9095637679e-04
3,0.0000000000,10.3664809258,1.9053045451e-04
3,0.0000000000,10.3964852122,1.9011735384e-04
3,0.0000000000,10.4264894985,1.8971735801e-04
3,0.0000000000,10.4564937848,1.8933077688e-04
3,0.0000000000,10.4864980712,1.8895794892e-04
3,0.0000000000,10.5165023575,1.8859924351e-04
3,0.0000000000,10.5465066438,1.8825506343e-04
3,0.0000000000,10.5765109301,1.8792584755e-04
3,0.0000000000,10.6065152165,1.8761207393e-04
3,0.0000000000,10.6365195028,1.8731426313e-04
3,0.0000000000,10.6665237891,1.8703298198e-04
3,0.0000000000,10.6965280754,1.8676884770e-04
3,0.0000000000,10.7265323618,1.8652253249e-04
3,0.0000000000,10.7565366481,1.8629476868e-04
3,0.0000000000,10.7865409344,1.8608635445e-04
3,0.0000000000,10.8165452207,1.8589816018e-04
3,0.0000000000,10.8465495071,1.8573113562e-04
3,0.0000000000,10.8765537934,1.8558631790e-04
3,0.0000000000,10.9065580797,1.8546484049e-04
3,0.0000000000,10.9365623661,1.8536794335e-04
3,0.0000000000,10.9665666524,1.8529698429e-04
3,0.0000000000,10.9965709387,1.8525345187e-04
3,0.0000000000,11.0265752250,1.8523897992e-04
3,0.0000000000,11.0565795114,1.8525536408e-04
3,0.0000000000,11.0865837977,1.8530458057e-04
3,0.0000000000,11.1165880840,1.8538880755e-04
3,0.0000000000,11.1465923703,1.8551044954e-04
3,0.0000000000,11.1765966567,1.8567216534e-04
3,0.0000000000,11.2066009430,1.8587690014e-04
3,0.0000000000,11.2366052293,1.8612792239e-04
3,0.0000000000,11.2666095156,1.8642886643e-04
3,0.0000000000,11.2966138020,1.8678378173e-04
3,0.0000000000,11.3266180883,1.8719719013e-04
3,0.0000000000,11.3566223746,1.8767415253e-04
3,0.0000000000,11.3866266610,1.8822034665e-04
3,0.0000000000,11.4166309473,1.8884215839e-04
3,0.0000000000,11.4466352336,1.8954678918e-04
3,0.0000000000,11.4766395199,1.9034238283e-04
3,0.0000000000,11.5066438063,1.9123817586e-04
3,0.0000000000,11.5366480926,1.9224467656e-04
3,0.0000000000,11.5666523789,1.9337387890e-04
3,0.0000000000,11.5966566652,1.9463951956e-04
3,0.0000000000,11.6266609516,1.9605738792e-04
3,0.0000000000,11.6566652379,1.9764570190e-04
3,0.0000000000,11.6866695242,1.9942556597e-04
3,0.0000000000,11.7166738105,2.0142153235e-04
3,0.0000000000,11.7466780969,2.0366229233e-04
3,0.0000000000,11.7766823832,2.0618153324e-04
3,0.0000000000,11.8066866695,2.0901900713e-04
3,0.0000000000,11.8366909559,2.1222187229e-04
3,0.0000000000,11.8666952422,2.1584638874e-04
3,0.0000000000,11.8966995285,2.1996007645e-04
3,0.0000000000,11.9267038148,2.2464448293e-04
3,0.0000000000,11.9567081012,2.2999875996e-04
3,0.0000000000,11.9867123875,2.3614432262e-04
3,0.0000000000,12.0167166738,2.4323096793e-04
3,0.0000000000,12.0467209601,2.5144497609e-04
3,0.0000000000,12.0767252465,2.6101992342e-04
3,0.0000000000,12.1067295328,2.7225122396e-04
3,0.0000000000,12.1367338191,2.8551581427e-04
3,0.0000000000,12.1667381054,3.0129892510e-04
3,0.0000000000,12.1967423918,3.2023053771e-04
3,0.0000000000,12.2267466781,3.4313478828e-04
3,0.0000000000,12.2567509644,3.7109584627e-04
3,0.0000000000,12.2867552508,4.0554243351e-04
3,0.0000000000,12.3167595371,4.4834696565e-04
3,0.0000000000,12.3467638234,5.0191650489e-04
3,0.0000000000,12.3767681097,5.6920442234e-04
3,0.0000000000,12.4067723961,6.5346490306e-04
3,0.0000000000,12.4367766824,7.5738926020e-04
3,0.0000000000,12.4667809687,8.8113047757e-04
3,0.0000000000,12.4967852550,1.0192423481e-03
3,0.0000000000,12.5267895414,1.1586328938e-03
3,0.0000000000,12.5567938277,1.2813202700e-03
3,0.0000000000,12.5867981140,1.3703109933e-03
3,0.0000000000,12.6168024003,1.4100526427e-03
3,0.0000000000,12.6468066867,1.3856599281e-03
3,0.0000000000,12.6768109730,1.2942980764e-03
3,0.0000000000,12.7068152593,1.1556555153e-03
3,0.0000000000,12.7368195456,1.0012654002e-03
3,0.0000000000,12.7668238320,8.5605319382e-04
3,0.0000000000,12.7968281183,7.3171897088e-04
3,0.0000000000,12.8268324046,6.3029443256e-04
3,0.0000000000,12.8568366910,5.4931074145e-04
3,0.0000000000,12.8868409773,4.8503635808e-04
3,0.0000000000,12.9168452636,4.3390204071e-04
3,0.0000000000,12.9468495499,3.9294666825e-04
3,0.0000000000,12.9768538363,3.5985443139e-04
3,0.0000000000,13.0068581226,3.3285869537e-04
3,0.0000000000,13.0368624089,3.1062301528e-04
3,0.0000000000,13.0668666952,2.9213619240e-04
3,0.0000000000,13.0968709816,2.7662947437e-04
3,0.0000000000,13.1268752679,2.6351422781e-04
3,0.0000000000,13.1568795542,2.5233596020e-04
3,0.0000000000,13.1868838405,2.4274064058e-04
3,0.0000000000,13.2168881269,2.3445002879e-04
3,0.0000000000,13.2468924132,2.2724353269e-04
3,0.0000000000,13.2768966995,2.2094478377e-04
3,0.0000000000,13.3069009859,2.1541163092e-04
3,0.0000000000,13.3369052722,2.1052862267e-04
3,0.0000000000,13.3669095585,2.0620131256e-04
3,0.0000000000,13.3969138448,2.0235191017e-04
3,0.0000000000,13.4269181312,1.9891593302e-04
3,0.0000000000,13.4569224175,1.9583960870e-04
3,0.0000000000,13.4869267038,1.9307784392e-04
3,0.0000000000,13.5169309901,1.9059262516e-04
3,0.0000000000,13.5469352765,1.8835175050e-04
3,0.0000000000,13.5769395628,1.8632781735e-04
3,0.0000000000,13.6069438491,1.8449740933e-04
3,0.0000000000,13.6369481354,1.8284043922e-04
3,0.0000000000,13.6669524218,1.8133961501e-04
3,0.0000000000,13.6969567081,1.7998000367e-04
3,0.0000000000,13.7269609944,1.7874867285e-04
3,0.0000000000,13.7569652808,1.7763439532e-04
3,0.0000000000,13.7869695671,1.7662740396e-04
3,0.0000000000,13.8169738534,1.7571918785e-04
3,0.0000000000,13.8469781397,1.7490232196e-04
3,0.0000000000,13.8769824261,1.7417032423e-04
3,0.0000000000,13.9069867124,1.7351753552e-04
3,0.0000000000,13.9369909987,1.7293901825e-04
3,0.0000000000,13.9669952850,1.7243047073e-04
3,0.0000000000,13.9969995714,1.7198815463e-04
3,0.0000000000,14.0270038577,1.7160883348e-04
3,0.0000000000,14.0570081440,1.7128972046e-04
3,0.0000000000,14.0870124303,1.7102843419e-04
3,0.0000000000,14.1170167167,1.7082296124e-04
3,0.0000000000,14.1470210030,1.7067162454e-04
3,0.0000000000,14.1770252893,1.7057305681e-04
3,0.0000000000,14.2070295757,1.7052617845e-04
3,0.0000000000,14.2370338620,1.7053017933e-04
3,0.0000000000,14.2670381483,1.7058450406e-04
3,0.0000000000,14.2970424346,1.7068884033e-04
3,0.0000000000,14.3270467210,1.7084311024e-04
3,0.0000000000,14.3570510073,1.7104746409e-04
3,0.0000000000,14.3870552936,1.7130227682e-04
3,0.0000000000,14.4170595799,1.7160814669e-04
3,0.0000000000,14.4470638663,1.7196589631e-04
3,0.0000000000,14.4770681526,1.7237657592e-04
3,0.0000000000,14.5070724389,1.7284146899e-04
3,0.0000000000,14.5370767252,1.7336210005e-04
3,0.0000000000,14.5670810116,1.7394024508e-04
3,0.0000000000,14.5970852979,1.7457794433e-04
3,0.0000000000,14.6270895842,1.7527751796e-04
3,0.0000000000,14.6570938706,1.7604158457e-04
3,0.0000000000,14.6870981569,1.7687308306e-04
3,0.0000000000,14.7171024432,1.7777529799e-04
3,0.0000000000,14.7471067295,1.7875188895e-04
3,0.0000000000,14.7771110159,1.7980692446e-04
3,0.0000000000,14.8071153022,1.8094492085e-04
3,0.0000000000,14.8371195885,1.8217088700e-04
3,0.0000000000,14.8671238748,1.8349037551e-04
3,0.0000000000,14.8971281612,1.8490954155e-04
3,0.0000000000,14.9271324475,1.8643521031e-04
3,0.0000000000,14.9571367338,1.8807495449e-04
3,0.0000000000,14.9871410201,1.8983718355e-04
3,0.0000000000,15.0171453065,1.9173124646e-04
3,0.0000000000,15.0471495928,1.9376755042e-04
3,0.0000000000,15.0771538791,1.9595769831e-04
3,0.0000000000,15.1071581655,1.9831464809e-04
3,0.0000000000,15.1371624518,2.0085289835e-04
3,0.0000000000,15.1671667381,2.0358870475e-04
3,0.0000000000,15.1971710244,2.0654033336e-04
3,0.0000000000,15.2271753108,2.0972835818e-04
3,0.0000000000,15.2571795971,2.1317601161e-04
3,0.0000000000,15.2871838834,2.1690959899e-04
3,0.0000000000,15.3171881697,2.2095899063e-04
3,0.0000000000,15.3471924561,2.2535820819e-04
3,0.0000000000,15.3771967424,2.3014612656e-04
3,0.0000000000,15.4072010287,2.3536731745e-04
3,0.0000000000,15.4372053150,2.4107306832e-04
3,0.0000000000,15.4672096014,2.4732261874e-04
3,0.0000000000,15.4972138877,2.5418466845e-04
3,0.0000000000,15.5272181740,2.6173922660e-04
3,0.0000000000,15.5572224604,2.7007989192e-04
3,0.0000000000,15.5872267467,2.7931668101e-04
3,0.0000000000,15.6172310330,2.8957955782e-04
3,0.0000000000,15.6472353193,3.0102286690e-04
3,0.0000000000,15.6772396057,3.1383093911e-04
3,0.0000000000,15.7072438920,3.2822523018e-04
3,0.0000000000,15.7372481783,3.4447347803e-04
3,0.0000000000,15.7672524646,3.6290153958e-04
3,0.0000000000,15.7972567510,3.8390881218e-04
3,0.0000000000,15.8272610373,4.0798848788e-04
3,0.0000000000,15.8572653236,4.3575437416e-04
3,0.0000000000,15.8872696099,4.6797670058e-04
3,0.0000000000,15.9172738963,5.0563030076e-04
3,0.0000000000,15.9472781826,5.4995991751e-04
3,0.0000000000,15.9772824689,6.0256924726e-04
3,0.0000000000,16.0072867553,6.6554280165e-04
3,0.0000000000,16.0372910416,7.4161262087e-04
3,0.0000000000,16.0672953279,8.3438461618e-04
3,0.0000000000,16.0972996142,9.4863942659e-04
3,0.0000000000,16.1273039006,1.0907132186e-03
3,0.0000000000,16.1573081869,1.2689266686e-03
3,0.0000000000,16.1873124732,1.4939209175e-03
3,0.0000000000,16.2173167595,1.7784777477e-03
3,0.0000000000,16.2473210459,2.1357604235e-03
3,0.0000000000,16.2773253322,2.5737161702e-03
3,0.0000000000,16.3073296185,3.0821105374e-03
3,0.0000000000,16.3373339048,3.6107986054e-03
3,0.0000000000,16.3673381912,4.0520517947e-03
3,0.0000000000,16.3973424775,4.2649531163e-03
3,0.0000000000,16.4273467638,4.1634741030e-03
3,0.0000000000,16.4573510502,3.7904896153e-03
3,0.0000000000,16.4873553365,3.2792769115e-03
3,0.0000000000,16.5173596228,2.7560397470e-03
3,0.0000000000,16.5473639091,2.2909561417e-03
3,0.0000000000,16.5773681955,1.9059221079e-03
3,0.0000000000,16.6073724818,1.5975939141e-03
3,0.0000000000,16.6373767681,1.3537518519e-03
3,0.0000000000,16.6673810544,1.1611365491e-03
3,0.0000000000,16.6973853408,1.0082604907e-03
3,0.0000000000,16.7273896271,8.8598813437e-04
3,0.0000000000,16.7573939134,7.8731477713e-04
3,0.0000000000,16.7873981997,7.0694541178e-04
3,0.0000000000,16.8174024861,6.4088929283e-04
3,0.0000000000,16.8474067724,5.8612966546e-04
3,0.0000000000,16.8774110587,5.4037197246e-04
3,0.0000000000,16.9074153450,5.0185737432e-04
3,0.0000000000,16.9374196314,4.6922624265e-04
3,0.0000000000,16.9674239177,4.4141850615e-04
3,0.0000000000,16.9974282040,4.1760074678e-04
3,0.0000000000,17.0274324904,3.9711261935e-04
3,0.0000000000,17.0574367767,3.7942725062e-04
3,0.0000000000,17.0874410630,3.6412181117e-04
3,0.0000000000,17.1174453493,3.5085555877e-04
3,0.0000000000,17.1474496357,3.3935344063e-04
3,0.0000000000,17.1774539220,3.2939389890e-04
3,0.0000000000,17.2074582083,3.2079990643e-04
3,0.0000000000,17.2374624946,3.1343248423e-04
3,0.0000000000,17.2674667810,3.0718597075e-04
3,0.0000000000,17.2974710673,3.0198395761e-04
3,0.0000000000,17.3274753536,2.9777367824e-04
3,0.0000000000,17.3574796399,2.9451405579e-04
3,0.0000000000,17.3874839263,2.9214826791e-04
3,0.0000000000,17.4174882126,2.9054926757e-04
3,0.0000000000,17.4474924989,2.8944339285e-04
3,0.0000000000,17.4774967853,2.8838154522e-04
3,0.0000000000,17.5075010716,2.8689240369e-04
3,0.0000000000,17.5375053579,2.8479766195e-04
3,0.0000000000,17.5675096442,2.8234394526e-04
3,0.0000000000,17.5975139306,2.7996722995e-04
3,0.0000000000,17.6275182169,2.7800342700e-04
3,0.0000000000,17.6575225032,2.7660446372e-04
3,0.0000000000,17.6875267895,2.7579402211e-04
3,0.0000000000,17.7175310759,2.7553825561e-04
3,0.0000000000,17.7475353622,2.7578830189e-04
3,0.0000000000,17.7775396485,2.7649867284e-04
3,0.0000000000,17.8075439348,2.7763301697e-04
3,0.0000000000,17.8375482212,2.7916468448e-04
3,0.0000000000,17.8675525075,2.8107560690e-04
3,0.0000000000,17.8975567938,2.8335489126e-04
3,0.0000000000,17.9275610802,2.8599759801e-04
3,0.0000000000,17.9575653665,2.8900381009e-04
3,0.0000000000,17.9875696528,2.9237797740e-04
3,0.0000000000,18.0175739391,2.9612849030e-04
3,0.0000000000,18.0475782255,3.0026743643e-04
3,0.0000000000,18.0775825118,3.0481050502e-04
3,0.0000000000,18.1075867981,3.0977701361e-04
3,0.0000000000,18.1375910844,3.1519004160e-04
3,0.0000000000,18.1675953708,3.2107666220e-04
3,0.0000000000,18.1975996571,3.2746827124e-04
3,0.0000000000,18.2276039434,3.3440101604e-04
3,0.0000000000,18.2576082297,3.4191633300e-04
3,0.0000000000,18.2876125161,3.5006160712e-04
3,0.0000000000,18.3176168024,3.5889097208e-04
3,0.0000000000,18.3476210887,3.6846627551e-04
3,0.0000000000,18.3776253751,3.7885824115e-04
3,0.0000000000,18.4076296614,3.9014786824e-04
3,0.0000000000,18.4376339477,4.0242811962e-04
3,0.0000000000,18.4676382340,4.1580596369e-04
3,0.0000000000,18.4976425204,4.3040485322e-04
3,0.0000000000,18.5276468067,4.4636774701e-04
3,0.0000000000,18.5576510930,4.6386081088e-04
3,0.0000000000,18.5876553793,4.8307797364e-04
3,0.0000000000,18.6176596657,5.0424656673e-04
3,0.0000000000,18.6476639520,5.2763434656e-04
3,0.0000000000,18.6776682383,5.5355829287e-04
3,0.0000000000,18.7076725246,5.8239570531e-04
3,0.0000000000,18.7376768110,6.1459829505e-04
3,0.0000000000,18.7676810973,6.5071020981e-04
3,0.0000000000,18.7976853836,6.9139126421e-04
3,0.0000000000,18.8276896700,7.3744711329e-04
3,0.0000000000,18.8576939563,7.8986876057e-04
3,0.0000000000,18.8876982426,8.4988471359e-04
3,0.0000000000,18.9177025289,9.1903040346e-04
3,0.0000000000,18.9477068153,9.9924132880e-04
3,0.0000000000,18.9777111016,1.0929789774e-03
3,0.0000000000,19.0077153879,1.2034021736e-03
3,0.0000000000,19.0377196742,1.3346013221e-03
3,0.0000000000,19.0677239606,1.4919190523e-03
3,0.0000000000,19.0977282469,1.6823871003e-03
3,0.0000000000,19.1277325332,1.9153123884e-03
3,0.0000000000,19.1577368195,2.2030346792e-03
3,0.0000000000,19.1877411059,2.5618256703e-03
3,0.0000000000,19.2177453922,3.0127341807e-03
3,0.0000000000,19.2477496785,3.5817397689e-03
3,0.0000000000,19.2777539649,4.2975244009e-03
3,0.0000000000,19.3077582512,5.1830362334e-03
3,0.0000000000,19.3377625375,6.2340081159e-03
3,0.0000000000,19.3677668238,7.3781528274e-03
3,0.0000000000,19.3977711102,8.4280960460e-03
3,0.0000000000,19.4277753965,9.0923693428e-03
3,0.0000000000,19.4577796828,9.1234226813e-03
3,0.0000000000,19.4877839691,8.5163854816e-03
3,0.0000000000,19.5177882555,7.5137511229e-03
3,0.0000000000,19.5477925418,6.4091523294e-03
3,0.0000000000,19.5777968281,5.3939343554e-03
3,0.0000000000,19.6078011144,4.5417121577e-03
3,0.0000000000,19.6378054008,3.8550943444e-03
3,0.0000000000,19.6678096871,3.3090903545e-03
3,0.0000000000,19.6978139734,2.8755172023e-03
3,0.0000000000,19.7278182598,2.5315501934e-03
3,0.0000000000,19.7578225461,2.2596712778e-03
3,0.0000000000,19.7878268324,2.0458834789e-03
3,0.0000000000,19.8178311187,1.8788177195e-03
3,0.0000000000,19.8478354051,1.7494117648e-03
3,0.0000000000,19.8778396914,1.6506317092e-03
3,0.0000000000,19.9078439777,1.5771357321e-03
3,0.0000000000,19.9378482640,1.5249382218e-03
3,0.0000000000,19.9678525504,1.4911221617e-03
3,0.0000000000,19.9978568367,1.4736145161e-03
3,0.0000000000,20.0278611230,1.4710209868e-03
3,0.0000000000,20.0578654093,1.4825107183e-03
3,0.0000000000,20.0878696957,1.5077416548e-03
3,0.0000000000,20.1178739820,1.5468194503e-03
3,0.0000000000,20.1478782683,1.6002854620e-03
3,0.0000000000,20.1778825547,1.6691319359e-03
3,0.0000000000,20.2078868410,1.7548450053e-03
3,0.0000000000,20.2378911273,1.8594787431e-03
3,0.0000000000,20.2678954136,1.9857665106e-03
3,0.0000000000,20.2978997000,2.1372795860e-03
3,0.0000000000,20.3279039863,2.3186479737e-03
3,0.0000000000,20.3579082726,2.5358649767e-03
3,0.0000000000,20.3879125589,2.7967062379e-03
3,0.0000000000,20.4179168453,3.1113062357e-03
3,0.0000000000,20.4479211316,3.4929509188e-03
3,0.0000000000,20.4779254179,3.9591628767e-03
3,0.0000000000,20.5079297042,4.5331685055e-03
3,0.0000000000,20.5379339906,5.2458241695e-03
3,0.0000000000,20.5679382769,6.1379827163e-03
3,0.0000000000,20.5979425632,7.2629553289e-03
3,0.0000000000,20.6279468495,8.6878146612e-03
3,0.0000000000,20.6579511359,1.0490041282e-02
3,0.0000000000,20.6879554222,1.2741187246e-02
3,0.0000000000,20.7179597085,1.5461276090e-02
3,0.0000000000,20.7479639949,1.8523458272e-02
3,0.0000000000,20.7779682812,2.1519437950e-02
3,0.0000000000,20.8079725675,2.3713382110e-02
3,0.0000000000,20.8379768538,2.4326171129e-02
3,0.0000000000,20.8679811402,2.3104666716e-02
3,0.0000000000,20.8979854265,2.0549424903e-02
3,0.0000000000,20.9279897128,1.7484345909e-02
3,0.0000000000,20.9579939991,1.4541195503e-02
3,0.0000000000,20.9879982855,1.2015640725e-02
3,0.0000000000,21.0180025718,9.9701182560e-03
3,0.0000000000,21.0480068581,8.3610241352e-03
3,0.0000000000,21.0780111444,7.1147241807e-03
3,0.0000000000,21.1080154308,6.1601985959e-03
3,0.0000000000,21.1380197171,5.4385389288e-03
3,0.0000000000,21.1680240034,4.9017396710e-03
3,0.0000000000,21.1980282898,4.5061062723e-03
3,0.0000000000,21.2280325761,4.2035765844e-03
3,0.0000000000,21.2580368624,3.9383992815e-03
3,0.0000000000,21.2880411487,3.6603387589e-03
3,0.0000000000,21.3180454351,3.3495081900e-03
3,0.0000000000,21.3480497214,3.0225389502e-03
3,0.0000000000,21.3780540077,2.7095689498e-03
3,0.0000000000,21.4080582940,2.4304451939e-03
3,0.0000000000,21.4380625804,2.1888276936e-03
3,0.0000000000,21.4680668667,1.9782358121e-03
3,0.0000000000,21.4980711530,1.7907863848e-03
3,0.0000000000,21.5280754393,1.6225828523e-03
3,0.0000000000,21.5580797257,1.4731749437e-03
3,0.0000000000,21.5880840120,1.3424791568e-03
3,0.0000000000,21.6180882983,1.2292765836e-03
3,0.0000000000,21.6480925847,1.1314672492e-03
3,0.0000000000,21.6780968710,1.0467227773e-03
3,0.0000000000,21.7081011573,9.7289508023e-04
3,0.0000000000,21.7381054436,9.0816285100e-04
3,0.0000000000,21.7681097300,8.5103873675e-04
3,0.0000000000,21.7981140163,8.0032503942e-04
3,0.0000000000,21.8281183026,7.5505949180e-04
3,0.0000000000,21.8581225889,7.1446643257e-04
3,0.0000000000,21.8881268753,6.7791723877e-04
3,0.0000000000,21.9181311616,6.4489968039e-04
3,0.0000000000,21.9481354479,6.1499469550e-04
3,0.0000000000,21.9781397342,5.8785902843e-04
3,0.0000000000,22.0081440206,5.6321245485e-04
3,0.0000000000,22.0381483069,5.4082865855e-04
3,0.0000000000,22.0681525932,5.2052913845e-04
3,0.0000000000,22.0981568796,5.0217979949e-04
3,0.0000000000,22.1281611659,4.8569012578e-04
3,0.0000000000,22.1581654522,4.7101505665e-04
3,0.0000000000,22.1881697385,4.5815987139e-04
3,0.0000000000,22.2181740249,4.4718845866e-04
3,0.0000000000,22.2481783112,4.3823505954e-04
3,0.0000000000,22.2781825975,4.3151828098e-04
3,0.0000000000,22.3081868838,4.2735227904e-04
3,0.0000000000,22.3381911702,4.2613990187e-04
3,0.0000000000,22.3681954565,4.2830943430e-04
3,0.0000000000,22.3981997428,4.3411296309e-04
3,0.0000000000,22.4282040291,4.4315622913e-04
3,0.0000000000,22.4582083155,4.5360024636e-04
3,0.0000000000,22.4882126018,4.6148140289e-04
3,0.0000000000,22.5182168881,4.6153544326e-04
3,0.0000000000,22.5482211745,4.5040584672e-04
3,0.0000000000,22.5782254608,4.2948621414e-04
3,0.0000000000,22.6082297471,4.0363834332e-04
3,0.0000000000,22.6382340334,3.7757258504e-04
3,0.0000000000,22.6682383198,3.5394305528e-04
3,0.0000000000,22.6982426061,3.3358803664e-04
3,0.0000000000,22.7282468924,3.1638444169e-04
3,0.0000000000,22.7582511787,3.0186661525e-04
3,0.0000000000,22.7882554651,2.8952566715e-04
3,0.0000000000,22.8182597514,2.7891797499e-04
3,0.0000000000,22.8482640377,2.6968830903e-04
3,0.0000000000,22.8782683240,2.6156206147e-04
3,0.0000000000,22.9082726104,2.5432960935e-04
3,0.0000000000,22.9382768967,2.4783112324e-04
3,0.0000000000,22.9682811830,2.4194414460e-04
3,0.0000000000,22.9982854694,2.3657409280e-04
3,0.0000000000,23.0282897557,2.3164722183e-04
3,0.0000000000,23.0582940420,2.2710545572e-04
3,0.0000000000,23.0882983283,2.2290261173e-04
3,0.0000000000,23.1183026147,2.1900163223e-04
3,0.0000000000,23.1483069010,2.1537254610e-04
3,0.0000000000,23.1783111873,2.1199095842e-04
3,0.0000000000,23.2083154736,2.0883692474e-04
3,0.0000000000,23.2383197600,2.0589410753e-04
3,0.0000000000,23.2683240463,2.0314914185e-04
3,0.0000000000,23.2983283326,2.0059115782e-04
3,0.0000000000,23.3283326189,1.9821142264e-04
3,0.0000000000,23.3583369053,1.9600307515e-04
3,0.0000000000,23.3883411916,1.9396093382e-04
3,0.0000000000,23.4183454779,1.9208136451e-04
3,0.0000000000,23.4483497643,1.9036219883e-04
3,0.0000000000,23.4783540506,1.8880269681e-04
3,0.0000000000,23.5083583369,1.8740355073e-04
3,0.0000000000,23.5383626232,1.8616692883e-04
3,0.0000000000,23.5683669096,1.8509655999e-04
3,0.0000000000,23.5983711959,1.8419786254e-04
3,0.0000000000,23.6283754822,1.8347812241e-04
3,0.0000000000,23.6583797685,1.8294672870e-04
3,0.0000000000,23.6883840549,1.8261547780e-04
3,0.0000000000,23.7183883412,1.8249896080e-04
3,0.0000000000,23.7483926275,1.8261505457e-04
3,0.0000000000,23.7783969138,1.8298554281e-04
3,0.0000000000,23.8084012002,1.8363690263e-04
3,0.0000000000,23.8384054865,1.8460130387e-04
3,0.0000000000,23.8684097728,1.8591788431e-04
3,0.0000000000,23.8984140592,1.8763438633e-04
3,0.0000000000,23.9284183455,1.8980927064e-04
3,0.0000000000,23.9584226318,1.9251446557e-04
3,0.0000000000,23.9884269181,1.9583896990e-04
3,0.0000000000,24.0184312045,1.9989361108e-04
3,0.0000000000,24.0484354908,2.0481737983e-04
3,0.0000000000,24.0784397771,2.1078592952e-04
3,0.0000000000,24.1084440634,2.1802306512e-04
3,0.0000000000,24.1384483498,2.2681637259e-04
3,0.0000000000,24.1684526361,2.3753857691e-04
3,0.0000000000,24.1984569224,2.5067675982e-04
3,0.0000000000,24.2284612087,2.6687213045e-04
3,0.0000000000,24.2584654951,2.8697328827e-04
3,0.0000000000,24.2884697814,3.1210486139e-04
3,0.0000000000,24.3184740677,3.4374839886e-04
3,0.0000000000,24.3484783541,3.8381683408e-04
3,0.0000000000,24.3784826404,4.3466246396e-04
3,0.0000000000,24.4084869267,4.9886067119e-04
3,0.0000000000,24.4384912130,5.7841615714e-04
3,0.0000000000,24.4684954994,6.7277423770e-04
3,0.0000000000,24.4984997857,7.7512323942e-04
3,0.0000000000,24.5285040720,8.6835271604e-04
3,0.0000000000,24.5585083583,9.2665982089e-04
3,0.0000000000,24.5885126447,9.2938477852e-04
3,0.0000000000,24.6185169310,8.7807825923e-04
3,0.0000000000,24.6485212173,7.9538083188e-04
3,0.0000000000,24.6785255036,7.0719256217e-04
3,0.0000000000,24.7085297900,6.2966310871e-04
3,0.0000000000,24.7385340763,5.6792596616e-04
3,0.0000000000,24.7685383626,5.1966198852e-04
3,0.0000000000,24.7985426489,4.7885836870e-04
3,0.0000000000,24.8285469353,4.3973191925e-04
3,0.0000000000,24.8585512216,4.0009359013e-04
3,0.0000000000,24.8885555079,3.6146068854e-04
3,0.0000000000,24.9185597943,3.2635341043e-04
3,0.0000000000,24.9485640806,2.9622683712e-04
3,0.0000000000,24.9785683669,2.7124797378e-04
3,0.0000000000,25.0085726532,2.5086578694e-04
3,0.0000000000,25.0385769396,2.3431040013e-04
3,0.0000000000,25.0685812259,2.2084449069e-04
3,0.0000000000,25.0985855122,2.0984900592e-04
3,0.0000000000,25.1285897985,2.0083280761e-04
3,0.0000000000,25.1585940849,1.9341574721e-04
3,0.0000000000,25.1885983712,1.8730641735e-04
3,0.0000000000,25.2186026575,1.8228206634e-04
3,0.0000000000,25.2486069438,1.7817252069e-04
3,0.0000000000,25.2786112302,1.7484796353e-04
3,0.0000000000,25.3086155165,1.7220987346e-04
3,0.0000000000,25.3386198028,1.7018440138e-04
3,0.0000000000,25.3686240892,1.6871758948e-04
3,0.0000000000,25.3986283755,1.6777198255e-04
3,0.0000000000,25.4286326618,1.6732430965e-04
3,0.0000000000,25.4586369481,1.6736401564e-04
3,0.0000000000,25.4886412345,1.6789250147e-04
3,0.0000000000,25.5186455208,1.6892299607e-04
3,0.0000000000,25.5486498071,1.7048103710e-04
3,0.0000000000,25.5786540934,1.7260558911e-04
3,0.0000000000,25.6086583798,1.7535088159e-04
3,0.0000000000,25.6386626661,1.7878911155e-04
3,0.0000000000,25.6686669524,1.8301423427e-04
3,0.0000000000,25.6986712387,1.8814716978e-04
3,0.0000000000,25.7286755251,1.9434289519e-04
3,0.0000000000,25.7586798114,2.0180009108e-04
3,0.0000000000,25.7886840977,2.1077428611e-04
3,0.0000000000,25.8186883841,2.2159582524e-04
3,0.0000000000,25.8486926704,2.3469449805e-04
3,0.0000000000,25.8786969567,2.5063330615e-04
3,0.0000000000,25.9087012430,2.7015453261e-04
3,0.0000000000,25.9387055294,2.9424164941e-04
3,0.0000000000,25.9687098157,3.2419959779e-04
3,0.0000000000,25.9987141020,3.6175072880e-04
3,0.0000000000,26.0287183883,4.0912696985e-04
3,0.0000000000,26.0587226747,4.6909371550e-04
3,0.0000000000,26.0887269610,5.4473296951e-04
3,0.0000000000,26.1187312473,6.3859176531e-04
3,0.0000000000,26.1487355336,7.5047945016e-04
3,0.0000000000,26.1787398200,8.7320869838e-04
3,0.0000000000,26.2087441063,9.8748035008e-04
3,0.0000000000,26.2387483926,1.0624737229e-03
3,0.0000000000,26.2687526790,1.0709064829e-03
3,0.0000000000,26.2987569653,1.0106941262e-03
3,0.0000000000,26.3287612516,9.0697608357e-04
3,0.0000000000,26.3587655379,7.9167507710e-04
3,0.0000000000,26.3887698243,6.8640019539e-04
3,0.0000000000,26.4187741106,6.0023363550e-04
3,0.0000000000,26.4487783969,5.3460718861e-04
3,0.0000000000,26.4787826832,4.8783227713e-04
3,0.0000000000,26.5087869696,4.5747108786e-04
3,0.0000000000,26.5387912559,4.4103880177e-04
3,0.0000000000,26.5687955422,4.3562427604e-04
3,0.0000000000,26.5987998285,4.3683427424e-04
3,0.0000000000,26.6288041149,4.3797661218e-04
3,0.0000000000,26.6588084012,4.3143064536e-04
3,0.0000000000,26.6888126875,4.1291299693e-04
3,0.0000000000,26.7188169739,3.8449597383e-04
3,0.0000000000,26.7488212602,3.5220936513e-04
3,0.0000000000,26.7788255465,3.2146144656e-04
3,0.0000000000,26.8088298328,2.9504112395e-04
3,0.0000000000,26.8388341192,2.7362669016e-04
3,0.0000000000,26.8688384055,2.5685330533e-04
3,0.0000000000,26.8988426918,2.4403007822e-04
3,0.0000000000,26.9288469781,2.3447116773e-04
3,0.0000000000,26.9588512645,2.2760864875e-04
3,0.0000000000,26.9888555508,2.2301145554e-04
3,0.0000000000,27.0188598371,2.2037241007e-04
3,0.0000000000,27.0488641234,2.1948902133e-04
3,0.0000000000,27.0788684098,2.2024721269e-04
3,0.0000000000,27.1088726961,2.2261059564e-04
3,0.0000000000,27.1388769824,2.2661566371e-04
3,0.0000000000,27.1688812688,2.3237264917e-04
3,0.0000000000,27.1988855551,2.4007149119e-04
3,0.0000000000,27.2288898414,2.4999150096e-04
3,0.0000000000,27.2588941277,2.6251057022e-04
3,0.0000000000,27.2888984141,2.7810268681e-04
3,0.0000000000,27.3189027004,2.9729734401e-04
3,0.0000000000,27.3489069867,3.2055102873e-04
3,0.0000000000,27.3789112730,3.4797674801e-04
3,0.0000000000,27.4089155594,3.7899906624e-04
3,0.0000000000,27.4389198457,4.1237756537e-04
3,0.0000000000,27.4689241320,4.4725865453e-04
3,0.0000000000,27.4989284183,4.8478527851e-04
3,0.0000000000,27.5289327047,5.2823670063e-04
3,0.0000000000,27.5589369910,5.8104915180e-04
3,0.0000000000,27.5889412773,6.4436739071e-04
3,0.0000000000,27.6189455637,7.1543904105e-04
3,0.0000000000,27.6489498500,7.8812332309e-04
3,0.0000000000,27.6789541363,8.5749601677e-04
3,0.0000000000,27.7089584226,9.2646962569e-04
3,0.0000000000,27.7389627090,1.0068661886e-03
3,0.0000000000,27.7689669953,1.1132616575e-03
3,0.0000000000,27.7989712816,1.2560980722e-03
3,0.0000000000,27.8289755679,1.4363749428e-03
3,0.0000000000,27.8589798543,1.6387298429e-03
3,0.0000000000,27.8889841406,1.8238955877e-03
3,0.0000000000,27.9189884269,1.9334582629e-03
3,0.0000000000,27.9489927132,1.9213055560e-03
3,0.0000000000,27.9789969996,1.7910640136e-03
3,0.0000000000,28.0090012859,1.5925840600e-03
3,0.0000000000,28.0390055722,1.3825236887e-03
3,0.0000000000,28.0690098586,1.1968701001e-03
3,0.0000000000,28.0990141449,1.0498553697e-03
3,0.0000000000,28.1290184312,9.4328786447e-04
3,0.0000000000,28.1590227175,8.7422978005e-04
3,0.0000000000,28.1890270039,8.3862065169e-04
3,0.0000000000,28.2190312902,8.3174994380e-04
3,0.0000000000,28.2490355765,8.4642599388e-04
3,0.0000000000,28.2790398628,8.6986971638e-04
3,0.0000000000,28.3090441492,8.8269854220e-04
3,0.0000000000,28.3390484355,8.6556893096e-04
3,0.0000000000,28.3690527218,8.1195361425e-04
3,0.0000000000,28.3990570081,7.3266227644e-04
3,0.0000000000,28.4290612945,6.4568557669e-04
3,0.0000000000,28.4590655808,5.6462261869e-04
3,0.0000000000,28.4890698671,4.9558898975e-04
3,0.0000000000,28.5190741535,4.3958097846e-04
3,0.0000000000,28.5490784398,3.9532660134e-04
3,0.0000000000,28.5790827261,3.6097806412e-04
3,0.0000000000,28.6090870124,3.3484176974e-04
3,0.0000000000,28.6390912988,3.1561067444e-04
3,0.0000000000,28.6690955851,3.0239210135e-04
3,0.0000000000,28.6990998714,2.9466051536e-04
3,0.0000000000,28.7291041577,2.9216545452e-04
3,0.0000000000,28.7591084441,2.9475709073e-04
3,0.0000000000,28.7891127304,3.0203519468e-04
3,0.0000000000,28.8191170167,3.1273623849e-04
3,0.0000000000,28.8491213030,3.2406483486e-04
3,0.0000000000,28.8791255894,3.3191392644e-04
3,0.0000000000,28.9091298757,3.3304983359e-04
3,0.0000000000,28.9391341620,3.2788168321e-04
3,0.0000000000,28.9691384483,3.2034003693e-04
3,0.0000000000,28.9991427347,3.1494617000e-04
3,0.0000000000,29.0291470210,3.1444281008e-04
3,0.0000000000,29.0591513073,3.1905533250e-04
3,0.0000000000,29.0891555937,3.2631623386e-04
3,0.0000000000,29.1191598800,3.3133150757e-04
3,0.0000000000,29.1491641663,3.2882651983e-04
3,0.0000000000,29.1791684526,3.1683456218e-04
3,0.0000000000,29.2091727390,2.9821553246e-04
3,0.0000000000,29.2391770253,2.7795662753e-04
3,0.0000000000,29.2691813116,2.5979680371e-04
3,0.0000000000,29.2991855979,2.4511418161e-04
3,0.0000000000,29.3291898843,2.3344587483e-04
3,0.0000000000,29.3591941706,2.2350894833e-04
3,0.0000000000,29.3891984569,2.1432589199e-04
3,0.0000000000,29.4192027432,2.0587907582e-04
3,0.0000000000,29.4492070296,1.9882342631e-04
3,0.0000000000,29.4792113159,1.9383405697e-04
3,0.0000000000,29.5092156022,1.9131997939e-04
3,0.0000000000,29.5392198886,1.9149314313e-04
3,0.0000000000,29.5692241749,1.9449718357e-04
3,0.0000000000,29.5992284612,2.0043126122e-04
3,0.0000000000,29.6292327475,2.0919730529e-04
3,0.0000000000,29.6592370339,2.2011445381e-04
3,0.0000000000,29.6892413202,2.3137934954e-04
3,0.0000000000,29.7192456065,2.3993540546e-04
3,0.0000000000,29.7492498928,2.4271843634e-04
3,0.0000000000,29.7792541792,2.3894279298e-04
3,0.0000000000,29.8092584655,2.3083871968e-04
3,0.0000000000,29.8392627518,2.2181482003e-04
3,0.0000000000,29.8692670381,2.1446998176e-04
3,0.0000000000,29.8992713245,2.1012486653e-04
3,0.0000000000,29.9292756108,2.0927898206e-04
3,0.0000000000,29.9592798971,2.1212875898e-04
3,0.0000000000,29.9892841835,2.1887035919e-04
3,0.0000000000,30.0192884698,2.2980573799e-04
3,0.0000000000,30.0492927561,2.4527811682e-04
3,0.0000000000,30.0792970424,2.6537602960e-04
3,0.0000000000,30.1093013288,2.8927800142e-04
3,0.0000000000,30.1393056151,3.1427536097e-04
3,0.0000000000,30.1693099014,3.3528591421e-04
3,0.0000000000,30.1993141877,3.4661175135e-04
3,0.0000000000,30.2293184741,3.4603712473e-04
3,0.0000000000,30.2593227604,3.3699610337e-04
3,0.0000000000,30.2893270467,3.2584014198e-04
3,0.0000000000,30.3193313330,3.1791424384e-04
3,0.0000000000,30.3493356194,3.1618699434e-04
3,0.0000000000,30.3793399057,3.2179044651e-04
3,0.0000000000,30.4093441920,3.3468676453e-04
3,0.0000000000,30.4393484784,3.5374271955e-04
3,0.0000000000,30.4693527647,3.7648201595e-04
3,0.0000000000,30.4993570510,3.9958881756e-04
3,0.0000000000,30.5293613373,4.2110209435e-04
3,0.0000000000,30.5593656237,4.4274666740e-04
3,0.0000000000,30.5893699100,4.6936051436e-04
3,0.0000000000,30.6193741963,5.0592088529e-04
3,0.0000000000,30.6493784826,5.5503006588e-04
3,0.0000000000,30.6793827690,6.1552589767e-04
3,0.0000000000,30.7093870553,6.8172365667e-04
3,0.0000000000,30.7393913416,7.4357167003e-04
3,0.0000000000,30.7693956279,7.8764213869e-04
3,0.0000000000,30.7993999143,7.9979615025e-04
3,0.0000000000,30.8294042006,7.7276811303e-04
3,0.0000000000,30.8594084869,7.1370527179e-04
3,0.0000000000,30.8894127733,6.4010416088e-04
3,0.0000000000,30.9194170596,5.6829368376e-04
3,0.0000000000,30.9494213459,5.0733849491e-04
3,0.0000000000,30.9794256322,4.6003884276e-04
3,0.0000000000,31.0094299186,4.2596727696e-04
3,0.0000000000,31.0394342049,4.0365843014e-04
3,0.0000000000,31.0694384912,3.9167735141e-04
3,0.0000000000,31.0994427775,3.8902617764e-04
3,0.0000000000,31.1294470639,3.9526520847e-04
3,0.0000000000,31.1594513502,4.1054295892e-04
3,0.0000000000,31.1894556365,4.3561522191e-04
3,0.0000000000,31.2194599228,4.7187385157e-04
3,0.0000000000,31.2494642092,5.2137445791e-04
3,0.0000000000,31.2794684955,5.8684090056e-04
3,0.0000000000,31.3094727818,6.7161953853e-04
3,0.0000000000,31.3394770682,7.7940268088e-04
3,0.0000000000,31.3694813545,9.1293619834e-04
3,0.0000000000,31.3994856408,1.0702122628e-03
3,0.0000000000,31.4294899271,1.2374193319e-03
3,0.0000000000,31.4594942135,1.3823096554e-03
3,0.0000000000,31.4894984998,1.4596167135e-03
3,0.0000000000,31.5195027861,1.4376319702e-03
3,0.0000000000,31.5495070724,1.3249518020e-03
3,0.0000000000,31.5795113588,1.1626972891e-03
3,0.0000000000,31.6095156451,9.9316588116e-04
3,0.0000000000,31.6395199314,8.4130656032e-04
3,0.0000000000,31.6695242177,7.1570212289e-04
3,0.0000000000,31.6995285041,6.1596931529e-04
3,0.0000000000,31.7295327904,5.3841242619e-04
3,0.0000000000,31.7595370767,4.7883616914e-04
3,0.0000000000,31.7895413631,4.3359958360e-04
3,0.0000000000,31.8195456494,3.9986954724e-04
3,0.0000000000,31.8495499357,3.7558203364e-04
3,0.0000000000,31.8795542220,3.5933004836e-04
3,0.0000000000,31.9095585084,3.5025997001e-04
3,0.0000000000,31.9395627947,3.4800182654e-04
3,0.0000000000,31.9695670810,3.5263819192e-04
3,0.0000000000,31.9995713673,3.6470791941e-04
3,0.0000000000,32.0295756537,3.8523202752e-04
3,0.0000000000,32.0595799400,4.1572725588e-04
3,0.0000000000,32.0895842263,4.5811739704e-04
3,0.0000000000,32.1195885126,5.1432888284e-04
3,0.0000000000,32.1495927990,5.8513995183e-04
3,0.0000000000,32.1795970853,6.6768115452e-04
3,0.0000000000,32.2096013716,7.5161565113e-04
3,0.0000000000,32.2396056580,8.1697243640e-04
3,0.0000000000,32.2696099443,8.4048247873e-04
3,0.0000000000,32.2996142306,8.1152527087e-04
3,0.0000000000,32.3296185169,7.4149241747e-04
3,0.0000000000,32.3596228033,6.5374345321e-04
3,0.0000000000,32.3896270896,5.6783945309e-04
3,0.0000000000,32.4196313759,4.9367311205e-04
3,0.0000000000,32.4496356622,4.3382006546e-04
3,0.0000000000,32.4796399486,3.8732906815e-04
3,0.0000000000,32.5096442349,3.5215216492e-04
3,0.0000000000,32.5396485212,3.2624703553e-04
3,0.0000000000,32.5696528075,3.0795341419e-04
3,0.0000000000,32.5996570939,2.9606325986e-04
3,0.0000000000,32.6296613802,2.8979014438e-04
3,0.0000000000,32.6596656665,2.8872289819e-04
3,0.0000000000,32.6896699529,2.9279473793e-04
3,0.0000000000,32.7196742392,3.0227806476e-04
3,0.0000000000,32.7496785255,3.1780745195e-04
3,0.0000000000,32.7796828118,3.4042883629e-04
3,0.0000000000,32.8096870982,3.7166382998e-04
3,0.0000000000,32.8396913845,4.1355278638e-04
3,0.0000000000,32.8696956708,4.6857581980e-04
3,0.0000000000,32.8996999571,5.3920708298e-04
3,0.0000000000,32.9297042435,6.2660181979e-04
3,0.0000000000,32.9597085298,7.2769807308e-04
3,0.0000000000,32.9897128161,8.3069453964e-04
3,0.0000000000,33.0197171024,9.1224440258e-04
3,0.0000000000,33.0497213888,9.4445986791e-04
3,0.0000000000,33.0797256751,9.1372960109e-04
3,0.0000000000,33.1097299614,8.3271032563e-04
3,0.0000000000,33.1397342477,7.2915338789e-04
3,0.0000000000,33.1697385341,6.2686658576e-04
3,0.0000000000,33.1997428204,5.3813667325e-04
3,0.0000000000,33.2297471067,4.6628548197e-04
3,0.0000000000,33.2597513931,4.1017732471e-04
3,0.0000000000,33.2897556794,3.6714740286e-04
3,0.0000000000,33.3197599657,3.3439557307e-04
3,0.0000000000,33.3497642520,3.0964254793e-04
3,0.0000000000,33.3797685384,2.9143141152e-04
3,0.0000000000,33.4097728247,2.7905076292e-04
3,0.0000000000,33.4397771110,2.7220576575e-04
3,0.0000000000,33.4697813973,2.7071068949e-04
3,0.0000000000,33.4997856837,2.7421546092e-04
3,0.0000000000,33.5297899700,2.8178389373e-04
3,0.0000000000,33.5597942563,2.9131413454e-04
3,0.0000000000,33.5897985426,2.9937268089e-04
3,0.0000000000,33.6198028290,3.0246549232e-04
3,0.0000000000,33.6498071153,2.9939318174e-04
3,0.0000000000,33.6798114016,2.9202523111e-04
3,0.0000000000,33.7098156880,2.8357537703e-04
3,0.0000000000,33.7398199743,2.7685807600e-04
3,0.0000000000,33.7698242606,2.7384803682e-04
3,0.0000000000,33.7998285469,2.7584141669e-04
3,0.0000000000,33.8298328333,2.8374081910e-04
3,0.0000000000,33.8598371196,2.9838500033e-04
3,0.0000000000,33.8898414059,3.2083206544e-04
3,0.0000000000,33.9198456922,3.5253134544e-04
3,0.0000000000,33.9498499786,3.9533566547e-04
3,0.0000000000,33.9798542649,4.5121042692e-04
3,0.0000000000,34.0098585512,5.2128454408e-04
3,0.0000000000,34.0398628375,6.0367092169e-04
3,0.0000000000,34.0698671239,6.8985908635e-04
3,0.0000000000,34.0998714102,7.6188810053e-04
3,0.0000000000,34.1298756965,7.9663155029e-04
3,0.0000000000,34.1598799829,7.8047394440e-04
3,0.0000000000,34.1898842692,7.2114681704e-04
3,0.0000000000,34.2198885555,6.4089176123e-04
3,0.0000000000,34.2498928418,5.6038066139e-04
3,0.0000000000,34.2798971282,4.9080592876e-04
3,0.0000000000,34.3099014145,4.3506961069e-04
3,0.0000000000,34.3399057008,3.9142529717e-04
3,0.0000000000,34.3699099871,3.5649393963e-04
3,0.0000000000,34.3999142735,3.2751616211e-04
3,0.0000000000,34.4299185598,3.0345331365e-04
3,0.0000000000,34.4599228461,2.8450416284e-04
3,0.0000000000,34.4899271324,2.7103479337e-04
3,0.0000000000,34.5199314188,2.6302084133e-04
3,0.0000000000,34.5499357051,2.5995513256e-04
3,0.0000000000,34.5799399914,2.6083511074e-04
3,0.0000000000,34.6099442778,2.6422119359e-04
3,0.0000000000,34.6399485641,2.6857792190e-04
3,0.0000000000,34.6699528504,2.7289382677e-04
3,0.0000000000,34.6999571367,2.7734975094e-04
3,0.0000000000,34.7299614231,2.8358043875e-04
3,0.0000000000,34.7599657094,2.9407095564e-04
3,0.0000000000,34.7899699957,3.1118724192e-04
3,0.0000000000,34.8199742820,3.3656747810e-04
3,0.0000000000,34.8499785684,3.7061375244e-04
3,0.0000000000,34.8799828547,4.1139127079e-04
3,0.0000000000,34.9099871410,4.5294185138e-04
3,0.0000000000,34.9399914273,4.8491135960e-04
3,0.0000000000,34.9699957137,4.9687345159e-04
3,0.0000000000,35.0000000000,4.8626700352e-04
4,0.1250000000,-35.0000000000,3.1501814750e-03
4,0.1250000000,-34.9699957137,2.9157821074e-03
4,0.1250000000,-34.9399914273,2.7564752245e-03
4,0.1250000000,-34.9099871410,2.6541658363e-03
4,0.1250000000,-34.8799828547,2.5856001579e-03
4,0.1250000000,-34.8499785684,2.5275966238e-03
4,0.1250000000,-34.8199742820,2.4686910636e-03
4,0.1250000000,-34.7899699957,2.4148789390e-03
4,0.1250000000,-34.7599657094,2.3796020990e-03
4,0.1250000000,-34.7299614231,2.3683782555e-03
4,0.1250000000,-34.6999571367,2.3717730985e-03
4,0.1250000000,-34.6699528504,2.3709898204e-03
4,0.1250000000,-34.6399485641,2.3533868943e-03
4,0.1250000000,-34.6099442778,2.3232504741e-03
4,0.1250000000,-34.5799399914,2.2946219156e-03
4,0.1250000000,-34.5499357051,2.2781473336e-03
4,0.1250000000,-34.5199314188,2.2793839512e-03
4,0.1250000000,-34.4899271324,2.3041422845e-03
4,0.1250000000,-34.4599228461,2.3565487922e-03
4,0.1250000000,-34.4299185598,2.4287366568e-03
4,0.1250000000,-34.3999142735,2.4933466364e-03
4,0.1250000000,-34.3699099871,2.5110606405e-03
4,0.1250000000,-34.3399057008,2.4561349209e-03
4,0.1250000000,-34.3099014145,2.3380114376e-03
4,0.1250000000,-34.2798971282,2.1925025829e-03
4,0.1250000000,-34.2498928418,2.0552627534e-03
4,0.1250000000,-34.2198885555,1.9467179360e-03
4,0.1250000000,-34.1898842692,1.8722353700e-03
4,0.1250000000,-34.1598799829,1.8270245991e-03
4,0.1250000000,-34.1298756965,1.8009535623e-03
4,0.1250000000,-34.0998714102,1.7845249351e-03
4,0.1250000000,-34.0698671239,1.7750180892e-03
4,0.1250000000,-34.0398628375,1.7773355793e-03
4,0.1250000000,-34.0098585512,1.7993172158e-03
4,0.1250000000,-33.9798542649,1.8477153793e-03
4,0.1250000000,-33.9498499786,1.9272187288e-03
4,0.1250000000,-33.9198456922,2.0408384338e-03
4,0.1250000000,-33.8898414059,2.1910165967e-03
4,0.1250000000,-33.8598371196,2.3811485391e-03
4,0.1250000000,-33.8298328333,2.6143191975e-03
4,0.1250000000,-33.7998285469,2.8854421349e-03
4,0.1250000000,-33.7698242606,3.1695892924e-03
4,0.1250000000,-33.7398199743,3.4190399074e-03
4,0.1250000000,-33.7098156880,3.5839814399e-03
4,0.1250000000,-33.6798114016,3.6467341592e-03
4,0.1250000000,-33.6498071153,3.6293872848e-03
4,0.1250000000,-33.6198028290,3.5679584259e-03
4,0.1250000000,-33.5897985426,3.4922588751e-03
4,0.1250000000,-33.5597942563,3.4285557914e-03
4,0.1250000000,-33.5297899700,3.4058918557e-03
4,0.1250000000,-33.4997856837,3.4507287668e-03
4,0.1250000000,-33.4697813973,3.5754546531e-03
4,0.1250000000,-33.4397771110,3.7680804902e-03
4,0.1250000000,-33.4097728247,3.9842805419e-03
4,0.1250000000,-33.3797685384,4.1522724313e-03
4,0.1250000000,-33.3497642520,4.2086671963e-03
4,0.1250000000,-33.3197599657,4.1473380327e-03
4,0.1250000000,-33.2897556794,4.0222471240e-03
4,0.1250000000,-33.2597513931,3.8988596544e-03
4,0.1250000000,-33.2297471067,3.8140666937e-03
4,0.1250000000,-33.1997428204,3.7709410285e-03
4,0.1250000000,-33.1697385341,3.7506773905e-03
4,0.1250000000,-33.1397342477,3.7309979459e-03
4,0.1250000000,-33.1097299614,3.7084838327e-03
4,0.1250000000,-33.0797256751,3.7064734324e-03
4,0.1250000000,-33.0497213888,3.7600149768e-03
4,0.1250000000,-33.0197171024,3.8986975892e-03
4,0.1250000000,-32.9897128161,4.1413733857e-03
4,0.1250000000,-32.9597085298,4.4961453980e-03
4,0.1250000000,-32.9297042435,4.9569116892e-03
4,0.1250000000,-32.8996999571,5.4974376539e-03
4,0.1250000000,-32.8696956708,6.0767590830e-03
4,0.1250000000,-32.8396913845,6.6686515153e-03
4,0.1250000000,-32.8096870982,7.2883402089e-03
4,0.1250000000,-32.7796828118,7.9629027864e-03
4,0.1250000000,-32.7496785255,8.6525504618e-03
4,0.1250000000,-32.7196742392,9.1987709786e-03
4,0.1250000000,-32.6896699529,9.3798038639e-03
4,0.1250000000,-32.6596656665,9.0772006853e-03
4,0.1250000000,-32.6296613802,8.3896528880e-03
4,0.1250000000,-32.5996570939,7.5485412043e-03
4,0.1250000000,-32.5696528075,6.7579399282e-03
4,0.1250000000,-32.5396485212,6.1276126057e-03
4,0.1250000000,-32.5096442349,5.6929510359e-03
4,0.1250000000,-32.4796399486,5.4510069730e-03
4,0.1250000000,-32.4496356622,5.3792293419e-03
4,0.1250000000,-32.4196313759,5.4350496730e-03
4,0.1250000000,-32.3896270896,5.5468524693e-03
4,0.1250000000,-32.3596228033,5.6195396806e-03
4,0.1250000000,-32.3296185169,5.5781005459e-03
4,0.1250000000,-32.2996142306,5.4219789678e-03
4,0.1250000000,-32.2696099443,5.2209727723e-03
4,0.1250000000,-32.2396056580,5.0548829869e-03
4,0.1250000000,-32.2096013716,4.9649525284e-03
4,0.1250000000,-32.1795970853,4.9412767046e-03
4,0.1250000000,-32.1495927990,4.9322977945e-03
4,0.1250000000,-32.1195885126,4.8755747940e-03
4,0.1250000000,-32.0895842263,4.7442919251e-03
4,0.1250000000,-32.0595799400,4.5673954831e-03
4,0.1250000000,-32.0295756537,4.4007198249e-03
4,0.1250000000,-31.9995713673,4.2898301520e-03
4,0.1250000000,-31.9695670810,4.2589813429e-03
4,0.1250000000,-31.9395627947,4.3183767958e-03
4,0.1250000000,-31.9095585084,4.4737080348e-03
4,0.1250000000,-31.8795542220,4.7323154595e-03
4,0.1250000000,-31.8495499357,5.1064298119e-03
4,0.1250000000,-31.8195456494,5.6149045656e-03
4,0.1250000000,-31.7895413631,6.2843713912e-03
4,0.1250000000,-31.7595370767,7.1504523765e-03
4,0.1250000000,-31.7295327904,8.2590047688e-03
4,0.1250000000,-31.6995285041,9.6637682675e-03
4,0.1250000000,-31.6695242177,1.1409611575e-02
4,0.1250000000,-31.6395199314,1.3485771471e-02
4,0.1250000000,-31.6095156451,1.5739922784e-02
4,0.1250000000,-31.5795113588,1.7785831347e-02
4,0.1250000000,-31.5495070724,1.9038646653e-02
4,0.1250000000,-31.5195027861,1.9025672288e-02
4,0.1250000000,-31.4894984998,1.7771984078e-02
4,0.1250000000,-31.4594942135,1.5778621805e-02
4,0.1250000000,-31.4294899271,1.3624531328e-02
4,0.1250000000,-31.3994856408,1.1679206592e-02
4,0.1250000000,-31.3694813545,1.0085998525e-02
4,0.1250000000,-31.3394770682,8.8565321908e-03
4,0.1250000000,-31.3094727818,7.9511528650e-03
4,0.1250000000,-31.2794684955,7.3210471221e-03
4,0.1250000000,-31.2494642092,6.9246000576e-03
4,0.1250000000,-31.2194599228,6.7311259740e-03
4,0.1250000000,-31.1894556365,6.7192666630e-03
4,0.1250000000,-31.1594513502,6.8743802469e-03
4,0.1250000000,-31.1294470639,7.1895501944e-03
4,0.1250000000,-31.0994427775,7.6725604861e-03
4,0.1250000000,-31.0694384912,8.3500669143e-03
4,0.1250000000,-31.0394342049,9.2540293770e-03
4,0.1250000000,-31.0094299186,1.0388074562e-02
4,0.1250000000,-30.9794256322,1.1684167709e-02
4,0.1250000000,-30.9494213459,1.2977605542e-02
4,0.1250000000,-30.9194170596,1.4061123110e-02
4,0.1250000000,-30.8894127733,1.4829879297e-02
4,0.1250000000,-30.8594084869,1.5354767992e-02
4,0.1250000000,-30.8294042006,1.5738011033e-02
4,0.1250000000,-30.7993999143,1.5907838471e-02
4,0.1250000000,-30.7693956279,1.5616172283e-02
4,0.1250000000,-30.7393913416,1.4682547452e-02
4,0.1250000000,-30.7093870553,1.3212979365e-02
4,0.1250000000,-30.6793827690,1.1520907201e-02
4,0.1250000000,-30.6493784826,9.8936171066e-03
4,0.1250000000,-30.6193741963,8.4782479095e-03
4,0.1250000000,-30.5893699100,7.3078693077e-03
4,0.1250000000,-30.5593656237,6.3629280824e-03
4,0.1250000000,-30.5293613373,5.6102020688e-03
4,0.1250000000,-30.4993570510,5.0168697381e-03
4,0.1250000000,-30.4693527647,4.5539128683e-03
4,0.1250000000,-30.4393484784,4.1968353352e-03
4,0.1250000000,-30.4093441920,3.9251439991e-03
4,0.1250000000,-30.3793399057,3.7207944715e-03
4,0.1250000000,-30.3493356194,3.5667667787e-03
4,0.1250000000,-30.3193313330,3.4481035651e-03
4,0.1250000000,-30.2893270467,3.3560437440e-03
4,0.1250000000,-30.2593227604,3.2904768493e-03
4,0.1250000000,-30.2293184741,3.2563847021e-03
4,0.1250000000,-30.1993141877,3.2580373036e-03
4,0.1250000000,-30.1693099014,3.2962521028e-03
4,0.1250000000,-30.1393056151,3.3697799934e-03
4,0.1250000000,-30.1093013288,3.4799438298e-03
4,0.1250000000,-30.0792970424,3.6350937297e-03
4,0.1250000000,-30.0492927561,3.8501073470e-03
4,0.1250000000,-30.0192884698,4.1414925240e-03
4,0.1250000000,-29.9892841835,4.5216231125e-03
4,0.1250000000,-29.9592798971,4.9917483684e-03
4,0.1250000000,-29.9292756108,5.5315716242e-03
4,0.1250000000,-29.8992713245,6.0857333656e-03
4,0.1250000000,-29.8692670381,6.5546910739e-03
4,0.1250000000,-29.8392627518,6.8167497768e-03
4,0.1250000000,-29.8092584655,6.8034297855e-03
4,0.1250000000,-29.7792541792,6.5645297363e-03
4,0.1250000000,-29.7492498928,6.2322191253e-03
4,0.1250000000,-29.7192456065,5.9316205469e-03
4,0.1250000000,-29.6892413202,5.7375888390e-03
4,0.1250000000,-29.6592370339,5.6841433506e-03
4,0.1250000000,-29.6292327475,5.7866570377e-03
4,0.1250000000,-29.5992284612,6.0572686721e-03
4,0.1250000000,-29.5692241749,6.5130657895e-03
4,0.1250000000,-29.5392198886,7.1791773254e-03
4,0.1250000000,-29.5092156022,8.0859284159e-03
4,0.1250000000,-29.4792113159,9.2556149067e-03
4,0.1250000000,-29.4492070296,1.0670298809e-02
4,0.1250000000,-29.4192027432,1.2214092402e-02
4,0.1250000000,-29.3891984569,1.3614514052e-02
4,0.1250000000,-29.3591941706,1.4478392212e-02
4,0.1250000000,-29.3291898843,1.4512752544e-02
4,0.1250000000,-29.2991855979,1.3770869121e-02
4,0.1250000000,-29.2691813116,1.2609281052e-02
4,0.1250000000,-29.2391770253,1.1416751187e-02
4,0.1250000000,-29.2091727390,1.0438635430e-02
4,0.1250000000,-29.1791684526,9.7774771234e-03
4,0.1250000000,-29.1491641663,9.4580438119e-03
4,0.1250000000,-29.1191598800,9.4792630891e-03
4,0.1250000000,-29.0891555937,9.8401711942e-03
4,0.1250000000,-29.0591513073,1.0549256050e-02
4,0.1250000000,-29.0291470210,1.1625909638e-02
4,0.1250000000,-28.9991427347,1.3091253882e-02
4,0.1250000000,-28.9691384483,1.4928372180e-02
4,0.1250000000,-28.9391341620,1.6994091023e-02
4,0.1250000000,-28.9091298757,1.8915167548e-02
4,0.1250000000,-28.8791255894,2.0104254554e-02
4,0.1250000000,-28.8491213030,2.0054892183e-02
4,0.1250000000,-28.8191170167,1.8745423118e-02
4,0.1250000000,-28.7891127304,1.6657340488e-02
4,0.1250000000,-28.7591084441,1.4382573608e-02
4,0.1250000000,-28.7291041577,1.2308904039e-02
4,0.1250000000,-28.6990998714,1.0582752067e-02
4,0.1250000000,-28.6690955851,9.1996168996e-03
4,0.1250000000,-28.6390912988,8.0928666542e-03
4,0.1250000000,-28.6090870124,7.1933170856e-03
4,0.1250000000,-28.5790827261,6.4580109362e-03
4,0.1250000000,-28.5490784398,5.8674701343e-03
4,0.1250000000,-28.5190741535,5.4095178694e-03
4,0.1250000000,-28.4890698671,5.0701362264e-03
4,0.1250000000,-28.4590655808,4.8337804526e-03
4,0.1250000000,-28.4290612945,4.6860768793e-03
4,0.1250000000,-28.3990570081,4.6116405834e-03
4,0.1250000000,-28.3690527218,4.5851887177e-03
4,0.1250000000,-28.3390484355,4.5650392629e-03
4,0.1250000000,-28.3090441492,4.5047323255e-03
4,0.1250000000,-28.2790398628,4.3833495596e-03
4,0.1250000000,-28.2490355765,4.2216876415e-03
4,0.1250000000,-28.2190312902,4.0608135419e-03
4,0.1250000000,-28.1890270039,3.9297954547e-03
4,0.1250000000,-28.1590227175,3.8318449477e-03
4,0.1250000000,-28.1290184312,3.7491644015e-03
4,0.1250000000,-28.0990141449,3.6599575602e-03
4,0.1250000000,-28.0690098586,3.5577655488e-03
4,0.1250000000,-28.0390055722,3.4553953111e-03
4,0.1250000000,-28.0090012859,3.3718396907e-03
4,0.1250000000,-27.9789969996,3.3204468548e-03
4,0.1250000000,-27.9489927132,3.3071201707e-03
4,0.1250000000,-27.9189884269,3.3335491701e-03
4,0.1250000000,-27.8889841406,3.4003114193e-03
4,0.1250000000,-27.8589798543,3.5084853638e-03
4,0.1250000000,-27.8289755679,3.6599658255e-03
4,0.1250000000,-27.7989712816,3.8566163617e-03
4,0.1250000000,-27.7689669953,4.0981367647e-03
4,0.1250000000,-27.7389627090,4.3792800324e-03
4,0.1250000000,-27.7089584226,4.6898955897e-03
4,0.1250000000,-27.6789541363,5.0231737355e-03
4,0.1250000000,-27.6489498500,5.3891858133e-03
4,0.1250000000,-27.6189455637,5.8188764907e-03
4,0.1250000000,-27.5889412773,6.3544931722e-03
4,0.1250000000,-27.5589369910,7.0407832083e-03
4,0.1250000000,-27.5289327047,7.9251425174e-03
4,0.1250000000,-27.4989284183,9.0623244122e-03
4,0.1250000000,-27.4689241320,1.0517467094e-02
4,0.1250000000,-27.4389198457,1.2362044787e-02
4,0.1250000000,-27.4089155594,1.4654339828e-02
4,0.1250000000,-27.3789112730,1.7390827653e-02
4,0.1250000000,-27.3489069867,2.0417434487e-02
4,0.1250000000,-27.3189027004,2.3322860347e-02
4,0.1250000000,-27.2888984141,2.5424480158e-02
4,0.1250000000,-27.2588941277,2.6033318668e-02
4,0.1250000000,-27.2288898414,2.4952255391e-02
4,0.1250000000,-27.1988855551,2.2671086189e-02
4,0.1250000000,-27.1688812688,1.9972981214e-02
4,0.1250000000,-27.1388769824,1.7461136056e-02
4,0.1250000000,-27.1088726961,1.5426357109e-02
4,0.1250000000,-27.0788684098,1.3944728280e-02
4,0.1250000000,-27.0488641234,1.2998642140e-02
4,0.1250000000,-27.0188598371,1.2549648935e-02
4,0.1250000000,-26.9888555508,1.2569213543e-02
4,0.1250000000,-26.9588512645,1.3043872821e-02
4,0.1250000000,-26.9288469781,1.3961496928e-02
4,0.1250000000,-26.8988426918,1.5277149415e-02
4,0.1250000000,-26.8688384055,1.6863924434e-02
4,0.1250000000,-26.8388341192,1.8490872139e-02
4,0.1250000000,-26.8088298328,1.9899609305e-02
4,0.1250000000,-26.7788255465,2.0941596317e-02
4,0.1250000000,-26.7488212602,2.1567657502e-02
4,0.1250000000,-26.7188169739,2.1653579168e-02
4,0.1250000000,-26.6888126875,2.0990722997e-02
4,0.1250000000,-26.6588084012,1.9545776409e-02
4,0.1250000000,-26.6288041149,1.7603064650e-02
4,0.1250000000,-26.5987998285,1.5572226326e-02
4,0.1250000000,-26.5687955422,1.3754799738e-02
4,0.1250000000,-26.5387912559,1.2289797235e-02
4,0.1250000000,-26.5087869696,1.1195914925e-02
4,0.1250000000,-26.4787826832,1.0406998166e-02
4,0.1250000000,-26.4487783969,9.7900435969e-03
4,0.1250000000,-26.4187741106,9.1824494399e-03
4,0.1250000000,-26.3887698243,8.4720544955e-03
4,0.1250000000,-26.3587655379,7.6608530083e-03
4,0.1250000000,-26.3287612516,6.8336980359e-03
4,0.1250000000,-26.2987569653,6.0766935833e-03
4,0.1250000000,-26.2687526790,5.4349954737e-03
4,0.1250000000,-26.2387483926,4.9176409062e-03
4,0.1250000000,-26.2087441063,4.5150933392e-03
4,0.1250000000,-26.1787398200,4.2107158218e-03
4,0.1250000000,-26.1487355336,3.9841821011e-03
4,0.1250000000,-26.1187312473,3.8106795249e-03
4,0.1250000000,-26.0887269610,3.6620426897e-03
4,0.1250000000,-26.0587226747,3.5140798200e-03
4,0.1250000000,-26.0287183883,3.3538970872e-03
4,0.1250000000,-25.9987141020,3.1783195451e-03
4,0.1250000000,-25.9687098157,2.9900547795e-03
4,0.1250000000,-25.9387055294,2.7981744475e-03
4,0.1250000000,-25.9087012430,2.6154878255e-03
4,0.1250000000,-25.8786969567,2.4520015835e-03
4,0.1250000000,-25.8486926704,2.3118497197e-03
4,0.1250000000,-25.8186883841,2.1947145331e-03
4,0.1250000000,-25.7886840977,2.0983014284e-03
4,0.1250000000,-25.7586798114,2.0199861722e-03
4,0.1250000000,-25.7286755251,1.9575579157e-03
4,0.1250000000,-25.6986712387,1.9094378142e-03
4,0.1250000000,-25.6686669524,1.8746324236e-03
4,0.1250000000,-25.6386626661,1.8524939752e-03
4,0.1250000000,-25.6086583798,1.8422401340e-03
4,0.1250000000,-25.5786540934,1.8422223955e-03
4,0.1250000000,-25.5486498071,1.8492146929e-03
4,0.1250000000,-25.5186455208,1.8581649964e-03
4,0.1250000000,-25.4886412345,1.8623758455e-03
4,0.1250000000,-25.4586369481,1.8545593874e-03
4,0.1250000000,-25.4286326618,1.8306085131e-03
4,0.1250000000,-25.3986283755,1.7937836164e-03
4,0.1250000000,-25.3686240892,1.7530968803e-03
4,0.1250000000,-25.3386198028,1.7174237886e-03
4,0.1250000000,-25.3086155165,1.6919893165e-03
4,0.1250000000,-25.2786112302,1.6783491395e-03
4,0.1250000000,-25.2486069438,1.6752276137e-03
4,0.1250000000,-25.2186026575,1.6788358945e-03
4,0.1250000000,-25.1885983712,1.6835273544e-03
4,0.1250000000,-25.1585940849,1.6844583788e-03
4,0.1250000000,-25.1285897985,1.6812092843e-03
4,0.1250000000,-25.0985855122,1.6781870831e-03
4,0.1250000000,-25.0685812259,1.6813412249e-03
4,0.1250000000,-25.0385769396,1.6954204665e-03
4,0.1250000000,-25.0085726532,1.7237016313e-03
4,0.1250000000,-24.9785683669,1.7689371266e-03
4,0.1250000000,-24.9485640806,1.8343011056e-03
4,0.1250000000,-24.9185597943,1.9240110628e-03
4,0.1250000000,-24.8885555079,2.0436114706e-03
4,0.1250000000,-24.8585512216,2.1997337217e-03
4,0.1250000000,-24.8285469353,2.3986648002e-03
4,0.1250000000,-24.7985426489,2.6423013991e-03
4,0.1250000000,-24.7685383626,2.9196315366e-03
4,0.1250000000,-24.7385340763,3.1945256834e-03
4,0.1250000000,-24.7085297900,3.4009716318e-03
4,0.1250000000,-24.6785255036,3.4675380928e-03
4,0.1250000000,-24.6485212173,3.3683179893e-03
4,0.1250000000,-24.6185169310,3.1450701506e-03
4,0.1250000000,-24.5885126447,2.8705681699e-03
4,0.1250000000,-24.5585083583,2.6027828037e-03
4,0.1250000000,-24.5285040720,2.3707824439e-03
4,0.1250000000,-24.4984997857,2.1823776600e-03
4,0.1250000000,-24.4684954994,2.0348385723e-03
4,0.1250000000,-24.4384912130,1.9219093024e-03
4,0.1250000000,-24.4084869267,1.8371834607e-03
4,0.1250000000,-24.3784826404,1.7753438655e-03
4,0.1250000000,-24.3484783541,1.7324232487e-03
4,0.1250000000,-24.3184740677,1.7056923976e-03
4,0.1250000000,-24.2884697814,1.6934077055e-03
4,0.1250000000,-24.2584654951,1.6944262274e-03
4,0.1250000000,-24.2284612087,1.7075457557e-03
4,0.1250000000,-24.1984569224,1.7303915918e-03
4,0.1250000000,-24.1684526361,1.7580855561e-03
4,0.1250000000,-24.1384483498,1.7832001409e-03
4,0.1250000000,-24.1084440634,1.7991851431e-03
4,0.1250000000,-24.0784397771,1.8056541217e-03
4,0.1250000000,-24.0484354908,1.8090304531e-03
4,0.1250000000,-24.0184312045,1.8170807695e-03
4,0.1250000000,-23.9884269181,1.8332883351e-03
4,0.1250000000,-23.9584226318,1.8544211599e-03
4,0.1250000000,-23.9284183455,1.8711099499e-03
4,0.1250000000,-23.8984140592,1.8725830214e-03
4,0.1250000000,-23.8684097728,1.8546370252e-03
4,0.1250000000,-23.8384054865,1.8230066139e-03
4,0.1250000000,-23.8084012002,1.7879451970e-03
4,0.1250000000,-23.7783969138,1.7574173841e-03
4,0.1250000000,-23.7483926275,1.7350914032e-03
4,0.1250000000,-23.7183883412,1.7216359047e-03
4,0.1250000000,-23.6883840549,1.7163829505e-03
4,0.1250000000,-23.6583797685,1.7183301956e-03
4,0.1250000000,-23.6283754822,1.7265760485e-03
4,0.1250000000,-23.5983711959,1.7404596007e-03
4,0.1250000000,-23.5683669096,1.7595816684e-03
4,0.1250000000,-23.5383626232,1.7837908598e-03
4,0.1250000000,-23.5083583369,1.8131689966e-03
4,0.1250000000,-23.4783540506,1.8480288247e-03
4,0.1250000000,-23.4483497643,1.8889292689e-03
4,0.1250000000,-23.4183454779,1.9367117701e-03
4,0.1250000000,-23.3883411916,1.9925620232e-03
4,0.1250000000,-23.3583369053,2.0581031808e-03
4,0.1250000000,-23.3283326189,2.1355281603e-03
4,0.1250000000,-23.2983283326,2.2277780446e-03
4,0.1250000000,-23.2683240463,2.3387654461e-03
4,0.1250000000,-23.2383197600,2.4736127688e-03
4,0.1250000000,-23.2083154736,2.6387935236e-03
4,0.1250000000,-23.1783111873,2.8418610837e-03
4,0.1250000000,-23.1483069010,3.0900052286e-03
4,0.1250000000,-23.1183026147,3.3859235752e-03
4,0.1250000000,-23.0882983283,3.7190006440e-03
4,0.1250000000,-23.0582940420,4.0523554486e-03
4,0.1250000000,-23.0282897557,4.3169807412e-03
4,0.1250000000,-22.9982854694,4.4362704941e-03
4,0.1250000000,-22.9682811830,4.3805145789e-03
4,0.1250000000,-22.9382768967,4.1935824989e-03
4,0.1250000000,-22.9082726104,3.9550820073e-03
4,0.1250000000,-22.8782683240,3.7289422809e-03
4,0.1250000000,-22.8482640377,3.5466185324e-03
4,0.1250000000,-22.8182597514,3.4160144455e-03
4,0.1250000000,-22.7882554651,3.3340112037e-03
4,0.1250000000,-22.7582511787,3.2942453662e-03
4,0.1250000000,-22.7282468924,3.2905442446e-03
4,0.1250000000,-22.6982426061,3.3179895573e-03
4,0.1250000000,-22.6682383198,3.3729061981e-03
4,0.1250000000,-22.6382340334,3.4524212658e-03
4,0.1250000000,-22.6082297471,3.5540887294e-03
4,0.1250000000,-22.5782254608,3.6762421212e-03
4,0.1250000000,-22.5482211745,3.8192598032e-03
4,0.1250000000,-22.5182168881,3.9864543342e-03
4,0.1250000000,-22.4882126018,4.1834192227e-03
4,0.1250000000,-22.4582083155,4.4168989532e-03
4,0.1250000000,-22.4282040291,4.6945801858e-03
4,0.1250000000,-22.3981997428,5.0257608625e-03
4,0.1250000000,-22.3681954565,5.4223683206e-03
4,0.1250000000,-22.3381911702,5.9001345948e-03
4,0.1250000000,-22.3081868838,6.4799930902e-03
4,0.1250000000,-22.2781825975,7.1897860945e-03
4,0.1250000000,-22.2481783112,8.0662255181e-03
4,0.1250000000,-22.2181740249,9.1566235909e-03
4,0.1250000000,-22.1881697385,1.0518826534e-02
4,0.1250000000,-22.1581654522,1.2215269032e-02
4,0.1250000000,-22.1281611659,1.4292129461e-02
4,0.1250000000,-22.0981568796,1.6728239528e-02
4,0.1250000000,-22.0681525932,1.9342565928e-02
4,0.1250000000,-22.0381483069,2.1699571667e-02
4,0.1250000000,-22.0081440206,2.3166138718e-02
4,0.1250000000,-21.9781397342,2.3266925311e-02
4,0.1250000000,-21.9481354479,2.2082524783e-02
4,0.1250000000,-21.9181311616,2.0182364007e-02
4,0.1250000000,-21.8881268753,1.8187145904e-02
4,0.1250000000,-21.8581225889,1.6483255761e-02
4,0.1250000000,-21.8281183026,1.5221903653e-02
4,0.1250000000,-21.7981140163,1.4423026140e-02
4,0.1250000000,-21.7681097300,1.4058196155e-02
4,0.1250000000,-21.7381054436,1.4090626461e-02
4,0.1250000000,-21.7081011573,1.4484555271e-02
4,0.1250000000,-21.6780968710,1.5196317763e-02
4,0.1250000000,-21.6480925847,1.6160740604e-02
4,0.1250000000,-21.6180882983,1.7300186475e-02
4,0.1250000000,-21.5880840120,1.8581376574e-02
4,0.1250000000,-21.5580797257,2.0081409746e-02
4,0.1250000000,-21.5280754393,2.1980768952e-02
4,0.1250000000,-21.4980711530,2.4492008047e-02
4,0.1250000000,-21.4680668667,2.7799676564e-02
4,0.1250000000,-21.4380625804,3.2024649728e-02
4,0.1250000000,-21.4080582940,3.7186010201e-02
4,0.1250000000,-21.3780540077,4.3178288827e-02
4,0.1250000000,-21.3480497214,4.9805422083e-02
4,0.1250000000,-21.3180454351,5.6762310990e-02
4,0.1250000000,-21.2880411487,6.3333937883e-02
4,0.1250000000,-21.2580368624,6.8041704222e-02
4,0.1250000000,-21.2280325761,6.9074574797e-02
4,0.1250000000,-21.1980282898,6.5669945071e-02
4,0.1250000000,-21.1680240034,5.8913941059e-02
4,0.1250000000,-21.1380197171,5.0847984916e-02
4,0.1250000000,-21.1080154308,4.3129919193e-02
4,0.1250000000,-21.0780111444,3.6564677299e-02
4,0.1250000000,-21.0480068581,3.1314593004e-02
4,0.1250000000,-21.0180025718,2.7208686013e-02
4,0.1250000000,-20.9879982855,2.3940185415e-02
4,0.1250000000,-20.9579939991,2.1195437879e-02
4,0.1250000000,-20.9279897128,1.8764596131e-02
4,0.1250000000,-20.8979854265,1.6582734737e-02
4,0.1250000000,-20.8679811402,1.4666838760e-02
4,0.1250000000,-20.8379768538,1.3033574365e-02
4,0.1250000000,-20.8079725675,1.1669915380e-02
4,0.1250000000,-20.7779682812,1.0542223056e-02
4,0.1250000000,-20.7479639949,9.6111161130e-03
4,0.1250000000,-20.7179597085,8.8401014337e-03
4,0.1250000000,-20.6879554222,8.1985849475e-03
4,0.1250000000,-20.6579511359,7.6620493449e-03
4,0.1250000000,-20.6279468495,7.2112128325e-03
4,0.1250000000,-20.5979425632,6.8309967776e-03
4,0.1250000000,-20.5679382769,6.5096010003e-03
4,0.1250000000,-20.5379339906,6.2377595826e-03
4,0.1250000000,-20.5079297042,6.0081686515e-03
4,0.1250000000,-20.4779254179,5.8150553249e-03
4,0.1250000000,-20.4479211316,5.6538561041e-03
4,0.1250000000,-20.4179168453,5.5209784078e-03
4,0.1250000000,-20.3879125589,5.4136252310e-03
4,0.1250000000,-20.3579082726,5.3296683922e-03
4,0.1250000000,-20.3279039863,5.2675602342e-03
4,0.1250000000,-20.2978997000,5.2262771137e-03
4,0.1250000000,-20.2678954136,5.2052908355e-03
4,0.1250000000,-20.2378911273,5.2045666292e-03
4,0.1250000000,-20.2078868410,5.2245885857e-03
4,0.1250000000,-20.1778825547,5.2664158816e-03
4,0.1250000000,-20.1478782683,5.3317757791e-03
4,0.1250000000,-20.1178739820,5.4232022931e-03
4,0.1250000000,-20.0878696957,5.5442320616e-03
4,0.1250000000,-20.0578654093,5.6996695657e-03
4,0.1250000000,-20.0278611230,5.8959274080e-03
4,0.1250000000,-19.9978568367,6.1414214453e-03
4,0.1250000000,-19.9678525504,6.4469286380e-03
4,0.1250000000,-19.9378482640,6.8256552509e-03
4,0.1250000000,-19.9078439777,7.2925068083e-03
4,0.1250000000,-19.8778396914,7.8619711435e-03
4,0.1250000000,-19.8478354051,8.5452023467e-03
4,0.1250000000,-19.8178311187,9.3506631718e-03
4,0.1250000000,-19.7878268324,1.0294869667e-02
4,0.1250000000,-19.7578225461,1.1417025869e-02
4,0.1250000000,-19.7278182598,1.2770325778e-02
4,0.1250000000,-19.6978139734,1.4371724666e-02
4,0.1250000000,-19.6678096871,1.6121157824e-02
4,0.1250000000,-19.6378054008,1.7727257435e-02
4,0.1250000000,-19.6078011144,1.8739577512e-02
4,0.1250000000,-19.5777968281,1.8795320335e-02
4,0.1250000000,-19.5477925418,1.7920167691e-02
4,0.1250000000,-19.5177882555,1.6509095647e-02
4,0.1250000000,-19.4877839691,1.5015460146e-02
4,0.1250000000,-19.4577796828,1.3725929154e-02
4,0.1250000000,-19.4277753965,1.2741126560e-02
4,0.1250000000,-19.3977711102,1.2036665389e-02
4,0.1250000000,-19.3677668238,1.1515347245e-02
4,0.1250000000,-19.3377625375,1.1053565982e-02
4,0.1250000000,-19.3077582512,1.0563714045e-02
4,0.1250000000,-19.2777539649,1.0038668164e-02
4,0.1250000000,-19.2477496785,9.5291714846e-03
4,0.1250000000,-19.2177453922,9.0876474413e-03
4,0.1250000000,-19.1877411059,8.7396303763e-03
4,0.1250000000,-19.1577368195,8.4871621744e-03
4,0.1250000000,-19.1277325332,8.3208736945e-03
4,0.1250000000,-19.0977282469,8.2284874115e-03
4,0.1250000000,-19.0677239606,8.1987129060e-03
4,0.1250000000,-19.0377196742,8.2224668919e-03
4,0.1250000000,-19.0077153879,8.2929471356e-03
4,0.1250000000,-18.9777111016,8.4053331950e-03
4,0.1250000000,-18.9477068153,8.5564306752e-03
4,0.1250000000,-18.9177025289,8.7443660408e-03
4,0.1250000000,-18.8876982426,8.9683560136e-03
4,0.1250000000,-18.8576939563,9.2285473698e-03
4,0.1250000000,-18.8276896700,9.5259161022e-03
4,0.1250000000,-18.7976853836,9.8622155302e-03
4,0.1250000000,-18.7676810973,1.0239965700e-02
4,0.1250000000,-18.7376768110,1.0662479481e-02
4,0.1250000000,-18.7076725246,1.1133923612e-02
4,0.1250000000,-18.6776682383,1.1659415609e-02
4,0.1250000000,-18.6476639520,1.2245160017e-02
4,0.1250000000,-18.6176596657,1.2898630258e-02
4,0.1250000000,-18.5876553793,1.3628805513e-02
4,0.1250000000,-18.5576510930,1.4446475984e-02
4,0.1250000000,-18.5276468067,1.5364634990e-02
4,0.1250000000,-18.4976425204,1.6398983073e-02
4,0.1250000000,-18.4676382340,1.7568578453e-02
4,0.1250000000,-18.4376339477,1.8896680829e-02
4,0.1250000000,-18.4076296614,2.0411853050e-02
4,0.1250000000,-18.3776253751,2.2149409849e-02
4,0.1250000000,-18.3476210887,2.4153337579e-02
4,0.1250000000,-18.3176168024,2.6478858021e-02
4,0.1250000000,-18.2876125161,2.9195878779e-02
4,0.1250000000,-18.2576082297,3.2393670032e-02
4,0.1250000000,-18.2276039434,3.6187241304e-02
4,0.1250000000,-18.1975996571,4.0726068514e-02
4,0.1250000000,-18.1675953708,4.6206034501e-02
4,0.1250000000,-18.1375910844,5.2885645985e-02
4,0.1250000000,-18.1075867981,6.1107606691e-02
4,0.1250000000,-18.0775825118,7.1326172466e-02
4,0.1250000000,-18.0475782255,8.4138108693e-02
4,0.1250000000,-18.0175739391,1.0030736801e-01
4,0.1250000000,-17.9875696528,1.2075373563e-01
4,0.1250000000,-17.9575653665,1.4643029953e-01
4,0.1250000000,-17.9275610802,1.7792931197e-01
4,0.1250000000,-17.8975567938,2.1456276545e-01
4,0.1250000000,-17.8675525075,2.5280544044e-01
4,0.1250000000,-17.8375482212,2.8498445427e-01
4,0.1250000000,-17.8075439348,3.0092468855e-01
4,0.1250000000,-17.7775396485,2.9422465933e-01
4,0.1250000000,-17.7475353622,2.6774105462e-01
4,0.1250000000,-17.7175310759,2.3101923292e-01
4,0.1250000000,-17.6875267895,1.9324938929e-01
4,0.1250000000,-17.6575225032,1.5960425441e-01
4,0.1250000000,-17.6275182169,1.3173082482e-01
4,0.1250000000,-17.5975139306,1.0941401788e-01
4,0.1250000000,-17.5675096442,9.1776856760e-02
4,0.1250000000,-17.5375053579,7.7861067963e-02
4,0.1250000000,-17.5075010716,6.6836536355e-02
4,0.1250000000,-17.4774967853,5.8043663231e-02
4,0.1250000000,-17.4474924989,5.0976502445e-02
4,0.1250000000,-17.4174882126,4.5252272714e-02
4,0.1250000000,-17.3874839263,4.0582499499e-02
4,0.1250000000,-17.3574796399,3.6749518985e-02
4,0.1250000000,-17.3274753536,3.3588468844e-02
4,0.1250000000,-17.2974710673,3.0973891338e-02
4,0.1250000000,-17.2674667810,2.8809918648e-02
4,0.1250000000,-17.2374624946,2.7023136500e-02
4,0.1250000000,-17.2074582083,2.5557418118e-02
4,0.1250000000,-17.1774539220,2.4370205255e-02
4,0.1250000000,-17.1474496357,2.3429863009e-02
4,0.1250000000,-17.1174453493,2.2713850035e-02
4,0.1250000000,-17.0874410630,2.2207532720e-02
4,0.1250000000,-17.0574367767,2.1903539294e-02
4,0.1250000000,-17.0274324904,2.1801605299e-02
4,0.1250000000,-16.9974282040,2.1908911899e-02
4,0.1250000000,-16.9674239177,2.2240969026e-02
4,0.1250000000,-16.9374196314,2.2823151196e-02
4,0.1250000000,-16.9074153450,2.3693058250e-02
4,0.1250000000,-16.8774110587,2.4903943969e-02
4,0.1250000000,-16.8474067724,2.6529514566e-02
4,0.1250000000,-16.8174024861,2.8670385391e-02
4,0.1250000000,-16.7873981997,3.1462225214e-02
4,0.1250000000,-16.7573939134,3.5084664843e-02
4,0.1250000000,-16.7273896271,3.9767315240e-02
4,0.1250000000,-16.6973853408,4.5782346641e-02
4,0.1250000000,-16.6673810544,5.3397779105e-02
4,0.1250000000,-16.6373767681,6.2738567119e-02
4,0.1250000000,-16.6073724818,7.3479899450e-02
4,0.1250000000,-16.5773681955,8.4370396491e-02
4,0.1250000000,-16.5473639091,9.2941919361e-02
4,0.1250000000,-16.5173596228,9.6260629827e-02
4,0.1250000000,-16.4873553365,9.2914266611e-02
4,0.1250000000,-16.4573510502,8.4255862403e-02
4,0.1250000000,-16.4273467638,7.3207215762e-02
4,0.1250000000,-16.3973424775,6.2258891514e-02
4,0.1250000000,-16.3673381912,5.2686510229e-02
4,0.1250000000,-16.3373339048,4.4827854165e-02
4,0.1250000000,-16.3073296185,3.8561425642e-02
4,0.1250000000,-16.2773253322,3.3617592498e-02
4,0.1250000000,-16.2473210459,2.9720388329e-02
4,0.1250000000,-16.2173167595,2.6635533697e-02
4,0.1250000000,-16.1873124732,2.4178313578e-02
4,0.1250000000,-16.1573081869,2.2207638543e-02
4,0.1250000000,-16.1273039006,2.0617038187e-02
4,0.1250000000,-16.0972996142,1.9326318106e-02
4,0.1250000000,-16.0672953279,1.8274860333e-02
4,0.1250000000,-16.0372910416,1.7416562451e-02
4,0.1250000000,-16.0072867553,1.6716111046e-02
4,0.1250000000,-15.9772824689,1.6146259596e-02
4,0.1250000000,-15.9472781826,1.5685840915e-02
4,0.1250000000,-15.9172738963,1.5318311729e-02
4,0.1250000000,-15.8872696099,1.5030681944e-02
4,0.1250000000,-15.8572653236,1.4812722577e-02
4,0.1250000000,-15.8272610373,1.4656376544e-02
4,0.1250000000,-15.7972567510,1.4555318212e-02
4,0.1250000000,-15.7672524646,1.4504623080e-02
4,0.1250000000,-15.7372481783,1.4500519922e-02
4,0.1250000000,-15.7072438920,1.4540205536e-02
4,0.1250000000,-15.6772396057,1.4621707875e-02
4,0.1250000000,-15.6472353193,1.4743787361e-02
4,0.1250000000,-15.6172310330,1.4905869227e-02
4,0.1250000000,-15.5872267467,1.5108001970e-02
4,0.1250000000,-15.5572224604,1.5350838782e-02
4,0.1250000000,-15.5272181740,1.5635640308e-02
4,0.1250000000,-15.4972138877,1.5964298335e-02
4,0.1250000000,-15.4672096014,1.6339381263e-02
4,0.1250000000,-15.4372053150,1.6764203489e-02
4,0.1250000000,-15.4072010287,1.7242922225e-02
4,0.1250000000,-15.3771967424,1.7780667025e-02
4,0.1250000000,-15.3471924561,1.8383709379e-02
4,0.1250000000,-15.3171881697,1.9059682558e-02
4,0.1250000000,-15.2871838834,1.9817865541e-02
4,0.1250000000,-15.2571795971,2.0669549878e-02
4,0.1250000000,-15.2271753108,2.1628515185e-02
4,0.1250000000,-15.1971710244,2.2711648416e-02
4,0.1250000000,-15.1671667381,2.3939755373e-02
4,0.1250000000,-15.1371624518,2.5338631464e-02
4,0.1250000000,-15.1071581655,2.6940485092e-02
4,0.1250000000,-15.0771538791,2.8785844232e-02
4,0.1250000000,-15.0471495928,3.0926129221e-02
4,0.1250000000,-15.0171453065,3.3427147960e-02
4,0.1250000000,-14.9871410201,3.6373869284e-02
4,0.1250000000,-14.9571367338,3.9876958534e-02
4,0.1250000000,-14.9271324475,4.4081705400e-02
4,0.1250000000,-14.8971281612,4.9180084925e-02
4,0.1250000000,-14.8671238748,5.5426601290e-02
4,0.1250000000,-14.8371195885,6.3157808228e-02
4,0.1250000000,-14.8071153022,7.2812793967e-02
4,0.1250000000,-14.7771110159,8.4944626444e-02
4,0.1250000000,-14.7471067295,1.0019468389e-01
4,0.1250000000,-14.7171024432,1.1916268658e-01
4,0.1250000000,-14.6870981569,1.4203991046e-01
4,0.1250000000,-14.6570938706,1.6783456499e-01
4,0.1250000000,-14.6270895842,1.9325789067e-01
4,0.1250000000,-14.5970852979,2.1228512305e-01
4,0.1250000000,-14.5670810116,2.1839641497e-01
4,0.1250000000,-14.5370767252,2.0928106475e-01
4,0.1250000000,-14.5070724389,1.8890849056e-01
4,0.1250000000,-14.4770681526,1.6409477835e-01
4,0.1250000000,-14.4470638663,1.4016117857e-01
4,0.1250000000,-14.4170595799,1.1963495416e-01
4,0.1250000000,-14.3870552936,1.0306768620e-01
4,0.1250000000,-14.3570510073,9.0098226122e-02
4,0.1250000000,-14.3270467210,8.0097200712e-02
4,0.1250000000,-14.2970424346,7.2448267528e-02
4,0.1250000000,-14.2670381483,6.6637967134e-02
4,0.1250000000,-14.2370338620,6.2266209415e-02
4,0.1250000000,-14.2070295757,5.9030562132e-02
4,0.1250000000,-14.1770252893,5.6705600431e-02
4,0.1250000000,-14.1470210030,5.5124480251e-02
4,0.1250000000,-14.1170167167,5.4164395251e-02
4,0.1250000000,-14.0870124303,5.3735695569e-02
4,0.1250000000,-14.0570081440,5.3773960421e-02
4,0.1250000000,-14.0270038577,5.4234314087e-02
4,0.1250000000,-13.9969995714,5.5087407920e-02
4,0.1250000000,-13.9669952850,5.6316637544e-02
4,0.1250000000,-13.9369909987,5.7916288404e-02
4,0.1250000000,-13.9069867124,5.9890399177e-02
4,0.1250000000,-13.8769824261,6.2252205576e-02
4,0.1250000000,-13.8469781397,6.5024083117e-02
4,0.1250000000,-13.8169738534,6.8237952433e-02
4,0.1250000000,-13.7869695671,7.1936149701e-02
4,0.1250000000,-13.7569652808,7.6172802188e-02
4,0.1250000000,-13.7269609944,8.1015788861e-02
4,0.1250000000,-13.6969567081,8.6549412915e-02
4,0.1250000000,-13.6669524218,9.2877971838e-02
4,0.1250000000,-13.6369481354,1.0013048779e-01
4,0.1250000000,-13.6069438491,1.0846696504e-01
4,0.1250000000,-13.5769395628,1.1808668483e-01
4,0.1250000000,-13.5469352765,1.2923925520e-01
4,0.1250000000,-13.5169309901,1.4223945149e-01
4,0.1250000000,-13.4869267038,1.5748737686e-01
4,0.1250000000,-13.4569224175,1.7549610693e-01
4,0.1250000000,-13.4269181312,1.9692953759e-01
4,0.1250000000,-13.3969138448,2.2265378870e-01
4,0.1250000000,-13.3669095585,2.5380686869e-01
4,0.1250000000,-13.3369052722,2.9189252980e-01
4,0.1250000000,-13.3069009859,3.3890290772e-01
4,0.1250000000,-13.2768966995,3.9746706480e-01
4,0.1250000000,-13.2468924132,4.7099920366e-01
4,0.1250000000,-13.2168881269,5.6375670071e-01
4,0.1250000000,-13.1868838405,6.8056353926e-01
4,0.1250000000,-13.1568795542,8.2563076448e-01
4,0.1250000000,-13.1268752679,9.9940633672e-01
4,0.1250000000,-13.0968709816,1.1922727285e+00
4,0.1250000000,-13.0668666952,1.3764011616e+00
4,0.1250000000,-13.0368624089,1.5049787360e+00
4,0.1250000000,-13.0068581226,1.5331813950e+00
4,0.1250000000,-12.9768538363,1.4527554407e+00
4,0.1250000000,-12.9468495499,1.2998191536e+00
4,0.1250000000,-12.9168452636,1.1249859216e+00
4,0.1250000000,-12.8868409773,9.6451465391e-01
4,0.1250000000,-12.8568366910,8.3475754026e-01
4,0.1250000000,-12.8268324046,7.3935283455e-01
4,0.1250000000,-12.7968281183,6.7663209241e-01
4,0.1250000000,-12.7668238320,6.4366076707e-01
4,0.1250000000,-12.7368195456,6.3745751372e-01
4,0.1250000000,-12.7068152593,6.5418438634e-01
4,0.1250000000,-12.6768109730,6.8662657830e-01
4,0.1250000000,-12.6468066867,7.2103383696e-01
4,0.1250000000,-12.6168024003,7.3738886936e-01
4,0.1250000000,-12.5867981140,7.1830932064e-01
4,0.1250000000,-12.5567938277,6.6175025228e-01
4,0.1250000000,-12.5267895414,5.8193357411e-01
4,0.1250000000,-12.4967852550,4.9708283859e-01
4,0.1250000000,-12.4667809687,4.1931784350e-01
4,0.1250000000,-12.4367766824,3.5338079023e-01
4,0.1250000000,-12.4067723961,2.9951431607e-01
4,0.1250000000,-12.3767681097,2.5612824305e-01
4,0.1250000000,-12.3467638234,2.2123838266e-01
4,0.1250000000,-12.3167595371,1.9304015751e-01
4,0.1250000000,-12.2867552508,1.7006314135e-01
4,0.1250000000,-12.2567509644,1.5116289111e-01
4,0.1250000000,-12.2267466781,1.3546476312e-01
4,0.1250000000,-12.1967423918,1.2230337481e-01
4,0.1250000000,-12.1667381054,1.1117126695e-01
4,0.1250000000,-12.1367338191,1.0167899523e-01
4,0.1250000000,-12.1067295328,9.3525240703e-02
4,0.1250000000,-12.0767252465,8.6474764805e-02
4,0.1250000000,-12.0467209601,8.0342219643e-02
4,0.1250000000,-12.0167166738,7.4980238038e-02
4,0.1250000000,-11.9867123875,7.0270627647e-02
4,0.1250000000,-11.9567081012,6.6117815169e-02
4,0.1250000000,-11.9267038148,6.2443927258e-02
4,0.1250000000,-11.8966995285,5.9185068984e-02
4,0.1250000000,-11.8666952422,5.6288484855e-02
4,0.1250000000,-11.8366909559,5.3710375481e-02
4,0.1250000000,-11.8066866695,5.1414205453e-02
4,0.1250000000,-11.7766823832,4.9369382422e-02
4,0.1250000000,-11.7466780969,4.7550219213e-02
4,0.1250000000,-11.7166738105,4.5935113656e-02
4,0.1250000000,-11.6866695242,4.4505897484e-02
4,0.1250000000,-11.6566652379,4.3247317754e-02
4,0.1250000000,-11.6266609516,4.2146623256e-02
4,0.1250000000,-11.5966566652,4.1193235025e-02
4,0.1250000000,-11.5666523789,4.0378485119e-02
4,0.1250000000,-11.5366480926,3.9695411638e-02
4,0.1250000000,-11.5066438063,3.9138600944e-02
4,0.1250000000,-11.4766395199,3.8704070358e-02
4,0.1250000000,-11.4466352336,3.8389186501e-02
4,0.1250000000,-11.4166309473,3.8192616007e-02
4,0.1250000000,-11.3866266610,3.8114306720e-02
4,0.1250000000,-11.3566223746,3.8155498688e-02
4,0.1250000000,-11.3266180883,3.8318765497e-02
4,0.1250000000,-11.2966138020,3.8608087705e-02
4,0.1250000000,-11.2666095156,3.9028961461e-02
4,0.1250000000,-11.2366052293,3.9588546932e-02
4,0.1250000000,-11.2066009430,4.0295862938e-02
4,0.1250000000,-11.1765966567,4.1162036470e-02
4,0.1250000000,-11.1465923703,4.2200618516e-02
4,0.1250000000,-11.1165880840,4.3427981219e-02
4,0.1250000000,-11.0865837977,4.4863816091e-02
4,0.1250000000,-11.0565795114,4.6531759089e-02
4,0.1250000000,-11.0265752250,4.8460176580e-02
4,0.1250000000,-10.9965709387,5.0683157163e-02
4,0.1250000000,-10.9665666524,5.3241769131e-02
4,0.1250000000,-10.9365623661,5.6185663647e-02
4,0.1250000000,-10.9065580797,5.9575131491e-02
4,0.1250000000,-10.8765537934,6.3483759835e-02
4,0.1250000000,-10.8465495071,6.8001889250e-02
4,0.1250000000,-10.8165452207,7.3241146666e-02
4,0.1250000000,-10.7865409344,7.9340436424e-02
4,0.1250000000,-10.7565366481,8.6473922176e-02
4,0.1250000000,-10.7265323618,9.4861745326e-02
4,0.1250000000,-10.6965280754,1.0478452515e-01
4,0.1250000000,-10.6665237891,1.1660310044e-01
4,0.1250000000,-10.6365195028,1.3078552796e-01
4,0.1250000000,-10.6065152165,1.4794404507e-01
4,0.1250000000,-10.5765109301,1.6888542205e-01
4,0.1250000000,-10.5465066438,1.9467845542e-01
4,0.1250000000,-10.5165023575,2.2674104167e-01
4,0.1250000000,-10.4864980712,2.6694298357e-01
4,0.1250000000,-10.4564937848,3.1770106961e-01
4,0.1250000000,-10.4264894985,3.8199070532e-01
4,0.1250000000,-10.3964852122,4.6307457147e-01
4,0.1250000000,-10.3664809258,5.6349966376e-01
4,0.1250000000,-10.3364766395,6.8257100130e-01
4,0.1250000000,-10.3064723532,8.1161324289e-01
4,0.1250000000,-10.2764680669,9.2866617396e-01
4,0.1250000000,-10.2464637805,1.0001954322e+00
4,0.1250000000,-10.2164594942,9.9856445202e-01
4,0.1250000000,-10.1864552079,9.2440082535e-01
4,0.1250000000,-10.1564509216,8.0602587730e-01
4,0.1250000000,-10.1264466352,6.7675015560e-01
4,0.1250000000,-10.0964423489,5.5798519691e-01
4,0.1250000000,-10.0664380626,4.5799872051e-01
4,0.1250000000,-10.0364337763,3.7729142481e-01
4,0.1250000000,-10.0064294899,3.1325559946e-01
4,0.1250000000,-9.9764252036,2.6262728988e-01
4,0.1250000000,-9.9464209173,2.2244941429e-01
4,0.1250000000,-9.9164166309,1.9032634975e-01
4,0.1250000000,-9.8864123446,1.6440663896e-01
4,0.1250000000,-9.8564080583,1.4328672959e-01
4,0.1250000000,-9.8264037720,1.2590852157e-01
4,0.1250000000,-9.7963994856,1.1147302275e-01
4,0.1250000000,-9.7663951993,9.9373558914e-02
4,0.1250000000,-9.7363909130,8.9145990264e-02
4,0.1250000000,-9.7063866267,8.0432177827e-02
4,0.1250000000,-9.6763823403,7.2953298135e-02
4,0.1250000000,-9.6463780540,6.6490326670e-02
4,0.1250000000,-9.6163737677,6.0869698275e-02
4,0.1250000000,-9.5863694814,5.5952702678e-02
4,0.1250000000,-9.5563651950,5.1627583075e-02
4,0.1250000000,-9.5263609087,4.7803601410e-02
4,0.1250000000,-9.4963566224,4.4406544176e-02
4,0.1250000000,-9.4663523360,4.1375291168e-02
4,0.1250000000,-9.4363480497,3.8659174704e-02
4,0.1250000000,-9.4063437634,3.6215931299e-02
4,0.1250000000,-9.3763394771,3.4010100872e-02
4,0.1250000000,-9.3463351907,3.2011766632e-02
4,0.1250000000,-9.3163309044,3.0195556220e-02
4,0.1250000000,-9.2863266181,2.8539844684e-02
4,0.1250000000,-9.2563223318,2.7026114452e-02
4,0.1250000000,-9.2263180454,2.5638438261e-02
4,0.1250000000,-9.1963137591,2.4363059003e-02
4,0.1250000000,-9.1663094728,2.3188046430e-02
4,0.1250000000,-9.1363051865,2.2103015187e-02
4,0.1250000000,-9.1063009001,2.1098892040e-02
4,0.1250000000,-9.0762966138,2.0167722812e-02
4,0.1250000000,-9.0462923275,1.9302511490e-02
4,0.1250000000,-9.0162880411,1.8497085585e-02
4,0.1250000000,-8.9862837548,1.7745982965e-02
4,0.1250000000,-8.9562794685,1.7044356366e-02
4,0.1250000000,-8.9262751822,1.6387892510e-02
4,0.1250000000,-8.8962708958,1.5772743339e-02
4,0.1250000000,-8.8662666095,1.5195467353e-02
4,0.1250000000,-8.8362623232,1.4652979385e-02
4,0.1250000000,-8.8062580369,1.4142507479e-02
4,0.1250000000,-8.7762537505,1.3661555736e-02
4,0.1250000000,-8.7462494642,1.3207872219e-02
4,0.1250000000,-8.7162451779,1.2779421138e-02
4,0.1250000000,-8.6862408916,1.2374358695e-02
4,0.1250000000,-8.6562366052,1.1991012043e-02
4,0.1250000000,-8.6262323189,1.1627860909e-02
4,0.1250000000,-8.5962280326,1.1283521521e-02
4,0.1250000000,-8.5662237462,1.0956732508e-02
4,0.1250000000,-8.5362194599,1.0646342506e-02
4,0.1250000000,-8.5062151736,1.0351299258e-02
4,0.1250000000,-8.4762108873,1.0070639986e-02
4,0.1250000000,-8.4462066009,9.8034829011e-03
4,0.1250000000,-8.4162023146,9.5490196903e-03
4,0.1250000000,-8.3861980283,9.3065088671e-03
4,0.1250000000,-8.3561937420,9.0752698841e-03
4,0.1250000000,-8.3261894556,8.8546779165e-03
4,0.1250000000,-8.2961851693,8.6441592434e-03
4,0.1250000000,-8.2661808830,8.4431871621e-03
4,0.1250000000,-8.2361765967,8.2512783793e-03
4,0.1250000000,-8.2061723103,8.0679898349e-03
4,0.1250000000,-8.1761680240,7.8929159171e-03
4,0.1250000000,-8.1461637377,7.7256860381e-03
4,0.1250000000,-8.1161594514,7.5659625433e-03
4,0.1250000000,-8.0861551650,7.4134389330e-03
4,0.1250000000,-8.0561508787,7.2678383818e-03
4,0.1250000000,-8.0261465924,7.1289125455e-03
4,0.1250000000,-7.9961423060,6.9964406500e-03
4,0.1250000000,-7.9661380197,6.8702288636e-03
4,0.1250000000,-7.9361337334,6.7501099590e-03
4,0.1250000000,-7.9061294471,6.6359432767e-03
4,0.1250000000,-7.8761251607,6.5276150116e-03
4,0.1250000000,-7.8461208744,6.4250388498e-03
4,0.1250000000,-7.8161165881,6.3281569943e-03
4,0.1250000000,-7.7861123018,6.2369416301e-03
4,0.1250000000,-7.7561080154,6.1513968930e-03
4,0.1250000000,-7.7261037291,6.0715614236e-03
4,0.1250000000,-7.6960994428,5.9975116127e-03
4,0.1250000000,-7.6660951565,5.9293656696e-03
4,0.1250000000,-7.6360908701,5.8672886812e-03
4,0.1250000000,-7.6060865838,5.8114988749e-03
4,0.1250000000,-7.5760822975,5.7622753586e-03
4,0.1250000000,-7.5460780111,5.7199676826e-03
4,0.1250000000,-7.5160737248,5.6850076716e-03
4,0.1250000000,-7.4860694385,5.6579241028e-03
4,0.1250000000,-7.4560651522,5.6393609774e-03
4,0.1250000000,-7.4260608658,5.6301003670e-03
4,0.1250000000,-7.3960565795,5.6310911198e-03
4,0.1250000000,-7.3660522932,5.6434851348e-03
4,0.1250000000,-7.3360480069,5.6686834797e-03
4,0.1250000000,-7.3060437205,5.7083954139e-03
4,0.1250000000,-7.2760394342,5.7647144605e-03
4,0.1250000000,-7.2460351479,5.8402171837e-03
4,0.1250000000,-7.2160308616,5.9380924441e-03
4,0.1250000000,-7.1860265752,6.0623118893e-03
4,0.1250000000,-7.1560222889,6.2178566542e-03
4,0.1250000000,-7.1260180026,6.4110212185e-03
4,0.1250000000,-7.0960137162,6.6498237742e-03
4,0.1250000000,-7.0660094299,6.9445641648e-03
4,0.1250000000,-7.0360051436,7.3085862921e-03
4,0.1250000000,-7.0060008573,7.7593220756e-03
4,0.1250000000,-6.9759965709,8.3197163374e-03
4,0.1250000000,-6.9459922846,9.0201467808e-03
4,0.1250000000,-6.9159879983,9.9009308717e-03
4,0.1250000000,-6.8859837120,1.1015370940e-02
4,0.1250000000,-6.8559794256,1.2432824342e-02
4,0.1250000000,-6.8259751393,1.4240010398e-02
4,0.1250000000,-6.7959708530,1.6535657324e-02
4,0.1250000000,-6.7659665667,1.9407030590e-02
4,0.1250000000,-6.7359622803,2.2866574056e-02
4,0.1250000000,-6.7059579940,2.6723630586e-02
4,0.1250000000,-6.6759537077,3.0414380180e-02
4,0.1250000000,-6.6459494213,3.2973326488e-02
4,0.1250000000,-6.6159451350,3.3448317756e-02
4,0.1250000000,-6.5859408487,3.1621445907e-02
4,0.1250000000,-6.5559365624,2.8205945545e-02
4,0.1250000000,-6.5259322760,2.4243515106e-02
4,0.1250000000,-6.4959279897,2.0488442930e-02
4,0.1250000000,-6.4659237034,1.7273668989e-02
4,0.1250000000,-6.4359194171,1.4654752281e-02
4,0.1250000000,-6.4059151307,1.2565644158e-02
4,0.1250000000,-6.3759108444,1.0907929319e-02
4,0.1250000000,-6.3459065581,9.5882758704e-03
4,0.1250000000,-6.3159022718,8.5296836492e-03
4,0.1250000000,-6.2858979854,7.6721748545e-03
4,0.1250000000,-6.2558936991,6.9701437323e-03
4,0.1250000000,-6.2258894128,6.3891895240e-03
4,0.1250000000,-6.1958851264,5.9033541506e-03
4,0.1250000000,-6.1658808401,5.4929550901e-03
4,0.1250000000,-6.1358765538,5.1429600185e-03
4,0.1250000000,-6.1058722675,4.8417911419e-03
4,0.1250000000,-6.0758679811,4.5804514621e-03
4,0.1250000000,-6.0458636948,4.3518861886e-03
4,0.1250000000,-6.0158594085,4.1505141468e-03
4,0.1250000000,-5.9858551222,3.9718818106e-03
4,0.1250000000,-5.9558508358,3.8124059889e-03
4,0.1250000000,-5.9258465495,3.6691809259e-03
4,0.1250000000,-5.8958422632,3.5398325024e-03
4,0.1250000000,-5.8658379769,3.4224071321e-03
4,0.1250000000,-5.8358336905,3.3152864103e-03
4,0.1250000000,-5.8058294042,3.2171210293e-03
4,0.1250000000,-5.7758251179,3.1267792209e-03
4,0.1250000000,-5.7458208315,3.0433062372e-03
4,0.1250000000,-5.7158165452,2.9658922824e-03
4,0.1250000000,-5.6858122589,2.8938469623e-03
4,0.1250000000,-5.6558079726,2.8265787950e-03
4,0.1250000000,-5.6258036862,2.7635786802e-03
4,0.1250000000,-5.5957993999,2.7044064832e-03
4,0.1250000000,-5.5657951136,2.6486800862e-03
4,0.1250000000,-5.5357908273,2.5960664052e-03
4,0.1250000000,-5.5057865409,2.5462739817e-03
4,0.1250000000,-5.4757822546,2.4990468443e-03
4,0.1250000000,-5.4457779683,2.4541593976e-03
4,0.1250000000,-5.4157736820,2.4114121478e-03
4,0.1250000000,-5.3857693956,2.3706281138e-03
4,0.1250000000,-5.3557651093,2.3316498001e-03
4,0.1250000000,-5.3257608230,2.2943366342e-03
4,0.1250000000,-5.2957565366,2.2585627896e-03
4,0.1250000000,-5.2657522503,2.2242153286e-03
4,0.1250000000,-5.2357479640,2.1911926135e-03
4,0.1250000000,-5.2057436777,2.1594029421e-03
4,0.1250000000,-5.1757393913,2.1287633727e-03
4,0.1250000000,-5.1457351050,2.0991987085e-03
4,0.1250000000,-5.1157308187,2.0706406180e-03
4,0.1250000000,-5.0857265324,2.0430268700e-03
4,0.1250000000,-5.0557222460,2.0163006679e-03
4,0.1250000000,-5.0257179597,1.9904100669e-03
4,0.1250000000,-4.9957136734,1.9653074644e-03
4,0.1250000000,-4.9657093871,1.9409491517e-03
4,0.1250000000,-4.9357051007,1.9172949205e-03
4,0.1250000000,-4.9057008144,1.8943077140e-03
4,0.1250000000,-4.8756965281,1.8719533205e-03
4,0.1250000000,-4.8456922417,1.8502000998e-03
4,0.1250000000,-4.8156879554,1.8290187416e-03
4,0.1250000000,-4.7856836691,1.8083820501e-03
4,0.1250000000,-4.7556793828,1.7882647515e-03
4,0.1250000000,-4.7256750964,1.7686433229e-03
4,0.1250000000,-4.6956708101,1.7494958381e-03
4,0.1250000000,-4.6656665238,1.7308018305e-03
4,0.1250000000,-4.6356622375,1.7125421687e-03
4,0.1250000000,-4.6056579511,1.6946989458e-03
4,0.1250000000,-4.5756536648,1.6772553783e-03
4,0.1250000000,-4.5456493785,1.6601957163e-03
4,0.1250000000,-4.5156450922,1.6435051610e-03
4,0.1250000000,-4.4856408058,1.6271697908e-03
4,0.1250000000,-4.4556365195,1.6111764936e-03
4,0.1250000000,-4.4256322332,1.5955129063e-03
4,0.1250000000,-4.3956279468,1.5801673587e-03
4,0.1250000000,-4.3656236605,1.5651288229e-03
4,0.1250000000,-4.3356193742,1.5503868673e-03
4,0.1250000000,-4.3056150879,1.5359316143e-03
4,0.1250000000,-4.2756108015,1.5217537016e-03
4,0.1250000000,-4.2456065152,1.5078442470e-03
4,0.1250000000,-4.2156022289,1.4941948159e-03
4,0.1250000000,-4.1855979426,1.4807973915e-03
4,0.1250000000,-4.1555936562,1.4676443477e-03
4,0.1250000000,-4.1255893699,1.4547284236e-03
4,0.1250000000,-4.0955850836,1.4420427006e-03
4,0.1250000000,-4.0655807973,1.4295805809e-03
4,0.1250000000,-4.0355765109,1.4173357676e-03
4,0.1250000000,-4.0055722246,1.4053022469e-03
4,0.1250000000,-3.9755679383,1.3934742707e-03
4,0.1250000000,-3.9455636520,1.3818463415e-03
4,0.1250000000,-3.9155593656,1.3704131973e-03
4,0.1250000000,-3.8855550793,1.3591697987e-03
4,0.1250000000,-3.8555507930,1.3481113161e-03
4,0.1250000000,-3.8255465066,1.3372331183e-03
4,0.1250000000,-3.7955422203,1.3265307615e-03
4,0.1250000000,-3.7655379340,1.3159999792e-03
4,0.1250000000,-3.7355336477,1.3056366730e-03
4,0.1250000000,-3.7055293613,1.2954369037e-03
4,0.1250000000,-3.6755250750,1.2853968834e-03
4,0.1250000000,-3.6455207887,1.2755129674e-03
4,0.1250000000,-3.6155165024,1.2657816473e-03
4,0.1250000000,-3.5855122160,1.2561995444e-03
4,0.1250000000,-3.5555079297,1.2467634033e-03
4,0.1250000000,-3.5255036434,1.2374700860e-03
4,0.1250000000,-3.4954993571,1.2283165664e-03
4,0.1250000000,-3.4654950707,1.2192999254e-03
4,0.1250000000,-3.4354907844,1.2104173455e-03
4,0.1250000000,-3.4054864981,1.2016661067e-03
4,0.1250000000,-3.3754822117,1.1930435818e-03
4,0.1250000000,-3.3454779254,1.1845472328e-03
4,0.1250000000,-3.3154736391,1.1761746068e-03
4,0.1250000000,-3.2854693528,1.1679233323e-03
4,0.1250000000,-3.2554650664,1.1597911161e-03
4,0.1250000000,-3.2254607801,1.1517757400e-03
4,0.1250000000,-3.1954564938,1.1438750576e-03
4,0.1250000000,-3.1654522075,1.1360869916e-03
4,0.1250000000,-3.1354479211,1.1284095312e-03
4,0.1250000000,-3.1054436348,1.1208407293e-03
4,0.1250000000,-3.0754393485,1.1133787003e-03
4,0.1250000000,-3.0454350622,1.1060216178e-03
4,0.1250000000,-3.0154307758,1.0987677121e-03
4,0.1250000000,-2.9854264895,1.0916152688e-03
4,0.1250000000,-2.9554222032,1.0845626262e-03
4,0.1250000000,-2.9254179168,1.0776081739e-03
4,0.1250000000,-2.8954136305,1.0707503508e-03
4,0.1250000000,-2.8654093442,1.0639876435e-03
4,0.1250000000,-2.8354050579,1.0573185851e-03
4,0.1250000000,-2.8054007715,1.0507417530e-03
4,0.1250000000,-2.7753964852,1.0442557681e-03
4,0.1250000000,-2.7453921989,1.0378592931e-03
4,0.1250000000,-2.7153879126,1.0315510316e-03
4,0.1250000000,-2.6853836262,1.0253297264e-03
4,0.1250000000,-2.6553793399,1.0191941587e-03
4,0.1250000000,-2.6253750536,1.0131431471e-03
4,0.1250000000,-2.5953707673,1.0071755461e-03
4,0.1250000000,-2.5653664809,1.0012902455e-03
4,0.1250000000,-2.5353621946,9.9548616961e-04
4,0.1250000000,-2.5053579083,9.8976227589e-04
4,0.1250000000,-2.4753536219,9.8411755446e-04
4,0.1250000000,-2.4453493356,9.7855102722e-04
4,0.1250000000,-2.4153450493,9.7306174710e-04
4,0.1250000000,-2.3853407630,9.6764879733e-04
4,0.1250000000,-2.3553364766,9.6231129081e-04
4,0.1250000000,-2.3253321903,9.5704836945e-04
4,0.1250000000,-2.2953279040,9.5185920358e-04
4,0.1250000000,-2.2653236177,9.4674299139e-04
4,0.1250000000,-2.2353193313,9.4169895839e-04
4,0.1250000000,-2.2053150450,9.3672635691e-04
4,0.1250000000,-2.1753107587,9.3182446567e-04
4,0.1250000000,-2.1453064724,9.2699258929e-04
4,0.1250000000,-2.1153021860,9.2223005791e-04
4,0.1250000000,-2.0852978997,9.1753622684e-04
4,0.1250000000,-2.0552936134,9.1291047613e-04
4,0.1250000000,-2.0252893270,9.0835221034e-04
4,0.1250000000,-1.9952850407,9.0386085816e-04
4,0.1250000000,-1.9652807544,8.9943587219e-04
4,0.1250000000,-1.9352764681,8.9507672870e-04
4,0.1250000000,-1.9052721817,8.9078292735e-04
4,0.1250000000,-1.8752678954,8.8655399106e-04
4,0.1250000000,-1.8452636091,8.8238946580e-04
4,0.1250000000,-1.8152593228,8.7828892045e-04
4,0.1250000000,-1.7852550364,8.7425194668e-04
4,0.1250000000,-1.7552507501,8.7027815886e-04
4,0.1250000000,-1.7252464638,8.6636719394e-04
4,0.1250000000,-1.6952421775,8.6251871147e-04
4,0.1250000000,-1.6652378911,8.5873239350e-04
4,0.1250000000,-1.6352336048,8.5500794463e-04
4,0.1250000000,-1.6052293185,8.5134509198e-04
4,0.1250000000,-1.5752250321,8.4774358529e-04
4,0.1250000000,-1.5452207458,8.4420319692e-04
4,0.1250000000,-1.5152164595,8.4072372201e-04
4,0.1250000000,-1.4852121732,8.3730497854e-04
4,0.1250000000,-1.4552078868,8.3394680752e-04
4,0.1250000000,-1.4252036005,8.3064907311e-04
4,0.1250000000,-1.3951993142,8.2741166287e-04
4,0.1250000000,-1.3651950279,8.2423448791e-04
4,0.1250000000,-1.3351907415,8.2111748323e-04
4,0.1250000000,-1.3051864552,8.1806060790e-04
4,0.1250000000,-1.2751821689,8.1506384545e-04
4,0.1250000000,-1.2451778826,8.1212720414e-04
4,0.1250000000,-1.2151735962,8.0925071736e-04
4,0.1250000000,-1.1851693099,8.0643444403e-04
4,0.1250000000,-1.1551650236,8.0367846902e-04
4,0.1250000000,-1.1251607372,8.0098290361e-04
4,0.1250000000,-1.0951564509,7.9834788599e-04
4,0.1250000000,-1.0651521646,7.9577358182e-04
4,0.1250000000,-1.0351478783,7.9326018475e-04
4,0.1250000000,-1.0051435919,7.9080791711e-04
4,0.1250000000,-0.9751393056,7.8841703048e-04
4,0.1250000000,-0.9451350193,7.8608780644e-04
4,0.1250000000,-0.9151307330,7.8382055729e-04
4,0.1250000000,-0.8851264466,7.8161562683e-04
4,0.1250000000,-0.8551221603,7.7947339124e-04
4,0.1250000000,-0.8251178740,7.7739425988e-04
4,0.1250000000,-0.7951135877,7.7537867632e-04
4,0.1250000000,-0.7651093013,7.7342711928e-04
4,0.1250000000,-0.7351050150,7.7154010368e-04
4,0.1250000000,-0.7051007287,7.6971818178e-04
4,0.1250000000,-0.6750964423,7.6796194436e-04
4,0.1250000000,-0.6450921560,7.6627202194e-04
4,0.1250000000,-0.6150878697,7.6464908611e-04
4,0.1250000000,-0.5850835834,7.6309385093e-04
4,0.1250000000,-0.5550792970,7.6160707439e-04
4,0.1250000000,-0.5250750107,7.6018955996e-04
4,0.1250000000,-0.4950707244,7.5884215827e-04
4,0.1250000000,-0.4650664381,7.5756576879e-04
4,0.1250000000,-0.4350621517,7.5636134171e-04
4,0.1250000000,-0.4050578654,7.5522987985e-04
4,0.1250000000,-0.3750535791,7.5417244071e-04
4,0.1250000000,-0.3450492928,7.5319013868e-04
4,0.1250000000,-0.3150450064,7.5228414723e-04
4,0.1250000000,-0.2850407201,7.5145570144e-04
4,0.1250000000,-0.2550364338,7.5070610046e-04
4,0.1250000000,-0.2250321474,7.5003671029e-04
4,0.1250000000,-0.1950278611,7.4944896656e-04
4,0.1250000000,-0.1650235748,7.4894437764e-04
4,0.1250000000,-0.1350192885,7.4852452776e-04
4,0.1250000000,-0.1050150021,7.4819108045e-04
4,0.1250000000,-0.0750107158,7.4794578210e-04
4,0.1250000000,-0.0450064295,7.4779046576e-04
4,0.1250000000,-0.0150021432,7.4772705518e-04
4,0.1250000000,0.0150021432,7.4775756904e-04
4,0.1250000000,0.0450064295,7.4788412551e-04
4,0.1250000000,0.0750107158,7.4810894701e-04
4,0.1250000000,0.1050150021,7.4843436530e-04
4,0.1250000000,0.1350192885,7.4886282691e-04
4,0.1250000000,0.1650235748,7.4939689881e-04
4,0.1250000000,0.1950278611,7.5003927457e-04
4,0.1250000000,0.2250321474,7.5079278077e-04
4,0.1250000000,0.2550364338,7.5166038392e-04
4,0.1250000000,0.2850407201,7.5264519774e-04
4,0.1250000000,0.3150450064,7.5375049098e-04
4,0.1250000000,0.3450492928,7.5497969569e-04
4,0.1250000000,0.3750535791,7.5633641608e-04
4,0.1250000000,0.4050578654,7.5782443788e-04
4,0.1250000000,0.4350621517,7.5944773844e-04
4,0.1250000000,0.4650664381,7.6121049741e-04
4,0.1250000000,0.4950707244,7.6311710817e-04
4,0.1250000000,0.5250750107,7.6517219009e-04
4,0.1250000000,0.5550792970,7.6738060152e-04
4,0.1250000000,0.5850835834,7.6974745381e-04
4,0.1250000000,0.6150878697,7.7227812622e-04
4,0.1250000000,0.6450921560,7.7497828196e-04
4,0.1250000000,0.6750964423,7.7785388530e-04
4,0.1250000000,0.7051007287,7.8091121996e-04
4,0.1250000000,0.7351050150,7.8415690886e-04
4,0.1250000000,0.7651093013,7.8759793529e-04
4,0.1250000000,0.7951135877,7.9124166565e-04
4,0.1250000000,0.8251178740,7.9509587393e-04
4,0.1250000000,0.8551221603,7.9916876804e-04
4,0.1250000000,0.8851264466,8.0346901816e-04
4,0.1250000000,0.9151307330,8.0800578729e-04
4,0.1250000000,0.9451350193,8.1278876419e-04
4,0.1250000000,0.9751393056,8.1782819896e-04
4,0.1250000000,1.0051435919,8.2313494146e-04
4,0.1250000000,1.0351478783,8.2872048283e-04
4,0.1250000000,1.0651521646,8.3459700044e-04
4,0.1250000000,1.0951564509,8.4077740661e-04
4,0.1250000000,1.1251607372,8.4727540131e-04
4,0.1250000000,1.1551650236,8.5410552951e-04
4,0.1250000000,1.1851693099,8.6128324329e-04
4,0.1250000000,1.2151735962,8.6882496949e-04
4,0.1250000000,1.2451778826,8.7674818327e-04
4,0.1250000000,1.2751821689,8.8507148825e-04
4,0.1250000000,1.3051864552,8.9381470391e-04
4,0.1250000000,1.3351907415,9.0299896098e-04
4,0.1250000000,1.3651950279,9.1264680568e-04
4,0.1250000000,1.3951993142,9.2278231381e-04
4,0.1250000000,1.4252036005,9.3343121561e-04
4,0.1250000000,1.4552078868,9.4462103284e-04
4,0.1250000000,1.4852121732,9.5638122910e-04
4,0.1250000000,1.5152164595,9.6874337526e-04
4,0.1250000000,1.5452207458,9.8174133138e-04
4,0.1250000000,1.5752250321,9.9541144734e-04
4,0.1250000000,1.6052293185,1.0097927842e-03
4,0.1250000000,1.6352336048,1.0249273588e-03
4,0.1250000000,1.6652378911,1.0408604147e-03
4,0.1250000000,1.6952421775,1.0576407222e-03
4,0.1250000000,1.7252464638,1.0753209114e-03
4,0.1250000000,1.7552507501,1.0939578427e-03
4,0.1250000000,1.7852550364,1.1136130193e-03
4,0.1250000000,1.8152593228,1.1343530472e-03
4,0.1250000000,1.8452636091,1.1562501490e-03
4,0.1250000000,1.8752678954,1.1793827397e-03
4,0.1250000000,1.9052721817,1.2038360713e-03
4,0.1250000000,1.9352764681,1.2297029579e-03
4,0.1250000000,1.9652807544,1.2570845907e-03
4,0.1250000000,1.9952850407,1.2860914589e-03
4,0.1250000000,2.0252893270,1.3168443882e-03
4,0.1250000000,2.0552936134,1.3494757188e-03
4,0.1250000000,2.0852978997,1.3841306414e-03
4,0.1250000000,2.1153021860,1.4209687172e-03
4,0.1250000000,2.1453064724,1.4601656115e-03
4,0.1250000000,2.1753107587,1.5019150747e-03
4,0.1250000000,2.2053150450,1.5464312128e-03
4,0.1250000000,2.2353193313,1.5939510961e-03
4,0.1250000000,2.2653236177,1.6447377646e-03
4,0.1250000000,2.2953279040,1.6990837004e-03
4,0.1250000000,2.3253321903,1.7573148514e-03
4,0.1250000000,2.3553364766,1.8197953075e-03
4,0.1250000000,2.3853407630,1.8869327545e-03
4,0.1250000000,2.4153450493,1.9591848529e-03
4,0.1250000000,2.4453493356,2.0370667272e-03
4,0.1250000000,2.4753536219,2.1211597889e-03
4,0.1250000000,2.5053579083,2.2121221703e-03
4,0.1250000000,2.5353621946,2.3107011123e-03
4,0.1250000000,2.5653664809,2.4177477305e-03
4,0.1250000000,2.5953707673,2.5342346936e-03
4,0.1250000000,2.6253750536,2.6612774823e-03
4,0.1250000000,2.6553793399,2.8001600732e-03
4,0.1250000000,2.6853836262,2.9523661219e-03
4,0.1250000000,2.7153879126,3.1196170171e-03
4,0.1250000000,2.7453921989,3.3039185680e-03
4,0.1250000000,2.7753964852,3.5076186100e-03
4,0.1250000000,2.8054007715,3.7334784989e-03
4,0.1250000000,2.8354050579,3.9847623937e-03
4,0.1250000000,2.8654093442,4.2653494774e-03
4,0.1250000000,2.8954136305,4.5798759653e-03
4,0.1250000000,2.9254179168,4.9339160840e-03
4,0.1250000000,2.9554222032,5.3342144188e-03
4,0.1250000000,2.9854264895,5.7889865015e-03
4,0.1250000000,3.0154307758,6.3083107637e-03
4,0.1250000000,3.0454350622,6.9046437811e-03
4,0.1250000000,3.0754393485,7.5935031641e-03
4,0.1250000000,3.1054436348,8.3943800389e-03
4,0.1250000000,3.1354479211,9.3319679052e-03
4,0.1250000000,3.1654522075,1.0437829417e-02
4,0.1250000000,3.1954564938,1.1752670272e-02
4,0.1250000000,3.2254607801,1.3329451755e-02
4,0.1250000000,3.2554650664,1.5237647195e-02
4,0.1250000000,3.2854693528,1.7569012332e-02
4,0.1250000000,3.3154736391,2.0445228066e-02
4,0.1250000000,3.3454779254,2.4027495668e-02
4,0.1250000000,3.3754822117,2.8527123671e-02
4,0.1250000000,3.4054864981,3.4213136480e-02
4,0.1250000000,3.4354907844,4.1405289806e-02
4,0.1250000000,3.4654950707,5.0423749410e-02
4,0.1250000000,3.4954993571,6.1435763069e-02
4,0.1250000000,3.5255036434,7.4111058823e-02
4,0.1250000000,3.5555079297,8.7070549990e-02
4,0.1250000000,3.5855122160,9.7507764221e-02
4,0.1250000000,3.6155165024,1.0196471416e-01
4,0.1250000000,3.6455207887,9.8610630308e-02
4,0.1250000000,3.6755250750,8.8842695185e-02
4,0.1250000000,3.7055293613,7.6043080796e-02
4,0.1250000000,3.7355336477,6.3204321646e-02
4,0.1250000000,3.7655379340,5.1906313229e-02
4,0.1250000000,3.7955422203,4.2595869839e-02
4,0.1250000000,3.8255465066,3.5151612981e-02
4,0.1250000000,3.8555507930,2.9262697183e-02
4,0.1250000000,3.8855550793,2.4604525124e-02
4,0.1250000000,3.9155593656,2.0899569712e-02
4,0.1250000000,3.9455636520,1.7928346295e-02
4,0.1250000000,3.9755679383,1.5522944664e-02
4,0.1250000000,4.0055722246,1.3556517156e-02
4,0.1250000000,4.0355765109,1.1933435530e-02
4,0.1250000000,4.0655807973,1.0581353233e-02
4,0.1250000000,4.0955850836,9.4451799002e-03
4,0.1250000000,4.1255893699,8.4826265821e-03
4,0.1250000000,4.1555936562,7.6609459699e-03
4,0.1250000000,4.1855979426,6.9545513934e-03
4,0.1250000000,4.2156022289,6.3432727130e-03
4,0.1250000000,4.2456065152,5.8110716786e-03
4,0.1250000000,4.2756108015,5.3450890808e-03
4,0.1250000000,4.3056150879,4.9349324910e-03
4,0.1250000000,4.3356193742,4.5721395037e-03
4,0.1250000000,4.3656236605,4.2497699087e-03
4,0.1250000000,4.3956279468,3.9620932981e-03
4,0.1250000000,4.4256322332,3.7043478696e-03
4,0.1250000000,4.4556365195,3.4725527638e-03
4,0.1250000000,4.4856408058,3.2633609671e-03
4,0.1250000000,4.5156450922,3.0739431887e-03
4,0.1250000000,4.5456493785,2.9018955632e-03
4,0.1250000000,4.5756536648,2.7451658106e-03
4,0.1250000000,4.6056579511,2.6019937951e-03
4,0.1250000000,4.6356622375,2.4708633891e-03
4,0.1250000000,4.6656665238,2.3504632714e-03
4,0.1250000000,4.6956708101,2.2396548283e-03
4,0.1250000000,4.7256750964,2.1374457343e-03
4,0.1250000000,4.7556793828,2.0429681008e-03
4,0.1250000000,4.7856836691,1.9554603171e-03
4,0.1250000000,4.8156879554,1.8742518915e-03
4,0.1250000000,4.8456922417,1.7987507440e-03
4,0.1250000000,4.8756965281,1.7284325076e-03
4,0.1250000000,4.9057008144,1.6628314878e-03
4,0.1250000000,4.9357051007,1.6015329923e-03
4,0.1250000000,4.9657093871,1.5441668010e-03
4,0.1250000000,4.9957136734,1.4904015867e-03
4,0.1250000000,5.0257179597,1.4399401331e-03
4,0.1250000000,5.0557222460,1.3925152214e-03
4,0.1250000000,5.0857265324,1.3478860831e-03
4,0.1250000000,5.1157308187,1.3058353305e-03
4,0.1250000000,5.1457351050,1.2661662940e-03
4,0.1250000000,5.1757393913,1.2287007048e-03
4,0.1250000000,5.2057436777,1.1932766742e-03
4,0.1250000000,5.2357479640,1.1597469266e-03
4,0.1250000000,5.2657522503,1.1279772497e-03
4,0.1250000000,5.2957565366,1.0978451329e-03
4,0.1250000000,5.3257608230,1.0692385686e-03
4,0.1250000000,5.3557651093,1.0420549935e-03
4,0.1250000000,5.3857693956,1.0162003522e-03
4,0.1250000000,5.4157736820,9.9158826737e-04
4,0.1250000000,5.4457779683,9.6813930272e-04
4,0.1250000000,5.4757822546,9.4578030679e-04
4,0.1250000000,5.5057865409,9.2444382833e-04
4,0.1250000000,5.5357908273,9.0406759388e-04
4,0.1250000000,5.5657951136,8.8459404045e-04
4,0.1250000000,5.5957993999,8.6596989671e-04
4,0.1250000000,5.6258036862,8.4814580694e-04
4,0.1250000000,5.6558079726,8.3107599299e-04
4,0.1250000000,5.6858122589,8.1471794989e-04
4,0.1250000000,5.7158165452,7.9903217122e-04
4,0.1250000000,5.7458208315,7.8398190124e-04
4,0.1250000000,5.7758251179,7.6953291060e-04
4,0.1250000000,5.8058294042,7.5565329329e-04
4,0.1250000000,5.8358336905,7.4231328247e-04
4,0.1250000000,5.8658379769,7.2948508332e-04
4,0.1250000000,5.8958422632,7.1714272108e-04
4,0.1250000000,5.9258465495,7.0526190272e-04
4,0.1250000000,5.9558508358,6.9381989103e-04
4,0.1250000000,5.9858551222,6.8279538968e-04
4,0.1250000000,6.0158594085,6.7216843839e-04
4,0.1250000000,6.0458636948,6.6192031710e-04
4,0.1250000000,6.0758679811,6.5203345841e-04
4,0.1250000000,6.1058722675,6.4249136735e-04
4,0.1250000000,6.1358765538,6.3327854804e-04
4,0.1250000000,6.1658808401,6.2438043640e-04
4,0.1250000000,6.1958851264,6.1578333856e-04
4,0.1250000000,6.2258894128,6.0747437431e-04
4,0.1250000000,6.2558936991,5.9944142533e-04
4,0.1250000000,6.2858979854,5.9167308767e-04
4,0.1250000000,6.3159022718,5.8415862824e-04
4,0.1250000000,6.3459065581,5.7688794490e-04
4,0.1250000000,6.3759108444,5.6985153002e-04
4,0.1250000000,6.4059151307,5.6304043712e-04
4,0.1250000000,6.4359194171,5.5644625048e-04
4,0.1250000000,6.4659237034,5.5006105752e-04
4,0.1250000000,6.4959279897,5.4387742371e-04
4,0.1250000000,6.5259322760,5.3788837004e-04
4,0.1250000000,6.5559365624,5.3208735279e-04
4,0.1250000000,6.5859408487,5.2646824553e-04
4,0.1250000000,6.6159451350,5.2102532342e-04
4,0.1250000000,6.6459494213,5.1575324962e-04
4,0.1250000000,6.6759537077,5.1064706384e-04
4,0.1250000000,6.7059579940,5.0570217306e-04
4,0.1250000000,6.7359622803,5.0091434451e-04
4,0.1250000000,6.7659665667,4.9627970082e-04
4,0.1250000000,6.7959708530,4.9179471764e-04
4,0.1250000000,6.8259751393,4.8745622372e-04
4,0.1250000000,6.8559794256,4.8326140373e-04
4,0.1250000000,6.8859837120,4.7920780400e-04
4,0.1250000000,6.9159879983,4.7529334153e-04
4,0.1250000000,6.9459922846,4.7151631662e-04
4,0.1250000000,6.9759965709,4.6787542956e-04
4,0.1250000000,7.0060008573,4.6436980200e-04
4,0.1250000000,7.0360051436,4.6099900360e-04
4,0.1250000000,7.0660094299,4.5776308493e-04
4,0.1250000000,7.0960137162,4.5466261753e-04
4,0.1250000000,7.1260180026,4.5169874243e-04
4,0.1250000000,7.1560222889,4.4887322876e-04
4,0.1250000000,7.1860265752,4.4618854423e-04
4,0.1250000000,7.2160308616,4.4364793999e-04
4,0.1250000000,7.2460351479,4.4125555264e-04
4,0.1250000000,7.2760394342,4.3901652719e-04
4,0.1250000000,7.3060437205,4.3693716546e-04
4,0.1250000000,7.3360480069,4.3502510562e-04
4,0.1250000000,7.3660522932,4.3328954026e-04
4,0.1250000000,7.3960565795,4.3174148206e-04
4,0.1250000000,7.4260608658,4.3039408885e-04
4,0.1250000000,7.4560651522,4.2926306336e-04
4,0.1250000000,7.4860694385,4.2836714691e-04
4,0.1250000000,7.5160737248,4.2772873282e-04
4,0.1250000000,7.5460780111,4.2737463271e-04
4,0.1250000000,7.5760822975,4.2733703979e-04
4,0.1250000000,7.6060865838,4.2765474773e-04
4,0.1250000000,7.6360908701,4.2837470341e-04
4,0.1250000000,7.6660951565,4.2955399941e-04
4,0.1250000000,7.6960994428,4.3126244996e-04
4,0.1250000000,7.7261037291,4.3358594727e-04
4,0.1250000000,7.7561080154,4.3663086988e-04
4,0.1250000000,7.7861123018,4.4052992008e-04
4,0.1250000000,7.8161165881,4.4544991674e-04
4,0.1250000000,7.8461208744,4.5160228068e-04
4,0.1250000000,7.8761251607,4.5925724555e-04
4,0.1250000000,7.9061294471,4.6876323341e-04
4,0.1250000000,7.9361337334,4.8057337074e-04
4,0.1250000000,7.9661380197,4.9528176655e-04
4,0.1250000000,7.9961423060,5.1367277737e-04
4,0.1250000000,8.0261465924,5.3678652654e-04
4,0.1250000000,8.0561508787,5.6600193487e-04
4,0.1250000000,8.0861551650,6.0313054643e-04
4,0.1250000000,8.1161594514,6.5049089591e-04
4,0.1250000000,8.1461637377,7.1087250024e-04
4,0.1250000000,8.1761680240,7.8716014558e-04
4,0.1250000000,8.2061723103,8.8112966091e-04
4,0.1250000000,8.2361765967,9.9064522958e-04
4,0.1250000000,8.2661808830,1.1049292611e-03
4,0.1250000000,8.2961851693,1.2006244648e-03
4,0.1250000000,8.3261894556,1.2468939983e-03
4,0.1250000000,8.3561937420,1.2245236361e-03
4,0.1250000000,8.3861980283,1.1424056668e-03
4,0.1250000000,8.4162023146,1.0295436587e-03
4,0.1250000000,8.4462066009,9.1371049611e-04
4,0.1250000000,8.4762108873,8.1047708239e-04
4,0.1250000000,8.5062151736,7.2477116272e-04
4,0.1250000000,8.5362194599,6.5591935709e-04
4,0.1250000000,8.5662237462,6.0126269118e-04
4,0.1250000000,8.5962280326,5.5789688415e-04
4,0.1250000000,8.6262323189,5.2330016654e-04
4,0.1250000000,8.6562366052,4.9546521819e-04
4,0.1250000000,8.6862408916,4.7285233175e-04
4,0.1250000000,8.7162451779,4.5429747733e-04
4,0.1250000000,8.7462494642,4.3892337447e-04
4,0.1250000000,8.7762537505,4.2606692490e-04
4,0.1250000000,8.8062580369,4.1522384463e-04
4,0.1250000000,8.8362623232,4.0600764035e-04
4,0.1250000000,8.8662666095,3.9811956977e-04
4,0.1250000000,8.8962708958,3.9132670301e-04
4,0.1250000000,8.9262751822,3.8544586202e-04
4,0.1250000000,8.9562794685,3.8033180147e-04
4,0.1250000000,8.9862837548,3.7586845172e-04
4,0.1250000000,9.0162880411,3.7196238067e-04
4,0.1250000000,9.0462923275,3.6853787324e-04
4,0.1250000000,9.0762966138,3.6553319801e-04
4,0.1250000000,9.1063009001,3.6289775218e-04
4,0.1250000000,9.1363051865,3.6058986101e-04
4,0.1250000000,9.1663094728,3.5857506928e-04
4,0.1250000000,9.1963137591,3.5682480525e-04
4,0.1250000000,9.2263180454,3.5531532905e-04
4,0.1250000000,9.2563223318,3.5402689991e-04
4,0.1250000000,9.2863266181,3.5294311282e-04
4,0.1250000000,9.3163309044,3.5205036773e-04
4,0.1250000000,9.3463351907,3.5133744281e-04
4,0.1250000000,9.3763394771,3.5079515031e-04
4,0.1250000000,9.4063437634,3.5041605819e-04
4,0.1250000000,9.4363480497,3.5019426488e-04
4,0.1250000000,9.4663523360,3.5012521687e-04
4,0.1250000000,9.4963566224,3.5020556151e-04
4,0.1250000000,9.5263609087,3.5043302872e-04
4,0.1250000000,9.5563651950,3.5080633689e-04
4,0.1250000000,9.5863694814,3.5132511913e-04
4,0.1250000000,9.6163737677,3.5198986684e-04
4,0.1250000000,9.6463780540,3.5280188841e-04
4,0.1250000000,9.6763823403,3.5376328104e-04
4,0.1250000000,9.7063866267,3.5487691461e-04
4,0.1250000000,9.7363909130,3.5614642622e-04
4,0.1250000000,9.7663951993,3.5757622509e-04
4,0.1250000000,9.7963994856,3.5917150705e-04
4,0.1250000000,9.8264037720,3.6093827867e-04
4,0.1250000000,9.8564080583,3.6288339084e-04
4,0.1250000000,9.8864123446,3.6501458228e-04
4,0.1250000000,9.9164166309,3.6734053311e-04
4,0.1250000000,9.9464209173,3.6987092943e-04
4,0.1250000000,9.9764252036,3.7261653950e-04
4,0.1250000000,10.0064294899,3.7558930288e-04
4,0.1250000000,10.0364337763,3.7880243365e-04
4,0.1250000000,10.0664380626,3.8227053957e-04
4,0.1250000000,10.0964423489,3.8600975904e-04
4,0.1250000000,10.1264466352,3.9003791838e-04
4,0.1250000000,10.1564509216,3.9437471214e-04
4,0.1250000000,10.1864552079,3.9904190998e-04
4,0.1250000000,10.2164594942,4.0406359406e-04
4,0.1250000000,10.2464637805,4.0946643179e-04
4,0.1250000000,10.2764680669,4.1527998972e-04
4,0.1250000000,10.3064723532,4.2153709532e-04
4,0.1250000000,10.3364766395,4.2827425504e-04
4,0.1250000000,10.3664809258,4.3553213829e-04
4,0.1250000000,10.3964852122,4.4335613950e-04
4,0.1250000000,10.4264894985,4.5179703248e-04
4,0.1250000000,10.4564937848,4.6091173450e-04
4,0.1250000000,10.4864980712,4.7076420162e-04
4,0.1250000000,10.5165023575,4.8142648101e-04
4,0.1250000000,10.5465066438,4.9297995242e-04
4,0.1250000000,10.5765109301,5.0551679822e-04
4,0.1250000000,10.6065152165,5.1914175099e-04
4,0.1250000000,10.6365195028,5.3397417954e-04
4,0.1250000000,10.6665237891,5.5015058986e-04
4,0.1250000000,10.6965280754,5.6782763695e-04
4,0.1250000000,10.7265323618,5.8718576939e-04
4,0.1250000000,10.7565366481,6.0843366152e-04
4,0.1250000000,10.7865409344,6.3181363156e-04
4,0.1250000000,10.8165452207,6.5760830165e-04
4,0.1250000000,10.8465495071,6.8614883133e-04
4,0.1250000000,10.8765537934,7.1782515788e-04
4,0.1250000000,10.9065580797,7.5309881308e-04
4,0.1250000000,10.9365623661,7.9251907109e-04
4,0.1250000000,10.9665666524,8.3674343387e-04
4,0.1250000000,10.9965709387,8.8656380747e-04
4,0.1250000000,11.0265752250,9.4294020180e-04
4,0.1250000000,11.0565795114,1.0070444546e-03
4,0.1250000000,11.0865837977,1.0803174177e-03
4,0.1250000000,11.1165880840,1.1645443627e-03
4,0.1250000000,11.1465923703,1.2619552328e-03
4,0.1250000000,11.1765966567,1.3753590054e-03
4,0.1250000000,11.2066009430,1.5083251550e-03
4,0.1250000000,11.2366052293,1.6654303746e-03
4,0.1250000000,11.2666095156,1.8525957084e-03
4,0.1250000000,11.2966138020,2.0775481215e-03
4,0.1250000000,11.3266180883,2.3504502456e-03
4,0.1250000000,11.3566223746,2.6847481833e-03
4,0.1250000000,11.3866266610,3.0982763355e-03
4,0.1250000000,11.4166309473,3.6145935040e-03
4,0.1250000000,11.4466352336,4.2643128877e-03
4,0.1250000000,11.4766395199,5.0856106473e-03
4,0.1250000000,11.5066438063,6.1216954759e-03
4,0.1250000000,11.5366480926,7.4100839970e-03
4,0.1250000000,11.5666523789,8.9540006295e-03
4,0.1250000000,11.5966566652,1.0665189247e-02
4,0.1250000000,11.6266609516,1.2290010467e-02
4,0.1250000000,11.6566652379,1.3402384915e-02
4,0.1250000000,11.6866695242,1.3593838910e-02
4,0.1250000000,11.7166738105,1.2786767741e-02
4,0.1250000000,11.7466780969,1.1304779381e-02
4,0.1250000000,11.7766823832,9.6014884986e-03
4,0.1250000000,11.8066866695,7.9986451002e-03
4,0.1250000000,11.8366909559,6.6353588298e-03
4,0.1250000000,11.8666952422,5.5328254860e-03
4,0.1250000000,11.8966995285,4.6613510146e-03
4,0.1250000000,11.9267038148,3.9781722799e-03
4,0.1250000000,11.9567081012,3.4431606892e-03
4,0.1250000000,11.9867123875,3.0234612306e-03
4,0.1250000000,12.0167166738,2.6937130575e-03
4,0.1250000000,12.0467209601,2.4348951371e-03
4,0.1250000000,12.0767252465,2.2329823546e-03
4,0.1250000000,12.1067295328,2.0777975516e-03
4,0.1250000000,12.1367338191,1.9621400008e-03
4,0.1250000000,12.1667381054,1.8811711609e-03
4,0.1250000000,12.1967423918,1.8320170359e-03
4,0.1250000000,12.2267466781,1.8135516225e-03
4,0.1250000000,12.2567509644,1.8263376808e-03
4,0.1250000000,12.2867552508,1.8727105579e-03
4,0.1250000000,12.3167595371,1.9569899610e-03
4,0.1250000000,12.3467638234,2.0857775994e-03
4,0.1250000000,12.3767681097,2.2682103525e-03
4,0.1250000000,12.4067723961,2.5158227910e-03
4,0.1250000000,12.4367766824,2.8412574630e-03
4,0.1250000000,12.4667809687,3.2545713660e-03
4,0.1250000000,12.4967852550,3.7561855325e-03
4,0.1250000000,12.5267895414,4.3280214885e-03
4,0.1250000000,12.5567938277,4.9263977888e-03
4,0.1250000000,12.5867981140,5.4738264778e-03
4,0.1250000000,12.6168024003,5.8489999289e-03
4,0.1250000000,12.6468066867,5.9147878288e-03
4,0.1250000000,12.6768109730,5.6136198810e-03
4,0.1250000000,12.7068152593,5.0316852742e-03
4,0.1250000000,12.7368195456,4.3341165309e-03
4,0.1250000000,12.7668238320,3.6576209154e-03
4,0.1250000000,12.7968281183,3.0700547473e-03
4,0.1250000000,12.8268324046,2.5873247956e-03
4,0.1250000000,12.8568366910,2.2003851691e-03
4,0.1250000000,12.8868409773,1.8925086072e-03
4,0.1250000000,12.9168452636,1.6470512397e-03
4,0.1250000000,12.9468495499,1.4500104230e-03
4,0.1250000000,12.9768538363,1.2903752377e-03
4,0.1250000000,13.0068581226,1.1597312389e-03
4,0.1250000000,13.0368624089,1.0517131975e-03
4,0.1250000000,13.0668666952,9.6150928131e-04
4,0.1250000000,13.0968709816,8.8546595214e-04
4,0.1250000000,13.1268752679,8.2078942463e-04
4,0.1250000000,13.1568795542,7.6532523026e-04
4,0.1250000000,13.1868838405,7.1739683263e-04
4,0.1250000000,13.2168881269,6.7568757017e-04
4,0.1250000000,13.2468924132,6.3915399166e-04
4,0.1250000000,13.2768966995,6.0696185969e-04
4,0.1250000000,13.3069009859,5.7843854866e-04
4,0.1250000000,13.3369052722,5.5303735492e-04
4,0.1250000000,13.3669095585,5.3031051639e-04
4,0.1250000000,13.3969138448,5.0988864647e-04
4,0.1250000000,13.4269181312,4.9146492823e-04
4,0.1250000000,13.4569224175,4.7478286960e-04
4,0.1250000000,13.4869267038,4.5962674369e-04
4,0.1250000000,13.5169309901,4.4581406940e-04
4,0.1250000000,13.5469352765,4.3318965465e-04
4,0.1250000000,13.5769395628,4.2162084493e-04
4,0.1250000000,13.6069438491,4.1099370855e-04
4,0.1250000000,13.6369481354,4.0120995470e-04
4,0.1250000000,13.6669524218,3.9218442878e-04
4,0.1250000000,13.6969567081,3.8384306526e-04
4,0.1250000000,13.7269609944,3.7612120557e-04
4,0.1250000000,13.7569652808,3.6896220874e-04
4,0.1250000000,13.7869695671,3.6231629835e-04
4,0.1250000000,13.8169738534,3.5613960126e-04
4,0.1250000000,13.8469781397,3.5039334259e-04
4,0.1250000000,13.8769824261,3.4504316901e-04
4,0.1250000000,13.9069867124,3.4005857762e-04
4,0.1250000000,13.9369909987,3.3541243232e-04
4,0.1250000000,13.9669952850,3.3108055299e-04
4,0.1250000000,13.9969995714,3.2704136549e-04
4,0.1250000000,14.0270038577,3.2327560285e-04
4,0.1250000000,14.0570081440,3.1976604959e-04
4,0.1250000000,14.0870124303,3.1649732282e-04
4,0.1250000000,14.1170167167,3.1345568451e-04
4,0.1250000000,14.1470210030,3.1062888078e-04
4,0.1250000000,14.1770252893,3.0800600448e-04
4,0.1250000000,14.2070295757,3.0557737803e-04
4,0.1250000000,14.2370338620,3.0333445424e-04
4,0.1250000000,14.2670381483,3.0126973303e-04
4,0.1250000000,14.2970424346,2.9937669264e-04
4,0.1250000000,14.3270467210,2.9764973401e-04
4,0.1250000000,14.3570510073,2.9608413758e-04
4,0.1250000000,14.3870552936,2.9467603196e-04
4,0.1250000000,14.4170595799,2.9342237420e-04
4,0.1250000000,14.4470638663,2.9232094169e-04
4,0.1250000000,14.4770681526,2.9137033631e-04
4,0.1250000000,14.5070724389,2.9057000135e-04
4,0.1250000000,14.5370767252,2.8992025265e-04
4,0.1250000000,14.5670810116,2.8942232547e-04
4,0.1250000000,14.5970852979,2.8907843974e-04
4,0.1250000000,14.6270895842,2.8889188652e-04
4,0.1250000000,14.6570938706,2.8886714013e-04
4,0.1250000000,14.6870981569,2.8901000115e-04
4,0.1250000000,14.7171024432,2.8932777760e-04
4,0.1250000000,14.7471067295,2.8982951363e-04
4,0.1250000000,14.7771110159,2.9052627800e-04
4,0.1250000000,14.8071153022,2.9143152887e-04
4,0.1250000000,14.8371195885,2.9256157654e-04
4,0.1250000000,14.8671238748,2.9393617350e-04
4,0.1250000000,14.8971281612,2.9557927128e-04
4,0.1250000000,14.9271324475,2.9751999774e-04
4,0.1250000000,14.9571367338,2.9979392869e-04
4,0.1250000000,14.9871410201,3.0244475543e-04
4,0.1250000000,15.0171453065,3.0552648954e-04
4,0.1250000000,15.0471495928,3.0910640218e-04
4,0.1250000000,15.0771538791,3.1326897407e-04
4,0.1250000000,15.1071581655,3.1812124213e-04
4,0.1250000000,15.1371624518,3.2380007829e-04
4,0.1250000000,15.1671667381,3.3048212831e-04
4,0.1250000000,15.1971710244,3.3839735709e-04
4,0.1250000000,15.2271753108,3.4784731168e-04
4,0.1250000000,15.2571795971,3.5922907201e-04
4,0.1250000000,15.2871838834,3.7306471583e-04
4,0.1250000000,15.3171881697,3.9003219080e-04
4,0.1250000000,15.3471924561,4.1098249562e-04
4,0.1250000000,15.3771967424,4.3690086626e-04
4,0.1250000000,15.4072010287,4.6871089471e-04
4,0.1250000000,15.4372053150,5.0672277213e-04
4,0.1250000000,15.4672096014,5.4947121187e-04
4,0.1250000000,15.4972138877,5.9205436079e-04
4,0.1250000000,15.5272181740,6.2550802842e-04
4,0.1250000000,15.5572224604,6.4020602915e-04
4,0.1250000000,15.5872267467,6.3288588621e-04
4,0.1250000000,15.6172310330,6.0964986876e-04
4,0.1250000000,15.6472353193,5.8078057172e-04
4,0.1250000000,15.6772396057,5.5430322542e-04
4,0.1250000000,15.7072438920,5.3410554086e-04
4,0.1250000000,15.7372481783,5.2118157936e-04
4,0.1250000000,15.7672524646,5.1522087860e-04
4,0.1250000000,15.7972567510,5.1557339253e-04
4,0.1250000000,15.8272610373,5.2167901439e-04
4,0.1250000000,15.8572653236,5.3321881990e-04
4,0.1250000000,15.8872696099,5.5015567200e-04
4,0.1250000000,15.9172738963,5.7274515566e-04
4,0.1250000000,15.9472781826,6.0155158027e-04
4,0.1250000000,15.9772824689,6.3748430118e-04
4,0.1250000000,16.0072867553,6.8186324833e-04
4,0.1250000000,16.0372910416,7.3652189049e-04
4,0.1250000000,16.0672953279,8.0395712555e-04
4,0.1250000000,16.0972996142,8.8753573187e-04
4,0.1250000000,16.1273039006,9.9176067459e-04
4,0.1250000000,16.1573081869,1.1225748126e-03
4,0.1250000000,16.1873124732,1.2876031041e-03
4,0.1250000000,16.2173167595,1.4960372005e-03
4,0.1250000000,16.2473210459,1.7574169919e-03
4,0.1250000000,16.2773253322,2.0777250837e-03
4,0.1250000000,16.3073296185,2.4503188264e-03
4,0.1250000000,16.3373339048,2.8407234324e-03
4,0.1250000000,16.3673381912,3.1742866483e-03
4,0.1250000000,16.3973424775,3.3533773839e-03
4,0.1250000000,16.4273467638,3.3192894758e-03
4,0.1250000000,16.4573510502,3.1042418825e-03
4,0.1250000000,16.4873553365,2.8042616395e-03
4,0.1250000000,16.5173596228,2.5102787915e-03
4,0.1250000000,16.5473639091,2.2723874827e-03
4,0.1250000000,16.5773681955,2.1023451718e-03
4,0.1250000000,16.6073724818,1.9854519746e-03
4,0.1250000000,16.6373767681,1.8901431631e-03
4,0.1250000000,16.6673810544,1.7817338850e-03
4,0.1250000000,16.6973853408,1.6424995549e-03
4,0.1250000000,16.7273896271,1.4807418691e-03
4,0.1250000000,16.7573939134,1.3178752687e-03
4,0.1250000000,16.7873981997,1.1711231404e-03
4,0.1250000000,16.8174024861,1.0478264565e-03
4,0.1250000000,16.8474067724,9.4824761524e-04
4,0.1250000000,16.8774110587,8.6953816580e-04
4,0.1250000000,16.9074153450,8.0815820507e-04
4,0.1250000000,16.9374196314,7.6090782060e-04
4,0.1250000000,16.9674239177,7.2522852286e-04
4,0.1250000000,16.9974282040,6.9921005317e-04
4,0.1250000000,17.0274324904,6.8150951694e-04
4,0.1250000000,17.0574367767,6.7126548152e-04
4,0.1250000000,17.0874410630,6.6803535974e-04
4,0.1250000000,17.1174453493,6.7176402801e-04
4,0.1250000000,17.1474496357,6.8278554927e-04
4,0.1250000000,17.1774539220,7.0185896532e-04
4,0.1250000000,17.2074582083,7.3023873856e-04
4,0.1250000000,17.2374624946,7.6977624220e-04
4,0.1250000000,17.2674667810,8.2303266297e-04
4,0.1250000000,17.2974710673,8.9333753249e-04
4,0.1250000000,17.3274753536,9.8461198204e-04
4,0.1250000000,17.3574796399,1.1005267774e-03
4,0.1250000000,17.3874839263,1.2421517785e-03
4,0.1250000000,17.4174882126,1.4030227696e-03
4,0.1250000000,17.4474924989,1.5621170437e-03
4,0.1250000000,17.4774967853,1.6812716858e-03
4,0.1250000000,17.5075010716,1.7196817834e-03
4,0.1250000000,17.5375053579,1.6636036217e-03
4,0.1250000000,17.5675096442,1.5388272213e-03
4,0.1250000000,17.5975139306,1.3886214353e-03
4,0.1250000000,17.6275182169,1.2466193335e-03
4,0.1250000000,17.6575225032,1.1290077483e-03
4,0.1250000000,17.6875267895,1.0398373224e-03
4,0.1250000000,17.7175310759,9.7773665569e-04
4,0.1250000000,17.7475353622,9.3995340319e-04
4,0.1250000000,17.7775396485,9.2404513610e-04
4,0.1250000000,17.8075439348,9.2815258990e-04
4,0.1250000000,17.8375482212,9.5025829613e-04
4,0.1250000000,17.8675525075,9.8636463730e-04
4,0.1250000000,17.8975567938,1.0278154840e-03
4,0.1250000000,17.9275610802,1.0599720159e-03
4,0.1250000000,17.9575653665,1.0668414007e-03
4,0.1250000000,17.9875696528,1.0417289439e-03
4,0.1250000000,18.0175739391,9.9260893654e-04
4,0.1250000000,18.0475782255,9.3473076037e-04
4,0.1250000000,18.0775825118,8.8038873366e-04
4,0.1250000000,18.1075867981,8.3551864409e-04
4,0.1250000000,18.1375910844,8.0142730739e-04
4,0.1250000000,18.1675953708,7.7725653118e-04
4,0.1250000000,18.1975996571,7.6151215224e-04
4,0.1250000000,18.2276039434,7.5273965020e-04
4,0.1250000000,18.2576082297,7.4974283998e-04
4,0.1250000000,18.2876125161,7.5161154925e-04
4,0.1250000000,18.3176168024,7.5768589026e-04
4,0.1250000000,18.3476210887,7.6750852243e-04
4,0.1250000000,18.3776253751,7.8078239138e-04
4,0.1250000000,18.4076296614,7.9733813435e-04
4,0.1250000000,18.4376339477,8.1711078571e-04
4,0.1250000000,18.4676382340,8.4012424151e-04
4,0.1250000000,18.4976425204,8.6648195228e-04
4,0.1250000000,18.5276468067,8.9636266755e-04
4,0.1250000000,18.5576510930,9.3002045946e-04
4,0.1250000000,18.5876553793,9.6778862452e-04
4,0.1250000000,18.6176596657,1.0100873935e-03
4,0.1250000000,18.6476639520,1.0574356896e-03
4,0.1250000000,18.6776682383,1.1104674934e-03
4,0.1250000000,18.7076725246,1.1699537275e-03
4,0.1250000000,18.7376768110,1.2368310103e-03
4,0.1250000000,18.7676810973,1.3122391834e-03
4,0.1250000000,18.7976853836,1.3975702673e-03
4,0.1250000000,18.8276896700,1.4945325186e-03
4,0.1250000000,18.8576939563,1.6052346812e-03
4,0.1250000000,18.8876982426,1.7322975186e-03
4,0.1250000000,18.9177025289,1.8790025191e-03
4,0.1250000000,18.9477068153,2.0494916353e-03
4,0.1250000000,18.9777111016,2.2490374984e-03
4,0.1250000000,19.0077153879,2.4844112711e-03
4,0.1250000000,19.0377196742,2.7643856717e-03
4,0.1250000000,19.0677239606,3.1004236651e-03
4,0.1250000000,19.0977282469,3.5076169226e-03
4,0.1250000000,19.1277325332,4.0059448424e-03
4,0.1250000000,19.1577368195,4.6219021285e-03
4,0.1250000000,19.1877411059,5.3904299402e-03
4,0.1250000000,19.2177453922,6.3567302365e-03
4,0.1250000000,19.2477496785,7.5765915747e-03
4,0.1250000000,19.2777539649,9.1115904463e-03
4,0.1250000000,19.3077582512,1.1010939237e-02
4,0.1250000000,19.3377625375,1.3265275169e-02
4,0.1250000000,19.3677668238,1.5718887945e-02
4,0.1250000000,19.3977711102,1.7968476797e-02
4,0.1250000000,19.4277753965,1.9386777487e-02
4,0.1250000000,19.4577796828,1.9440888691e-02
4,0.1250000000,19.4877839691,1.8119791358e-02
4,0.1250000000,19.5177882555,1.5944598258e-02
4,0.1250000000,19.5477925418,1.3546971903e-02
4,0.1250000000,19.5777968281,1.1339951287e-02
4,0.1250000000,19.6078011144,9.4855928404e-03
4,0.1250000000,19.6378054008,7.9950646308e-03
4,0.1250000000,19.6678096871,6.8189941202e-03
4,0.1250000000,19.6978139734,5.8963695784e-03
4,0.1250000000,19.7278182598,5.1732887071e-03
4,0.1250000000,19.7578225461,4.6066510652e-03
4,0.1250000000,19.7878268324,4.1629600251e-03
4,0.1250000000,19.8178311187,3.8165047356e-03
4,0.1250000000,19.8478354051,3.5477730508e-03
4,0.1250000000,19.8778396914,3.3421078717e-03
4,0.1250000000,19.9078439777,3.1886017395e-03
4,0.1250000000,19.9378482640,3.0792312268e-03
4,0.1250000000,19.9678525504,3.0082091334e-03
4,0.1250000000,19.9978568367,2.9715181001e-03
4,0.1250000000,20.0278611230,2.9665890898e-03
4,0.1250000000,20.0578654093,2.9920952154e-03
4,0.1250000000,20.0878696957,3.0478402189e-03
4,0.1250000000,20.1178739820,3.1347290085e-03
4,0.1250000000,20.1478782683,3.2548137041e-03
4,0.1250000000,20.1778825547,3.4114106349e-03
4,0.1250000000,20.2078868410,3.6092764950e-03
4,0.1250000000,20.2378911273,3.8548023676e-03
4,0.1250000000,20.2678954136,4.1561038130e-03
4,0.1250000000,20.2978997000,4.5227036558e-03
4,0.1250000000,20.3279039863,4.9641901135e-03
4,0.1250000000,20.3579082726,5.4870186693e-03
4,0.1250000000,20.3879125589,6.0896888528e-03
4,0.1250000000,20.4179168453,6.7610554185e-03
4,0.1250000000,20.4479211316,7.4919239172e-03
4,0.1250000000,20.4779254179,8.3004319491e-03
4,0.1250000000,20.5079297042,9.2467234304e-03
4,0.1250000000,20.5379339906,1.0420257447e-02
4,0.1250000000,20.5679382769,1.1921336611e-02
4,0.1250000000,20.5979425632,1.3858100638e-02
4,0.1250000000,20.6279468495,1.6353625925e-02
4,0.1250000000,20.6579511359,1.9546463112e-02
4,0.1250000000,20.6879554222,2.3564445948e-02
4,0.1250000000,20.7179597085,2.8442788191e-02
4,0.1250000000,20.7479639949,3.3951879606e-02
4,0.1250000000,20.7779682812,3.9354739791e-02
4,0.1250000000,20.8079725675,4.3324184608e-02
4,0.1250000000,20.8379768538,4.4455540463e-02
4,0.1250000000,20.8679811402,4.2293170993e-02
4,0.1250000000,20.8979854265,3.7741160571e-02
4,0.1250000000,20.9279897128,3.2287539940e-02
4,0.1250000000,20.9579939991,2.7075094353e-02
4,0.1250000000,20.9879982855,2.2642104270e-02
4,0.1250000000,21.0180025718,1.9108210707e-02
4,0.1250000000,21.0480068581,1.6404145147e-02
4,0.1250000000,21.0780111444,1.4408952233e-02
4,0.1250000000,21.1080154308,1.3008127750e-02
4,0.1250000000,21.1380197171,1.2107568063e-02
4,0.1250000000,21.1680240034,1.1622800836e-02
4,0.1250000000,21.1980282898,1.1449663338e-02
4,0.1250000000,21.2280325761,1.1425444115e-02
4,0.1250000000,21.2580368624,1.1318759328e-02
4,0.1250000000,21.2880411487,1.0909575840e-02
4,0.1250000000,21.3180454351,1.0132340233e-02
4,0.1250000000,21.3480497214,9.1143049014e-03
4,0.1250000000,21.3780540077,8.0511268324e-03
4,0.1250000000,21.4080582940,7.0778771002e-03
4,0.1250000000,21.4380625804,6.2386125721e-03
4,0.1250000000,21.4680668667,5.5191552370e-03
4,0.1250000000,21.4980711530,4.8909330777e-03
4,0.1250000000,21.5280754393,4.3376694017e-03
4,0.1250000000,21.5580797257,3.8558489716e-03
4,0.1250000000,21.5880840120,3.4436795718e-03
4,0.1250000000,21.6180882983,3.0954650935e-03
4,0.1250000000,21.6480925847,2.8025400051e-03
4,0.1250000000,21.6780968710,2.5556895362e-03
4,0.1250000000,21.7081011573,2.3466318918e-03
4,0.1250000000,21.7381054436,2.1685083056e-03
4,0.1250000000,21.7681097300,2.0158568523e-03
4,0.1250000000,21.7981140163,1.8844059527e-03
4,0.1250000000,21.8281183026,1.7708440180e-03
4,0.1250000000,21.8581225889,1.6726211434e-03
4,0.1250000000,21.8881268753,1.5877955776e-03
4,0.1250000000,21.9181311616,1.5149225859e-03
4,0.1250000000,21.9481354479,1.4529798431e-03
4,0.1250000000,21.9781397342,1.4013242583e-03
4,0.1250000000,22.0081440206,1.3596772069e-03
4,0.1250000000,22.0381483069,1.3281373854e-03
4,0.1250000000,22.0681525932,1.3072222492e-03
4,0.1250000000,22.0981568796,1.2979391007e-03
4,0.1250000000,22.1281611659,1.3018824234e-03
4,0.1250000000,22.1581654522,1.3213375279e-03
4,0.1250000000,22.1881697385,1.3593244093e-03
4,0.1250000000,22.2181740249,1.4194039113e-03
4,0.1250000000,22.2481783112,1.5048384368e-03
4,0.1250000000,22.2781825975,1.6163665791e-03
4,0.1250000000,22.3081868838,1.7478714334e-03
4,0.1250000000,22.3381911702,1.8812004132e-03
4,0.1250000000,22.3681954565,1.9868042854e-03
4,0.1250000000,22.3981997428,2.0385698519e-03
4,0.1250000000,22.4282040291,2.0335567173e-03
4,0.1250000000,22.4582083155,1.9897613414e-03
4,0.1250000000,22.4882126018,1.9221205094e-03
4,0.1250000000,22.5182168881,1.8291310244e-03
4,0.1250000000,22.5482211745,1.7048721429e-03
4,0.1250000000,22.5782254608,1.5563520982e-03
4,0.1250000000,22.6082297471,1.4025051230e-03
4,0.1250000000,22.6382340334,1.2609344728e-03
4,0.1250000000,22.6682383198,1.1406368084e-03
4,0.1250000000,22.6982426061,1.0433372856e-03
4,0.1250000000,22.7282468924,9.6722106246e-04
4,0.1250000000,22.7582511787,9.0956292303e-04
4,0.1250000000,22.7882554651,8.6795451464e-04
4,0.1250000000,22.8182597514,8.4067959103e-04
4,0.1250000000,22.8482640377,8.2662039094e-04
4,0.1250000000,22.8782683240,8.2476208427e-04
4,0.1250000000,22.9082726104,8.3312926740e-04
4,0.1250000000,22.9382768967,8.4708004123e-04
4,0.1250000000,22.9682811830,8.5790730972e-04
4,0.1250000000,22.9982854694,8.5456602955e-04
4,0.1250000000,23.0282897557,8.3016595214e-04
4,0.1250000000,23.0582940420,7.8749394657e-04
4,0.1250000000,23.0882983283,7.3618688878e-04
4,0.1250000000,23.1183026147,6.8545609759e-04
4,0.1250000000,23.1483069010,6.4039368835e-04
4,0.1250000000,23.1783111873,6.0252108851e-04
4,0.1250000000,23.2083154736,5.7149821857e-04
4,0.1250000000,23.2383197600,5.4634212109e-04
4,0.1250000000,23.2683240463,5.2601070997e-04
4,0.1250000000,23.2983283326,5.0961164654e-04
4,0.1250000000,23.3283326189,4.9644491311e-04
4,0.1250000000,23.3583369053,4.8598605943e-04
4,0.1250000000,23.3883411916,4.7785514406e-04
4,0.1250000000,23.4183454779,4.7178754316e-04
4,0.1250000000,23.4483497643,4.6761105259e-04
4,0.1250000000,23.4783540506,4.6522931451e-04
4,0.1250000000,23.5083583369,4.6460982264e-04
4,0.1250000000,23.5383626232,4.6577327959e-04
4,0.1250000000,23.5683669096,4.6877859282e-04
4,0.1250000000,23.5983711959,4.7369447420e-04
4,0.1250000000,23.6283754822,4.8055052524e-04
4,0.1250000000,23.6583797685,4.8928736607e-04
4,0.1250000000,23.6883840549,4.9978946419e-04
4,0.1250000000,23.7183883412,5.1209016768e-04
4,0.1250000000,23.7483926275,5.2662196008e-04
4,0.1250000000,23.7783969138,5.4422121713e-04
4,0.1250000000,23.8084012002,5.6591827817e-04
4,0.1250000000,23.8384054865,5.9281287666e-04
4,0.1250000000,23.8684097728,6.2613098601e-04
4,0.1250000000,23.8984140592,6.6737084647e-04
4,0.1250000000,23.9284183455,7.1847139378e-04
4,0.1250000000,23.9584226318,7.8199768556e-04
4,0.1250000000,23.9884269181,8.6135603219e-04
4,0.1250000000,24.0184312045,9.6103540708e-04
4,0.1250000000,24.0484354908,1.0868183022e-03
4,0.1250000000,24.0784397771,1.2457711385e-03
4,0.1250000000,24.1084440634,1.4455198287e-03
4,0.1250000000,24.1384483498,1.6917280490e-03
4,0.1250000000,24.1684526361,1.9819799234e-03
4,0.1250000000,24.1984569224,2.2949259966e-03
4,0.1250000000,24.2284612087,2.5798365850e-03
4,0.1250000000,24.2584654951,2.7648591803e-03
4,0.1250000000,24.2884697814,2.7990398622e-03
4,0.1250000000,24.3184740677,2.6952352315e-03
4,0.1250000000,24.3484783541,2.5188237689e-03
4,0.1250000000,24.3784826404,2.3398813728e-03
4,0.1250000000,24.4084869267,2.2050924159e-03
4,0.1250000000,24.4384912130,2.1366181610e-03
4,0.1250000000,24.4684954994,2.1370771019e-03
4,0.1250000000,24.4984997857,2.1899292586e-03
4,0.1250000000,24.5285040720,2.2565080905e-03
4,0.1250000000,24.5585083583,2.2815613257e-03
4,0.1250000000,24.5885126447,2.2206663700e-03
4,0.1250000000,24.6185169310,2.0730465694e-03
4,0.1250000000,24.6485212173,1.8792687298e-03
4,0.1250000000,24.6785255036,1.6867999538e-03
4,0.1250000000,24.7085297900,1.5245491549e-03
4,0.1250000000,24.7385340763,1.3995466055e-03
4,0.1250000000,24.7685383626,1.3028039704e-03
4,0.1250000000,24.7985426489,1.2166917240e-03
4,0.1250000000,24.8285469353,1.1251493598e-03
4,0.1250000000,24.8585512216,1.0236102519e-03
4,0.1250000000,24.8885555079,9.1908251461e-04
4,0.1250000000,24.9185597943,8.2135917051e-04
4,0.1250000000,24.9485640806,7.3637902142e-04
4,0.1250000000,24.9785683669,6.6559536730e-04
4,0.1250000000,25.0085726532,6.0790949717e-04
4,0.1250000000,25.0385769396,5.6135700468e-04
4,0.1250000000,25.0685812259,5.2397408930e-04
4,0.1250000000,25.0985855122,4.9411462116e-04
4,0.1250000000,25.1285897985,4.7051295968e-04
4,0.1250000000,25.1585940849,4.5225658543e-04
4,0.1250000000,25.1885983712,4.3874004168e-04
4,0.1250000000,25.2186026575,4.2962581672e-04
4,0.1250000000,25.2486069438,4.2481690842e-04
4,0.1250000000,25.2786112302,4.2443300262e-04
4,0.1250000000,25.3086155165,4.2876542521e-04
4,0.1250000000,25.3386198028,4.3815461883e-04
4,0.1250000000,25.3686240892,4.5268593204e-04
4,0.1250000000,25.3986283755,4.7158791877e-04
4,0.1250000000,25.4286326618,4.9245201480e-04
4,0.1250000000,25.4586369481,5.1112886633e-04
4,0.1250000000,25.4886412345,5.2358694044e-04
4,0.1250000000,25.5186455208,5.2880868575e-04
4,0.1250000000,25.5486498071,5.2887230215e-04
4,0.1250000000,25.5786540934,5.2566473347e-04
4,0.1250000000,25.6086583798,5.1894326940e-04
4,0.1250000000,25.6386626661,5.0824851639e-04
4,0.1250000000,25.6686669524,4.9542872369e-04
4,0.1250000000,25.6986712387,4.8415704156e-04
4,0.1250000000,25.7286755251,4.7778425636e-04
4,0.1250000000,25.7586798114,4.7835250464e-04
4,0.1250000000,25.7886840977,4.8694339587e-04
4,0.1250000000,25.8186883841,5.0432101314e-04
4,0.1250000000,25.8486926704,5.3132761331e-04
4,0.1250000000,25.8786969567,5.6893648534e-04
4,0.1250000000,25.9087012430,6.1794102394e-04
4,0.1250000000,25.9387055294,6.7832011155e-04
4,0.1250000000,25.9687098157,7.4879658695e-04
4,0.1250000000,25.9987141020,8.2789305222e-04
4,0.1250000000,26.0287183883,9.1689951841e-04
4,0.1250000000,26.0587226747,1.0214129400e-03
4,0.1250000000,26.0887269610,1.1474493469e-03
4,0.1250000000,26.1187312473,1.2932667302e-03
4,0.1250000000,26.1487355336,1.4408997387e-03
4,0.1250000000,26.1787398200,1.5537250596e-03
4,0.1250000000,26.2087441063,1.5908145160e-03
4,0.1250000000,26.2387483926,1.5359185627e-03
4,0.1250000000,26.2687526790,1.4108148175e-03
4,0.1250000000,26.2987569653,1.2563855807e-03
4,0.1250000000,26.3287612516,1.1071510285e-03
4,0.1250000000,26.3587655379,9.8182866274e-04
4,0.1250000000,26.3887698243,8.8652691996e-04
4,0.1250000000,26.4187741106,8.2062184223e-04
4,0.1250000000,26.4487783969,7.8050944490e-04
4,0.1250000000,26.4787826832,7.6062465521e-04
4,0.1250000000,26.5087869696,7.5282098159e-04
4,0.1250000000,26.5387912559,7.4645340261e-04
4,0.1250000000,26.5687955422,7.3185576153e-04
4,0.1250000000,26.5987998285,7.0557760952e-04
4,0.1250000000,26.6288041149,6.7082686250e-04
4,0.1250000000,26.6588084012,6.3267886575e-04
4,0.1250000000,26.6888126875,5.9503610075e-04
4,0.1250000000,26.7188169739,5.6105350884e-04
4,0.1250000000,26.7488212602,5.3345389001e-04
4,0.1250000000,26.7788255465,5.1397175063e-04
4,0.1250000000,26.8088298328,5.0326486902e-04
4,0.1250000000,26.8388341192,5.0141541773e-04
4,0.1250000000,26.8688384055,5.0846899815e-04
4,0.1250000000,26.8988426918,5.2478139513e-04
4,0.1250000000,26.9288469781,5.5121848231e-04
4,0.1250000000,26.9588512645,5.8930032332e-04
4,0.1250000000,26.9888555508,6.4134404890e-04
4,0.1250000000,27.0188598371,7.1061081660e-04
4,0.1250000000,27.0488641234,8.0139044017e-04
4,0.1250000000,27.0788684098,9.1881100910e-04
4,0.1250000000,27.1088726961,1.0678538809e-03
4,0.1250000000,27.1388769824,1.2505354259e-03
4,0.1250000000,27.1688812688,1.4598695066e-03
4,0.1250000000,27.1988855551,1.6709659640e-03
4,0.1250000000,27.2288898414,1.8369309285e-03
4,0.1250000000,27.2588941277,1.9056339137e-03
4,0.1250000000,27.2888984141,1.8572471655e-03
4,0.1250000000,27.3189027004,1.7226194499e-03
4,0.1250000000,27.3489069867,1.5564881946e-03
4,0.1250000000,27.3789112730,1.4003924259e-03
4,0.1250000000,27.4089155594,1.2691685902e-03
4,0.1250000000,27.4389198457,1.1570355510e-03
4,0.1250000000,27.4689241320,1.0511832058e-03
4,0.1250000000,27.4989284183,9.4502314564e-04
4,0.1250000000,27.5289327047,8.4207031272e-04
4,0.1250000000,27.5589369910,7.4960213058e-04
4,0.1250000000,27.5889412773,6.7195809239e-04
4,0.1250000000,27.6189455637,6.0890377696e-04
4,0.1250000000,27.6489498500,5.5713542474e-04
4,0.1250000000,27.6789541363,5.1273967687e-04
4,0.1250000000,27.7089584226,4.7343515496e-04
4,0.1250000000,27.7389627090,4.3909401428e-04
4,0.1250000000,27.7689669953,4.1049353895e-04
4,0.1250000000,27.7989712816,3.8807101138e-04
4,0.1250000000,27.8289755679,3.7153984274e-04
4,0.1250000000,27.8589798543,3.5988750540e-04
4,0.1250000000,27.8889841406,3.5136191625e-04
4,0.1250000000,27.9189884269,3.4372580587e-04
4,0.1250000000,27.9489927132,3.3524251914e-04
4,0.1250000000,27.9789969996,3.2581058826e-04
4,0.1250000000,28.0090012859,3.1685621136e-04
4,0.1250000000,28.0390055722,3.1014683805e-04
4,0.1250000000,28.0690098586,3.0697187010e-04
4,0.1250000000,28.0990141449,3.0812534518e-04
4,0.1250000000,28.1290184312,3.1420105094e-04
4,0.1250000000,28.1590227175,3.2581280318e-04
4,0.1250000000,28.1890270039,3.4360984042e-04
4,0.1250000000,28.2190312902,3.6799578262e-04
4,0.1250000000,28.2490355765,3.9840477552e-04
4,0.1250000000,28.2790398628,4.3214656372e-04
4,0.1250000000,28.3090441492,4.6366003853e-04
4,0.1250000000,28.3390484355,4.8608366062e-04
4,0.1250000000,28.3690527218,4.9532436895e-04
4,0.1250000000,28.3990570081,4.9199403994e-04
4,0.1250000000,28.4290612945,4.7834504453e-04
4,0.1250000000,28.4590655808,4.5563804936e-04
4,0.1250000000,28.4890698671,4.2586163903e-04
4,0.1250000000,28.5190741535,3.9334151784e-04
4,0.1250000000,28.5490784398,3.6294798440e-04
4,0.1250000000,28.5790827261,3.3787040951e-04
4,0.1250000000,28.6090870124,3.1932777928e-04
4,0.1250000000,28.6390912988,3.0739637456e-04
4,0.1250000000,28.6690955851,3.0179611097e-04
4,0.1250000000,28.6990998714,3.0230981338e-04
4,0.1250000000,28.7291041577,3.0889733405e-04
4,0.1250000000,28.7591084441,3.2155699702e-04
4,0.1250000000,28.7891127304,3.3987168492e-04
4,0.1250000000,28.8191170167,3.6215369553e-04
4,0.1250000000,28.8491213030,3.8449834921e-04
4,0.1250000000,28.8791255894,4.0110051102e-04
4,0.1250000000,28.9091298757,4.0737269860e-04
4,0.1250000000,28.9391341620,4.0389832651e-04
4,0.1250000000,28.9691384483,3.9626797252e-04
4,0.1250000000,28.9991427347,3.9092868151e-04
4,0.1250000000,29.0291470210,3.9188239907e-04
4,0.1250000000,29.0591513073,3.9979265345e-04
4,0.1250000000,29.0891555937,4.1196171646e-04
4,0.1250000000,29.1191598800,4.2280048049e-04
4,0.1250000000,29.1491641663,4.2630211615e-04
4,0.1250000000,29.1791684526,4.2037548579e-04
4,0.1250000000,29.2091727390,4.0859550483e-04
4,0.1250000000,29.2391770253,3.9695469503e-04
4,0.1250000000,29.2691813116,3.8969611588e-04
4,0.1250000000,29.2991855979,3.8765077891e-04
4,0.1250000000,29.3291898843,3.8860183468e-04
4,0.1250000000,29.3591941706,3.8901275862e-04
4,0.1250000000,29.3891984569,3.8687769274e-04
4,0.1250000000,29.4192027432,3.8356361112e-04
4,0.1250000000,29.4492070296,3.8269364414e-04
4,0.1250000000,29.4792113159,3.8790200556e-04
4,0.1250000000,29.5092156022,4.0188503368e-04
4,0.1250000000,29.5392198886,4.2662619295e-04
4,0.1250000000,29.5692241749,4.6373163323e-04
4,0.1250000000,29.5992284612,5.1420988068e-04
4,0.1250000000,29.6292327475,5.7727982850e-04
4,0.1250000000,29.6592370339,6.4802442136e-04
4,0.1250000000,29.6892413202,7.1484054731e-04
4,0.1250000000,29.7192456065,7.6005781115e-04
4,0.1250000000,29.7492498928,7.6780931210e-04
4,0.1250000000,29.7792541792,7.3582392599e-04
4,0.1250000000,29.8092584655,6.7792632125e-04
4,0.1250000000,29.8392627518,6.1335461444e-04
4,0.1250000000,29.8692670381,5.5611477488e-04
4,0.1250000000,29.8992713245,5.1272683845e-04
4,0.1250000000,29.9292756108,4.8477912545e-04
4,0.1250000000,29.9592798971,4.7153930798e-04
4,0.1250000000,29.9892841835,4.7117327423e-04
4,0.1250000000,30.0192884698,4.8099532601e-04
4,0.1250000000,30.0492927561,4.9781243928e-04
4,0.1250000000,30.0792970424,5.1902055996e-04
4,0.1250000000,30.1093013288,5.4305199612e-04
4,0.1250000000,30.1393056151,5.6714187133e-04
4,0.1250000000,30.1693099014,5.8450976649e-04
4,0.1250000000,30.1993141877,5.8629473313e-04
4,0.1250000000,30.2293184741,5.6883701872e-04
4,0.1250000000,30.2593227604,5.3794767882e-04
4,0.1250000000,30.2893270467,5.0440458425e-04
4,0.1250000000,30.3193313330,4.7716674431e-04
4,0.1250000000,30.3493356194,4.6099847332e-04
4,0.1250000000,30.3793399057,4.5741963191e-04
4,0.1250000000,30.4093441920,4.6585178477e-04
4,0.1250000000,30.4393484784,4.8368835803e-04
4,0.1250000000,30.4693527647,5.0575163978e-04
4,0.1250000000,30.4993570510,5.2504965492e-04
4,0.1250000000,30.5293613373,5.3663367121e-04
4,0.1250000000,30.5593656237,5.4198789546e-04
4,0.1250000000,30.5893699100,5.4842690630e-04
4,0.1250000000,30.6193741963,5.6417735335e-04
4,0.1250000000,30.6493784826,5.9455317649e-04
4,0.1250000000,30.6793827690,6.4057268797e-04
4,0.1250000000,30.7093870553,6.9802283088e-04
4,0.1250000000,30.7393913416,7.5606849949e-04
4,0.1250000000,30.7693956279,7.9709039145e-04
4,0.1250000000,30.7993999143,8.0217128979e-04
4,0.1250000000,30.8294042006,7.6341301155e-04
4,0.1250000000,30.8594084869,6.9109302257e-04
4,0.1250000000,30.8894127733,6.0520686125e-04
4,0.1250000000,30.9194170596,5.2230113195e-04
4,0.1250000000,30.9494213459,4.5058547561e-04
4,0.1250000000,30.9794256322,3.9198645358e-04
4,0.1250000000,31.0094299186,3.4540306102e-04
4,0.1250000000,31.0394342049,3.0876499669e-04
4,0.1250000000,31.0694384912,2.7992370068e-04
4,0.1250000000,31.0994427775,2.5693590575e-04
4,0.1250000000,31.1294470639,2.3819023197e-04
4,0.1250000000,31.1594513502,2.2256230339e-04
4,0.1250000000,31.1894556365,2.0945463380e-04
4,0.1250000000,31.2194599228,1.9857892707e-04
4,0.1250000000,31.2494642092,1.8965943942e-04
4,0.1250000000,31.2794684955,1.8226640403e-04
4,0.1250000000,31.3094727818,1.7582517376e-04
4,0.1250000000,31.3394770682,1.6981181074e-04
4,0.1250000000,31.3694813545,1.6401366799e-04
4,0.1250000000,31.3994856408,1.5855751723e-04
4,0.1250000000,31.4294899271,1.5367198896e-04
4,0.1250000000,31.4594942135,1.4948138130e-04
4,0.1250000000,31.4894984998,1.4597708194e-04
4,0.1250000000,31.5195027861,1.4308813202e-04
4,0.1250000000,31.5495070724,1.4074849425e-04
4,0.1250000000,31.5795113588,1.3891245912e-04
4,0.1250000000,31.6095156451,1.3753719114e-04
4,0.1250000000,31.6395199314,1.3657491002e-04
4,0.1250000000,31.6695242177,1.3598760694e-04
4,0.1250000000,31.6995285041,1.3577054846e-04
4,0.1250000000,31.7295327904,1.3595844904e-04
4,0.1250000000,31.7595370767,1.3660753688e-04
4,0.1250000000,31.7895413631,1.3777861978e-04
4,0.1250000000,31.8195456494,1.3953674369e-04
4,0.1250000000,31.8495499357,1.4196085978e-04
4,0.1250000000,31.8795542220,1.4515533530e-04
4,0.1250000000,31.9095585084,1.4926154007e-04
4,0.1250000000,31.9395627947,1.5447088409e-04
4,0.1250000000,31.9695670810,1.6104095339e-04
4,0.1250000000,31.9995713673,1.6931546369e-04
4,0.1250000000,32.0295756537,1.7974635493e-04
4,0.1250000000,32.0595799400,1.9291012569e-04
4,0.1250000000,32.0895842263,2.0949508258e-04
4,0.1250000000,32.1195885126,2.3020211863e-04
4,0.1250000000,32.1495927990,2.5544192165e-04
4,0.1250000000,32.1795970853,2.8466399017e-04
4,0.1250000000,32.2096013716,3.1532415228e-04
4,0.1250000000,32.2396056580,3.4230034795e-04
4,0.1250000000,32.2696099443,3.5962080528e-04
4,0.1250000000,32.2996142306,3.6477928315e-04
4,0.1250000000,32.3296185169,3.6113697986e-04
4,0.1250000000,32.3596228033,3.5479245534e-04
4,0.1250000000,32.3896270896,3.4964434062e-04
4,0.1250000000,32.4196313759,3.4535340849e-04
4,0.1250000000,32.4496356622,3.3885060351e-04
4,0.1250000000,32.4796399486,3.2793391358e-04
4,0.1250000000,32.5096442349,3.1375161672e-04
4,0.1250000000,32.5396485212,2.9973535825e-04
4,0.1250000000,32.5696528075,2.8905056610e-04
4,0.1250000000,32.5996570939,2.8347681112e-04
4,0.1250000000,32.6296613802,2.8373297400e-04
4,0.1250000000,32.6596656665,2.9012869016e-04
4,0.1250000000,32.6896699529,3.0301519201e-04
4,0.1250000000,32.7196742392,3.2300726424e-04
4,0.1250000000,32.7496785255,3.5104739013e-04
4,0.1250000000,32.7796828118,3.8832730753e-04
4,0.1250000000,32.8096870982,4.3602583169e-04
4,0.1250000000,32.8396913845,4.9487690860e-04
4,0.1250000000,32.8696956708,5.6484008274e-04
4,0.1250000000,32.8996999571,6.4532066776e-04
4,0.1250000000,32.9297042435,7.3556137973e-04
4,0.1250000000,32.9597085298,8.3302861095e-04
4,0.1250000000,32.9897128161,9.2821581242e-04
4,0.1250000000,33.0197171024,1.0000996243e-03
4,0.1250000000,33.0497213888,1.0221889914e-03
4,0.1250000000,33.0797256751,9.8157064311e-04
4,0.1250000000,33.1097299614,8.9146921409e-04
4,0.1250000000,33.1397342477,7.8017722708e-04
4,0.1250000000,33.1697385341,6.7181556647e-04
4,0.1250000000,33.1997428204,5.7869818455e-04
4,0.1250000000,33.2297471067,5.0399111516e-04
4,0.1250000000,33.2597513931,4.4633822432e-04
4,0.1250000000,33.2897556794,4.0288922129e-04
4,0.1250000000,33.3197599657,3.7079543652e-04
4,0.1250000000,33.3497642520,3.4791089268e-04
4,0.1250000000,33.3797685384,3.3301303439e-04
4,0.1250000000,33.4097728247,3.2563880330e-04
4,0.1250000000,33.4397771110,3.2578584715e-04
4,0.1250000000,33.4697813973,3.3368295548e-04
4,0.1250000000,33.4997856837,3.4955248229e-04
4,0.1250000000,33.5297899700,3.7315402003e-04
4,0.1250000000,33.5597942563,4.0305183692e-04
4,0.1250000000,33.5897985426,4.3606012172e-04
4,0.1250000000,33.6198028290,4.6773796240e-04
4,0.1250000000,33.6498071153,4.9364656947e-04
4,0.1250000000,33.6798114016,5.0961782079e-04
4,0.1250000000,33.7098156880,5.1187289226e-04
4,0.1250000000,33.7398199743,4.9923227193e-04
4,0.1250000000,33.7698242606,4.7461994643e-04
4,0.1250000000,33.7998285469,4.4323700726e-04
4,0.1250000000,33.8298328333,4.1045908564e-04
4,0.1250000000,33.8598371196,3.8111684386e-04
4,0.1250000000,33.8898414059,3.5885524411e-04
4,0.1250000000,33.9198456922,3.4573811333e-04
4,0.1250000000,33.9498499786,3.4259144551e-04
4,0.1250000000,33.9798542649,3.4952483958e-04
4,0.1250000000,34.0098585512,3.6601061015e-04
4,0.1250000000,34.0398628375,3.9027420419e-04
4,0.1250000000,34.0698671239,4.1801197911e-04
4,0.1250000000,34.0998714102,4.4128344124e-04
4,0.1250000000,34.1298756965,4.5019742663e-04
4,0.1250000000,34.1598799829,4.3896615338e-04
4,0.1250000000,34.1898842692,4.1086120963e-04
4,0.1250000000,34.2198885555,3.7530634736e-04
4,0.1250000000,34.2498928418,3.4103093942e-04
4,0.1250000000,34.2798971282,3.1263919544e-04
4,0.1250000000,34.3099014145,2.9098863416e-04
4,0.1250000000,34.3399057008,2.7465493514e-04
4,0.1250000000,34.3699099871,2.6141811184e-04
4,0.1250000000,34.3999142735,2.4977634291e-04
4,0.1250000000,34.4299185598,2.3976039999e-04
4,0.1250000000,34.4599228461,2.3234204193e-04
4,0.1250000000,34.4899271324,2.2828844527e-04
4,0.1250000000,34.5199314188,2.2753977019e-04
4,0.1250000000,34.5499357051,2.2916179057e-04
4,0.1250000000,34.5799399914,2.3157464007e-04
4,0.1250000000,34.6099442778,2.3295688220e-04
4,0.1250000000,34.6399485641,2.3188553644e-04
4,0.1250000000,34.6699528504,2.2797503111e-04
4,0.1250000000,34.6999571367,2.2205634722e-04
4,0.1250000000,34.7299614231,2.1585160233e-04
4,0.1250000000,34.7599657094,2.1126420649e-04
4,0.1250000000,34.7899699957,2.0970663852e-04
4,0.1250000000,34.8199742820,2.1193891714e-04
4,0.1250000000,34.8499785684,2.1831126145e-04
4,0.1250000000,34.8799828547,2.2903745705e-04
4,0.1250000000,34.9099871410,2.4418961959e-04
4,0.1250000000,34.9399914273,2.6328877991e-04
4,0.1250000000,34.9699957137,2.8471145804e-04
4,0.1250000000,35.0000000000,3.0548714892e-04
5,0.2500000000,-35.0000000000,1.4126241195e-03
5,0.2500000000,-34.9699957137,1.4266562102e-03
5,0.2500000000,-34.9399914273,1.4637344367e-03
5,0.2500000000,-34.9099871410,1.5272259280e-03
5,0.2500000000,-34.8799828547,1.6195568920e-03
5,0.2500000000,-34.8499785684,1.7434487029e-03
5,0.2500000000,-34.8199742820,1.9043327193e-03
5,0.2500000000,-34.7899699957,2.1119629101e-03
5,0.2500000000,-34.7599657094,2.3799175033e-03
5,0.2500000000,-34.7299614231,2.7238878959e-03
5,0.2500000000,-34.6999571367,3.1592152376e-03
5,0.2500000000,-34.6699528504,3.6955168362e-03
5,0.2500000000,-34.6399485641,4.3243230244e-03
5,0.2500000000,-34.6099442778,4.9975902325e-03
5,0.2500000000,-34.5799399914,5.6104257657e-03
5,0.2500000000,-34.5499357051,6.0283216675e-03
5,0.2500000000,-34.5199314188,6.1787306397e-03
5,0.2500000000,-34.4899271324,6.1219211153e-03
5,0.2500000000,-34.4599228461,6.0018287668e-03
5,0.2500000000,-34.4299185598,5.9357982650e-03
5,0.2500000000,-34.3999142735,5.9534252609e-03
5,0.2500000000,-34.3699099871,6.0022651616e-03
5,0.2500000000,-34.3399057008,5.9927595345e-03
5,0.2500000000,-34.3099014145,5.8490672800e-03
5,0.2500000000,-34.2798971282,5.5408049909e-03
5,0.2500000000,-34.2498928418,5.0998866245e-03
5,0.2500000000,-34.2198885555,4.6097680322e-03
5,0.2500000000,-34.1898842692,4.1592351949e-03
5,0.2500000000,-34.1598799829,3.8051072768e-03
5,0.2500000000,-34.1298756965,3.5701252428e-03
5,0.2500000000,-34.0998714102,3.4586565197e-03
5,0.2500000000,-34.0698671239,3.4706465090e-03
5,0.2500000000,-34.0398628375,3.6069358817e-03
5,0.2500000000,-34.0098585512,3.8654871779e-03
5,0.2500000000,-33.9798542649,4.2285799116e-03
5,0.2500000000,-33.9498499786,4.6413212570e-03
5,0.2500000000,-33.9198456922,4.9942262424e-03
5,0.2500000000,-33.8898414059,5.1470361783e-03
5,0.2500000000,-33.8598371196,5.0144227813e-03
5,0.2500000000,-33.8298328333,4.6368887175e-03
5,0.2500000000,-33.7998285469,4.1410738401e-03
5,0.2500000000,-33.7698242606,3.6428189317e-03
5,0.2500000000,-33.7398199743,3.1993058281e-03
5,0.2500000000,-33.7098156880,2.8205291409e-03
5,0.2500000000,-33.6798114016,2.4984818898e-03
5,0.2500000000,-33.6498071153,2.2257906116e-03
5,0.2500000000,-33.6198028290,1.9996045178e-03
5,0.2500000000,-33.5897985426,1.8190750932e-03
5,0.2500000000,-33.5597942563,1.6829150674e-03
5,0.2500000000,-33.5297899700,1.5888295084e-03
5,0.2500000000,-33.4997856837,1.5339958801e-03
5,0.2500000000,-33.4697813973,1.5151056529e-03
5,0.2500000000,-33.4397771110,1.5271384306e-03
5,0.2500000000,-33.4097728247,1.5613074854e-03
5,0.2500000000,-33.3797685384,1.6047805639e-03
5,0.2500000000,-33.3497642520,1.6453806891e-03
5,0.2500000000,-33.3197599657,1.6775002447e-03
5,0.2500000000,-33.2897556794,1.6988159258e-03
5,0.2500000000,-33.2597513931,1.7001960210e-03
5,0.2500000000,-33.2297471067,1.6661750251e-03
5,0.2500000000,-33.1997428204,1.5897364886e-03
5,0.2500000000,-33.1697385341,1.4810272426e-03
5,0.2500000000,-33.1397342477,1.3586687413e-03
5,0.2500000000,-33.1097299614,1.2387867217e-03
5,0.2500000000,-33.0797256751,1.1320285372e-03
5,0.2500000000,-33.0497213888,1.0440897656e-03
5,0.2500000000,-33.0197171024,9.7666840096e-04
5,0.2500000000,-32.9897128161,9.2882193656e-04
5,0.2500000000,-32.9597085298,8.9801920755e-04
5,0.2500000000,-32.9297042435,8.8022980848e-04
5,0.2500000000,-32.8996999571,8.6943305456e-04
5,0.2500000000,-32.8696956708,8.5819409073e-04
5,0.2500000000,-32.8396913845,8.4086815032e-04
5,0.2500000000,-32.8096870982,8.1718296177e-04
5,0.2500000000,-32.7796828118,7.9142404633e-04
5,0.2500000000,-32.7496785255,7.6799516156e-04
5,0.2500000000,-32.7196742392,7.4845464839e-04
5,0.2500000000,-32.6896699529,7.3190132534e-04
5,0.2500000000,-32.6596656665,7.1722477155e-04
5,0.2500000000,-32.6296613802,7.0476281371e-04
5,0.2500000000,-32.5996570939,6.9595219174e-04
5,0.2500000000,-32.5696528075,6.9213692350e-04
5,0.2500000000,-32.5396485212,6.9409832758e-04
5,0.2500000000,-32.5096442349,7.0230163847e-04
5,0.2500000000,-32.4796399486,7.1721831138e-04
5,0.2500000000,-32.4496356622,7.3944567557e-04
5,0.2500000000,-32.4196313759,7.6967397062e-04
5,0.2500000000,-32.3896270896,8.0859185804e-04
5,0.2500000000,-32.3596228033,8.5683434659e-04
5,0.2500000000,-32.3296185169,9.1497918078e-04
5,0.2500000000,-32.2996142306,9.8300655358e-04
5,0.2500000000,-32.2696099443,1.0583141354e-03
5,0.2500000000,-32.2396056580,1.1330351767e-03
5,0.2500000000,-32.2096013716,1.1943767742e-03
5,0.2500000000,-32.1795970853,1.2314007562e-03
5,0.2500000000,-32.1495927990,1.2434276111e-03
5,0.2500000000,-32.1195885126,1.2400345822e-03
5,0.2500000000,-32.0895842263,1.2340455887e-03
5,0.2500000000,-32.0595799400,1.2363255618e-03
5,0.2500000000,-32.0295756537,1.2542678349e-03
5,0.2500000000,-31.9995713673,1.2922223790e-03
5,0.2500000000,-31.9695670810,1.3528415675e-03
5,0.2500000000,-31.9395627947,1.4384810345e-03
5,0.2500000000,-31.9095585084,1.5521468587e-03
5,0.2500000000,-31.8795542220,1.6979398949e-03
5,0.2500000000,-31.8495499357,1.8810427471e-03
5,0.2500000000,-31.8195456494,2.1072392843e-03
5,0.2500000000,-31.7895413631,2.3822657408e-03
5,0.2500000000,-31.7595370767,2.7124177726e-03
5,0.2500000000,-31.7295327904,3.1084630046e-03
5,0.2500000000,-31.6995285041,3.5911737257e-03
5,0.2500000000,-31.6695242177,4.1911936565e-03
5,0.2500000000,-31.6395199314,4.9389303371e-03
5,0.2500000000,-31.6095156451,5.8463393302e-03
5,0.2500000000,-31.5795113588,6.8819108311e-03
5,0.2500000000,-31.5495070724,7.9444350981e-03
5,0.2500000000,-31.5195027861,8.8530076061e-03
5,0.2500000000,-31.4894984998,9.3757625251e-03
5,0.2500000000,-31.4594942135,9.3244393709e-03
5,0.2500000000,-31.4294899271,8.6922101748e-03
5,0.2500000000,-31.3994856408,7.6825420612e-03
5,0.2500000000,-31.3694813545,6.5650065093e-03
5,0.2500000000,-31.3394770682,5.5298016297e-03
5,0.2500000000,-31.3094727818,4.6582412397e-03
5,0.2500000000,-31.2794684955,3.9609800042e-03
5,0.2500000000,-31.2494642092,3.4183883494e-03
5,0.2500000000,-31.2194599228,3.0035766924e-03
5,0.2500000000,-31.1894556365,2.6920055217e-03
5,0.2500000000,-31.1594513502,2.4643495738e-03
5,0.2500000000,-31.1294470639,2.3067026872e-03
5,0.2500000000,-31.0994427775,2.2099747910e-03
5,0.2500000000,-31.0694384912,2.1690260482e-03
5,0.2500000000,-31.0394342049,2.1814205439e-03
5,0.2500000000,-31.0094299186,2.2454893021e-03
5,0.2500000000,-30.9794256322,2.3575247383e-03
5,0.2500000000,-30.9494213459,2.5088556346e-03
5,0.2500000000,-30.9194170596,2.6858259231e-03
5,0.2500000000,-30.8894127733,2.8757115454e-03
5,0.2500000000,-30.8594084869,3.0715905534e-03
5,0.2500000000,-30.8294042006,3.2617062141e-03
5,0.2500000000,-30.7993999143,3.4110783351e-03
5,0.2500000000,-30.7693956279,3.4679814725e-03
5,0.2500000000,-30.7393913416,3.4048002033e-03
5,0.2500000000,-30.7093870553,3.2476750665e-03
5,0.2500000000,-30.6793827690,3.0520463021e-03
5,0.2500000000,-30.6493784826,2.8556705005e-03
5,0.2500000000,-30.6193741963,2.6619609733e-03
5,0.2500000000,-30.5893699100,2.4598698764e-03
5,0.2500000000,-30.5593656237,2.2504057495e-03
5,0.2500000000,-30.5293613373,2.0504220029e-03
5,0.2500000000,-30.4993570510,1.8782517138e-03
5,0.2500000000,-30.4693527647,1.7438456950e-03
5,0.2500000000,-30.4393484784,1.6492932124e-03
5,0.2500000000,-30.4093441920,1.5929893976e-03
5,0.2500000000,-30.3793399057,1.5728458758e-03
5,0.2500000000,-30.3493356194,1.5878884735e-03
5,0.2500000000,-30.3193313330,1.6388003469e-03
5,0.2500000000,-30.2893270467,1.7277677612e-03
5,0.2500000000,-30.2593227604,1.8574606210e-03
5,0.2500000000,-30.2293184741,2.0285106681e-03
5,0.2500000000,-30.1993141877,2.2350678313e-03
5,0.2500000000,-30.1693099014,2.4606330279e-03
5,0.2500000000,-30.1393056151,2.6818824776e-03
5,0.2500000000,-30.1093013288,2.8867246029e-03
5,0.2500000000,-30.0792970424,3.0919694588e-03
5,0.2500000000,-30.0492927561,3.3351220898e-03
5,0.2500000000,-30.0192884698,3.6446459152e-03
5,0.2500000000,-29.9892841835,4.0117427262e-03
5,0.2500000000,-29.9592798971,4.3745113926e-03
5,0.2500000000,-29.9292756108,4.6300323605e-03
5,0.2500000000,-29.8992713245,4.6934508484e-03
5,0.2500000000,-29.8692670381,4.5640581053e-03
5,0.2500000000,-29.8392627518,4.3171510158e-03
5,0.2500000000,-29.8092584655,4.0359444477e-03
5,0.2500000000,-29.7792541792,3.7645129820e-03
5,0.2500000000,-29.7492498928,3.5026710083e-03
5,0.2500000000,-29.7192456065,3.2265098728e-03
5,0.2500000000,-29.6892413202,2.9206443887e-03
5,0.2500000000,-29.6592370339,2.5974639253e-03
5,0.2500000000,-29.6292327475,2.2862351119e-03
5,0.2500000000,-29.5992284612,2.0108537102e-03
5,0.2500000000,-29.5692241749,1.7809885434e-03
5,0.2500000000,-29.5392198886,1.5960396796e-03
5,0.2500000000,-29.5092156022,1.4511132274e-03
5,0.2500000000,-29.4792113159,1.3403698815e-03
5,0.2500000000,-29.4492070296,1.2582313004e-03
5,0.2500000000,-29.4192027432,1.1995319853e-03
5,0.2500000000,-29.3891984569,1.1592803760e-03
5,0.2500000000,-29.3591941706,1.1328433061e-03
5,0.2500000000,-29.3291898843,1.1172404086e-03
5,0.2500000000,-29.2991855979,1.1126046204e-03
5,0.2500000000,-29.2691813116,1.1218402502e-03
5,0.2500000000,-29.2391770253,1.1487872204e-03
5,0.2500000000,-29.2091727390,1.1967356628e-03
5,0.2500000000,-29.1791684526,1.2674834643e-03
5,0.2500000000,-29.1491641663,1.3599491332e-03
5,0.2500000000,-29.1191598800,1.4682486499e-03
5,0.2500000000,-29.0891555937,1.5810097357e-03
5,0.2500000000,-29.0591513073,1.6842784060e-03
5,0.2500000000,-29.0291470210,1.7683424249e-03
5,0.2500000000,-28.9991427347,1.8351814349e-03
5,0.2500000000,-28.9691384483,1.8977158561e-03
5,0.2500000000,-28.9391341620,1.9660469423e-03
5,0.2500000000,-28.9091298757,2.0327442279e-03
5,0.2500000000,-28.8791255894,2.0737929757e-03
5,0.2500000000,-28.8491213030,2.0692640103e-03
5,0.2500000000,-28.8191170167,2.0255286767e-03
5,0.2500000000,-28.7891127304,1.9728863530e-03
5,0.2500000000,-28.7591084441,1.9428637981e-03
5,0.2500000000,-28.7291041577,1.9500166353e-03
5,0.2500000000,-28.6990998714,1.9854056599e-03
5,0.2500000000,-28.6690955851,2.0172151031e-03
5,0.2500000000,-28.6390912988,2.0030200118e-03
5,0.2500000000,-28.6090870124,1.9173112645e-03
5,0.2500000000,-28.5790827261,1.7714343811e-03
5,0.2500000000,-28.5490784398,1.6009515815e-03
5,0.2500000000,-28.5190741535,1.4385481903e-03
5,0.2500000000,-28.4890698671,1.3015668421e-03
5,0.2500000000,-28.4590655808,1.1948015039e-03
5,0.2500000000,-28.4290612945,1.1170130182e-03
5,0.2500000000,-28.3990570081,1.0653459849e-03
5,0.2500000000,-28.3690527218,1.0372289246e-03
5,0.2500000000,-28.3390484355,1.0309516289e-03
5,0.2500000000,-28.3090441492,1.0458966071e-03
5,0.2500000000,-28.2790398628,1.0826261816e-03
5,0.2500000000,-28.2490355765,1.1422086184e-03
5,0.2500000000,-28.2190312902,1.2239085578e-03
5,0.2500000000,-28.1890270039,1.3208912892e-03
5,0.2500000000,-28.1590227175,1.4152736855e-03
5,0.2500000000,-28.1290184312,1.4783814110e-03
5,0.2500000000,-28.0990141449,1.4843257644e-03
5,0.2500000000,-28.0690098586,1.4302638706e-03
5,0.2500000000,-28.0390055722,1.3390906104e-03
5,0.2500000000,-28.0090012859,1.2408458668e-03
5,0.2500000000,-27.9789969996,1.1565384972e-03
5,0.2500000000,-27.9489927132,1.0958012406e-03
5,0.2500000000,-27.9189884269,1.0613996783e-03
5,0.2500000000,-27.8889841406,1.0535190336e-03
5,0.2500000000,-27.8589798543,1.0719456926e-03
5,0.2500000000,-27.8289755679,1.1163629752e-03
5,0.2500000000,-27.7989712816,1.1848771118e-03
5,0.2500000000,-27.7689669953,1.2705301142e-03
5,0.2500000000,-27.7389627090,1.3567036473e-03
5,0.2500000000,-27.7089584226,1.4165799453e-03
5,0.2500000000,-27.6789541363,1.4246597423e-03
5,0.2500000000,-27.6489498500,1.3758922482e-03
5,0.2500000000,-27.6189455637,1.2900376794e-03
5,0.2500000000,-27.5889412773,1.1951189027e-03
5,0.2500000000,-27.5589369910,1.1113856866e-03
5,0.2500000000,-27.5289327047,1.0481932195e-03
5,0.2500000000,-27.4989284183,1.0079485462e-03
5,0.2500000000,-27.4689241320,9.9011136934e-04
5,0.2500000000,-27.4389198457,9.9315348237e-04
5,0.2500000000,-27.4089155594,1.0146653135e-03
5,0.2500000000,-27.3789112730,1.0501629894e-03
5,0.2500000000,-27.3489069867,1.0916206829e-03
5,0.2500000000,-27.3189027004,1.1276296401e-03
5,0.2500000000,-27.2888984141,1.1464309223e-03
5,0.2500000000,-27.2588941277,1.1407890078e-03
5,0.2500000000,-27.2288898414,1.1124303039e-03
5,0.2500000000,-27.1988855551,1.0718569292e-03
5,0.2500000000,-27.1688812688,1.0319859576e-03
5,0.2500000000,-27.1388769824,1.0020441027e-03
5,0.2500000000,-27.1088726961,9.8643738788e-04
5,0.2500000000,-27.0788684098,9.8661324808e-04
5,0.2500000000,-27.0488641234,1.0030333454e-03
5,0.2500000000,-27.0188598371,1.0363642622e-03
5,0.2500000000,-26.9888555508,1.0880540225e-03
5,0.2500000000,-26.9588512645,1.1605661202e-03
5,0.2500000000,-26.9288469781,1.2573633913e-03
5,0.2500000000,-26.8988426918,1.3825481592e-03
5,0.2500000000,-26.8688384055,1.5399965101e-03
5,0.2500000000,-26.8388341192,1.7319795758e-03
5,0.2500000000,-26.8088298328,1.9571174929e-03
5,0.2500000000,-26.7788255465,2.2057952464e-03
5,0.2500000000,-26.7488212602,2.4510350807e-03
5,0.2500000000,-26.7188169739,2.6431160705e-03
5,0.2500000000,-26.6888126875,2.7277098312e-03
5,0.2500000000,-26.6588084012,2.6844727336e-03
5,0.2500000000,-26.6288041149,2.5407363136e-03
5,0.2500000000,-26.5987998285,2.3426603584e-03
5,0.2500000000,-26.5687955422,2.1277081537e-03
5,0.2500000000,-26.5387912559,1.9215230607e-03
5,0.2500000000,-26.5087869696,1.7408863790e-03
5,0.2500000000,-26.4787826832,1.5935430579e-03
5,0.2500000000,-26.4487783969,1.4794852024e-03
5,0.2500000000,-26.4187741106,1.3944380812e-03
5,0.2500000000,-26.3887698243,1.3332369994e-03
5,0.2500000000,-26.3587655379,1.2917770809e-03
5,0.2500000000,-26.3287612516,1.2673527229e-03
5,0.2500000000,-26.2987569653,1.2581857649e-03
5,0.2500000000,-26.2687526790,1.2630419315e-03
5,0.2500000000,-26.2387483926,1.2811011989e-03
5,0.2500000000,-26.2087441063,1.3118516579e-03
5,0.2500000000,-26.1787398200,1.3548113544e-03
5,0.2500000000,-26.1487355336,1.4090084210e-03
5,0.2500000000,-26.1187312473,1.4724541538e-03
5,0.2500000000,-26.0887269610,1.5424163320e-03
5,0.2500000000,-26.0587226747,1.6171309157e-03
5,0.2500000000,-26.0287183883,1.6975455520e-03
5,0.2500000000,-25.9987141020,1.7870289339e-03
5,0.2500000000,-25.9687098157,1.8901838812e-03
5,0.2500000000,-25.9387055294,2.0125968087e-03
5,0.2500000000,-25.9087012430,2.1608162256e-03
5,0.2500000000,-25.8786969567,2.3421158427e-03
5,0.2500000000,-25.8486926704,2.5647385121e-03
5,0.2500000000,-25.8186883841,2.8387350437e-03
5,0.2500000000,-25.7886840977,3.1769946378e-03
5,0.2500000000,-25.7586798114,3.5961353512e-03
5,0.2500000000,-25.7286755251,4.1168243990e-03
5,0.2500000000,-25.6986712387,4.7624185378e-03
5,0.2500000000,-25.6686669524,5.5533256964e-03
5,0.2500000000,-25.6386626661,6.4924161307e-03
5,0.2500000000,-25.6086583798,7.5373074310e-03
5,0.2500000000,-25.5786540934,8.5689612000e-03
5,0.2500000000,-25.5486498071,9.4013147663e-03
5,0.2500000000,-25.5186455208,9.8850019340e-03
5,0.2500000000,-25.4886412345,1.0042766992e-02
5,0.2500000000,-25.4586369481,1.0069444838e-02
5,0.2500000000,-25.4286326618,1.0197108605e-02
5,0.2500000000,-25.3986283755,1.0593249299e-02
5,0.2500000000,-25.3686240892,1.1354433355e-02
5,0.2500000000,-25.3386198028,1.2537312738e-02
5,0.2500000000,-25.3086155165,1.4168262410e-02
5,0.2500000000,-25.2786112302,1.6210804603e-02
5,0.2500000000,-25.2486069438,1.8490493531e-02
5,0.2500000000,-25.2186026575,2.0596546221e-02
5,0.2500000000,-25.1885983712,2.1884679099e-02
5,0.2500000000,-25.1585940849,2.1780220490e-02
5,0.2500000000,-25.1285897985,2.0234740454e-02
5,0.2500000000,-25.0985855122,1.7775829999e-02
5,0.2500000000,-25.0685812259,1.5076010034e-02
5,0.2500000000,-25.0385769396,1.2587533373e-02
5,0.2500000000,-25.0085726532,1.0493740463e-02
5,0.2500000000,-24.9785683669,8.8128099717e-03
5,0.2500000000,-24.9485640806,7.4951289820e-03
5,0.2500000000,-24.9185597943,6.4762590240e-03
5,0.2500000000,-24.8885555079,5.6982552599e-03
5,0.2500000000,-24.8585512216,5.1153405190e-03
5,0.2500000000,-24.8285469353,4.6928123786e-03
5,0.2500000000,-24.7985426489,4.4024176272e-03
5,0.2500000000,-24.7685383626,4.2145480565e-03
5,0.2500000000,-24.7385340763,4.0882642676e-03
5,0.2500000000,-24.7085297900,3.9666313479e-03
5,0.2500000000,-24.6785255036,3.7918270407e-03
5,0.2500000000,-24.6485212173,3.5381881270e-03
5,0.2500000000,-24.6185169310,3.2265330232e-03
5,0.2500000000,-24.5885126447,2.8999272172e-03
5,0.2500000000,-24.5585083583,2.5934570864e-03
5,0.2500000000,-24.5285040720,2.3244279559e-03
5,0.2500000000,-24.4984997857,2.0965587319e-03
5,0.2500000000,-24.4684954994,1.9065587973e-03
5,0.2500000000,-24.4384912130,1.7487208040e-03
5,0.2500000000,-24.4084869267,1.6172592795e-03
5,0.2500000000,-24.3784826404,1.5071996520e-03
5,0.2500000000,-24.3484783541,1.4145608755e-03
5,0.2500000000,-24.3184740677,1.3362667089e-03
5,0.2500000000,-24.2884697814,1.2699839496e-03
5,0.2500000000,-24.2584654951,1.2139574346e-03
5,0.2500000000,-24.2284612087,1.1668510599e-03
5,0.2500000000,-24.1984569224,1.1275827175e-03
5,0.2500000000,-24.1684526361,1.0951673753e-03
5,0.2500000000,-24.1384483498,1.0686794033e-03
5,0.2500000000,-24.1084440634,1.0474931918e-03
5,0.2500000000,-24.0784397771,1.0316450339e-03
5,0.2500000000,-24.0484354908,1.0217395437e-03
5,0.2500000000,-24.0184312045,1.0181701791e-03
5,0.2500000000,-23.9884269181,1.0199914935e-03
5,0.2500000000,-23.9584226318,1.0237921110e-03
5,0.2500000000,-23.9284183455,1.0234197975e-03
5,0.2500000000,-23.8984140592,1.0123126010e-03
5,0.2500000000,-23.8684097728,9.8813055128e-04
5,0.2500000000,-23.8384054865,9.5471892310e-04
5,0.2500000000,-23.8084012002,9.1868425740e-04
5,0.2500000000,-23.7783969138,8.8514239769e-04
5,0.2500000000,-23.7483926275,8.5647440104e-04
5,0.2500000000,-23.7183883412,8.3314662638e-04
5,0.2500000000,-23.6883840549,8.1475774563e-04
5,0.2500000000,-23.6583797685,8.0067087055e-04
5,0.2500000000,-23.6283754822,7.9028938669e-04
5,0.2500000000,-23.5983711959,7.8314639382e-04
5,0.2500000000,-23.5683669096,7.7891802954e-04
5,0.2500000000,-23.5383626232,7.7741312180e-04
5,0.2500000000,-23.5083583369,7.7856048148e-04
5,0.2500000000,-23.4783540506,7.8240158183e-04
5,0.2500000000,-23.4483497643,7.8909132282e-04
5,0.2500000000,-23.4183454779,7.9890819986e-04
5,0.2500000000,-23.3883411916,8.1227533332e-04
5,0.2500000000,-23.3583369053,8.2979457268e-04
5,0.2500000000,-23.3283326189,8.5229681171e-04
5,0.2500000000,-23.2983283326,8.8091217821e-04
5,0.2500000000,-23.2683240463,9.1716253906e-04
5,0.2500000000,-23.2383197600,9.6307225680e-04
5,0.2500000000,-23.2083154736,1.0212725533e-03
5,0.2500000000,-23.1783111873,1.0950200190e-03
5,0.2500000000,-23.1483069010,1.1879209947e-03
5,0.2500000000,-23.1183026147,1.3028990444e-03
5,0.2500000000,-23.0882983283,1.4396065784e-03
5,0.2500000000,-23.0582940420,1.5896133451e-03
5,0.2500000000,-23.0282897557,1.7309412128e-03
5,0.2500000000,-22.9982854694,1.8288825547e-03
5,0.2500000000,-22.9682811830,1.8515925467e-03
5,0.2500000000,-22.9382768967,1.7933498019e-03
5,0.2500000000,-22.9082726104,1.6798460980e-03
5,0.2500000000,-22.8782683240,1.5480483472e-03
5,0.2500000000,-22.8482640377,1.4251885788e-03
5,0.2500000000,-22.8182597514,1.3236518423e-03
5,0.2500000000,-22.7882554651,1.2457970351e-03
5,0.2500000000,-22.7582511787,1.1895141840e-03
5,0.2500000000,-22.7282468924,1.1514892580e-03
5,0.2500000000,-22.6982426061,1.1285722136e-03
5,0.2500000000,-22.6682383198,1.1181325692e-03
5,0.2500000000,-22.6382340334,1.1179747431e-03
5,0.2500000000,-22.6082297471,1.1261759358e-03
5,0.2500000000,-22.5782254608,1.1411832868e-03
5,0.2500000000,-22.5482211745,1.1622697822e-03
5,0.2500000000,-22.5182168881,1.1898350655e-03
5,0.2500000000,-22.4882126018,1.2250788314e-03
5,0.2500000000,-22.4582083155,1.2694722842e-03
5,0.2500000000,-22.4282040291,1.3245850407e-03
5,0.2500000000,-22.3981997428,1.3922410510e-03
5,0.2500000000,-22.3681954565,1.4747786444e-03
5,0.2500000000,-22.3381911702,1.5753234026e-03
5,0.2500000000,-22.3081868838,1.6980851804e-03
5,0.2500000000,-22.2781825975,1.8487070651e-03
5,0.2500000000,-22.2481783112,2.0346619287e-03
5,0.2500000000,-22.2181740249,2.2656033159e-03
5,0.2500000000,-22.1881697385,2.5533580694e-03
5,0.2500000000,-22.1581654522,2.9107427810e-03
5,0.2500000000,-22.1281611659,3.3473954435e-03
5,0.2500000000,-22.0981568796,3.8595447753e-03
5,0.2500000000,-22.0681525932,4.4114755140e-03
5,0.2500000000,-22.0381483069,4.9165777657e-03
5,0.2500000000,-22.0081440206,5.2488146481e-03
5,0.2500000000,-21.9781397342,5.3140777892e-03
5,0.2500000000,-21.9481354479,5.1301524761e-03
5,0.2500000000,-21.9181311616,4.8133740284e-03
5,0.2500000000,-21.8881268753,4.4910005710e-03
5,0.2500000000,-21.8581225889,4.2441067885e-03
5,0.2500000000,-21.8281183026,4.1076104084e-03
5,0.2500000000,-21.7981140163,4.0912365249e-03
5,0.2500000000,-21.7681097300,4.1959500658e-03
5,0.2500000000,-21.7381054436,4.4209123050e-03
5,0.2500000000,-21.7081011573,4.7624795090e-03
5,0.2500000000,-21.6780968710,5.2069980855e-03
5,0.2500000000,-21.6480925847,5.7225217523e-03
5,0.2500000000,-21.6180882983,6.2645162403e-03
5,0.2500000000,-21.5880840120,6.8100412021e-03
5,0.2500000000,-21.5580797257,7.3966627117e-03
5,0.2500000000,-21.5280754393,8.1157717812e-03
5,0.2500000000,-21.4980711530,9.0640101818e-03
5,0.2500000000,-21.4680668667,1.0295804567e-02
5,0.2500000000,-21.4380625804,1.1783183831e-02
5,0.2500000000,-21.4080582940,1.3374392917e-02
5,0.2500000000,-21.3780540077,1.4796289072e-02
5,0.2500000000,-21.3480497214,1.5780199297e-02
5,0.2500000000,-21.3180454351,1.6242987569e-02
5,0.2500000000,-21.2880411487,1.6273223082e-02
5,0.2500000000,-21.2580368624,1.5914233243e-02
5,0.2500000000,-21.2280325761,1.5078869735e-02
5,0.2500000000,-21.1980282898,1.3729059384e-02
5,0.2500000000,-21.1680240034,1.2033344076e-02
5,0.2500000000,-21.1380197171,1.0273255980e-02
5,0.2500000000,-21.1080154308,8.6667835463e-03
5,0.2500000000,-21.0780111444,7.3085203928e-03
5,0.2500000000,-21.0480068581,6.2052096009e-03
5,0.2500000000,-21.0180025718,5.3243395964e-03
5,0.2500000000,-20.9879982855,4.6238285835e-03
5,0.2500000000,-20.9579939991,4.0648450926e-03
5,0.2500000000,-20.9279897128,3.6157745367e-03
5,0.2500000000,-20.8979854265,3.2523526995e-03
5,0.2500000000,-20.8679811402,2.9563143842e-03
5,0.2500000000,-20.8379768538,2.7138374360e-03
5,0.2500000000,-20.8079725675,2.5143551675e-03
5,0.2500000000,-20.7779682812,2.3497440905e-03
5,0.2500000000,-20.7479639949,2.2137440179e-03
5,0.2500000000,-20.7179597085,2.1015227709e-03
5,0.2500000000,-20.6879554222,2.0093460795e-03
5,0.2500000000,-20.6579511359,1.9343294741e-03
5,0.2500000000,-20.6279468495,1.8742538818e-03
5,0.2500000000,-20.5979425632,1.8274299571e-03
5,0.2500000000,-20.5679382769,1.7925994853e-03
5,0.2500000000,-20.5379339906,1.7688652123e-03
5,0.2500000000,-20.5079297042,1.7556429802e-03
5,0.2500000000,-20.4779254179,1.7526320644e-03
5,0.2500000000,-20.4479211316,1.7598012425e-03
5,0.2500000000,-20.4179168453,1.7773895068e-03
5,0.2500000000,-20.3879125589,1.8059216069e-03
5,0.2500000000,-20.3579082726,1.8462399231e-03
5,0.2500000000,-20.3279039863,1.8995556659e-03
5,0.2500000000,-20.2978997000,1.9675242597e-03
5,0.2500000000,-20.2678954136,2.0523521904e-03
5,0.2500000000,-20.2378911273,2.1569458410e-03
5,0.2500000000,-20.2078868410,2.2851171208e-03
5,0.2500000000,-20.1778825547,2.4418661196e-03
5,0.2500000000,-20.1478782683,2.6337670379e-03
5,0.2500000000,-20.1178739820,2.8694879206e-03
5,0.2500000000,-20.0878696957,3.1604699153e-03
5,0.2500000000,-20.0578654093,3.5217578866e-03
5,0.2500000000,-20.0278611230,3.9728608067e-03
5,0.2500000000,-19.9978568367,4.5382104505e-03
5,0.2500000000,-19.9678525504,5.2460453367e-03
5,0.2500000000,-19.9378482640,6.1230460258e-03
5,0.2500000000,-19.9078439777,7.1799301875e-03
5,0.2500000000,-19.8778396914,8.3833888857e-03
5,0.2500000000,-19.8478354051,9.6218648488e-03
5,0.2500000000,-19.8178311187,1.0706181843e-02
5,0.2500000000,-19.7878268324,1.1463920568e-02
5,0.2500000000,-19.7578225461,1.1889087415e-02
5,0.2500000000,-19.7278182598,1.2168482550e-02
5,0.2500000000,-19.6978139734,1.2523071111e-02
5,0.2500000000,-19.6678096871,1.3025530912e-02
5,0.2500000000,-19.6378054008,1.3517761255e-02
5,0.2500000000,-19.6078011144,1.3664306410e-02
5,0.2500000000,-19.5777968281,1.3171481108e-02
5,0.2500000000,-19.5477925418,1.2034443986e-02
5,0.2500000000,-19.5177882555,1.0530131057e-02
5,0.2500000000,-19.4877839691,8.9831655980e-03
5,0.2500000000,-19.4577796828,7.5966319383e-03
5,0.2500000000,-19.4277753965,6.4419409290e-03
5,0.2500000000,-19.3977711102,5.5133381695e-03
5,0.2500000000,-19.3677668238,4.7740556499e-03
5,0.2500000000,-19.3377625375,4.1813426979e-03
5,0.2500000000,-19.3077582512,3.6986774222e-03
5,0.2500000000,-19.2777539649,3.3004451549e-03
5,0.2500000000,-19.2477496785,2.9701934466e-03
5,0.2500000000,-19.2177453922,2.6962241316e-03
5,0.2500000000,-19.1877411059,2.4688185591e-03
5,0.2500000000,-19.1577368195,2.2795477080e-03
5,0.2500000000,-19.1277325332,2.1213042017e-03
5,0.2500000000,-19.0977282469,1.9882961528e-03
5,0.2500000000,-19.0677239606,1.8759020746e-03
5,0.2500000000,-19.0377196742,1.7804668987e-03
5,0.2500000000,-19.0077153879,1.6991028446e-03
5,0.2500000000,-18.9777111016,1.6295209198e-03
5,0.2500000000,-18.9477068153,1.5698972486e-03
5,0.2500000000,-18.9177025289,1.5187700805e-03
5,0.2500000000,-18.8876982426,1.4749613592e-03
5,0.2500000000,-18.8576939563,1.4375171687e-03
5,0.2500000000,-18.8276896700,1.4056624510e-03
5,0.2500000000,-18.7976853836,1.3787664765e-03
5,0.2500000000,-18.7676810973,1.3563164455e-03
5,0.2500000000,-18.7376768110,1.3378972937e-03
5,0.2500000000,-18.7076725246,1.3231762957e-03
5,0.2500000000,-18.6776682383,1.3118914449e-03
5,0.2500000000,-18.6476639520,1.3038428825e-03
5,0.2500000000,-18.6176596657,1.2988868671e-03
5,0.2500000000,-18.5876553793,1.2969319587e-03
5,0.2500000000,-18.5576510930,1.2979372343e-03
5,0.2500000000,-18.5276468067,1.3019124921e-03
5,0.2500000000,-18.4976425204,1.3089205365e-03
5,0.2500000000,-18.4676382340,1.3190817833e-03
5,0.2500000000,-18.4376339477,1.3325816049e-03
5,0.2500000000,-18.4076296614,1.3496810605e-03
5,0.2500000000,-18.3776253751,1.3707319603e-03
5,0.2500000000,-18.3476210887,1.3961976247e-03
5,0.2500000000,-18.3176168024,1.4266812747e-03
5,0.2500000000,-18.2876125161,1.4629647956e-03
5,0.2500000000,-18.2576082297,1.5060617345e-03
5,0.2500000000,-18.2276039434,1.5572899362e-03
5,0.2500000000,-18.1975996571,1.6183712474e-03
5,0.2500000000,-18.1675953708,1.6915681710e-03
5,0.2500000000,-18.1375910844,1.7798696622e-03
5,0.2500000000,-18.1075867981,1.8872385072e-03
5,0.2500000000,-18.0775825118,2.0189253808e-03
5,0.2500000000,-18.0475782255,2.1818251998e-03
5,0.2500000000,-18.0175739391,2.3847640511e-03
5,0.2500000000,-17.9875696528,2.6383794047e-03
5,0.2500000000,-17.9575653665,2.9537405467e-03
5,0.2500000000,-17.9275610802,3.3378853759e-03
5,0.2500000000,-17.8975567938,3.7833811970e-03
5,0.2500000000,-17.8675525075,4.2505914607e-03
5,0.2500000000,-17.8375482212,4.6525763867e-03
5,0.2500000000,-17.8075439348,4.8732721227e-03
5,0.2500000000,-17.7775396485,4.8382399038e-03
5,0.2500000000,-17.7475353622,4.5774568262e-03
5,0.2500000000,-17.7175310759,4.1980570789e-03
5,0.2500000000,-17.6875267895,3.8056104064e-03
5,0.2500000000,-17.6575225032,3.4615001129e-03
5,0.2500000000,-17.6275182169,3.1867871085e-03
5,0.2500000000,-17.5975139306,2.9804595468e-03
5,0.2500000000,-17.5675096442,2.8332998967e-03
5,0.2500000000,-17.5375053579,2.7348716526e-03
5,0.2500000000,-17.5075010716,2.6761550019e-03
5,0.2500000000,-17.4774967853,2.6501520761e-03
5,0.2500000000,-17.4474924989,2.6517494657e-03
5,0.2500000000,-17.4174882126,2.6773992524e-03
5,0.2500000000,-17.3874839263,2.7248128447e-03
5,0.2500000000,-17.3574796399,2.7927192511e-03
5,0.2500000000,-17.3274753536,2.8806936703e-03
5,0.2500000000,-17.2974710673,2.9890493940e-03
5,0.2500000000,-17.2674667810,3.1187841919e-03
5,0.2500000000,-17.2374624946,3.2715744890e-03
5,0.2500000000,-17.2074582083,3.4498141306e-03
5,0.2500000000,-17.1774539220,3.6566984362e-03
5,0.2500000000,-17.1474496357,3.8963584637e-03
5,0.2500000000,-17.1174453493,4.1740552092e-03
5,0.2500000000,-17.0874410630,4.4964493507e-03
5,0.2500000000,-17.0574367767,4.8719698116e-03
5,0.2500000000,-17.0274324904,5.3113147917e-03
5,0.2500000000,-16.9974282040,5.8281332352e-03
5,0.2500000000,-16.9674239177,6.4399544871e-03
5,0.2500000000,-16.9374196314,7.1694608027e-03
5,0.2500000000,-16.9074153450,8.0462323548e-03
5,0.2500000000,-16.8774110587,9.1091352588e-03
5,0.2500000000,-16.8474067724,1.0409557769e-02
5,0.2500000000,-16.8174024861,1.2015688470e-02
5,0.2500000000,-16.7873981997,1.4017861367e-02
5,0.2500000000,-16.7573939134,1.6534377005e-02
5,0.2500000000,-16.7273896271,1.9715445867e-02
5,0.2500000000,-16.6973853408,2.3738453176e-02
5,0.2500000000,-16.6673810544,2.8777874683e-02
5,0.2500000000,-16.6373767681,3.4915714161e-02
5,0.2500000000,-16.6073724818,4.1943716660e-02
5,0.2500000000,-16.5773681955,4.9055863958e-02
5,0.2500000000,-16.5473639091,5.4661230021e-02
5,0.2500000000,-16.5173596228,5.6868430058e-02
5,0.2500000000,-16.4873553365,5.4767414619e-02
5,0.2500000000,-16.4573510502,4.9231676405e-02
5,0.2500000000,-16.4273467638,4.2146525495e-02
5,0.2500000000,-16.3973424775,3.5119127438e-02
5,0.2500000000,-16.3673381912,2.8973009926e-02
5,0.2500000000,-16.3373339048,2.3926719496e-02
5,0.2500000000,-16.3073296185,1.9902268693e-02
5,0.2500000000,-16.2773253322,1.6725358808e-02
5,0.2500000000,-16.2473210459,1.4216180398e-02
5,0.2500000000,-16.2173167595,1.2220151909e-02
5,0.2500000000,-16.1873124732,1.0614381728e-02
5,0.2500000000,-16.1573081869,9.3066398932e-03
5,0.2500000000,-16.1273039006,8.2307037358e-03
5,0.2500000000,-16.0972996142,7.3388814220e-03
5,0.2500000000,-16.0672953279,6.5951401043e-03
5,0.2500000000,-16.0372910416,5.9711134480e-03
5,0.2500000000,-16.0072867553,5.4441972129e-03
5,0.2500000000,-15.9772824689,4.9964193969e-03
5,0.2500000000,-15.9472781826,4.6135327882e-03
5,0.2500000000,-15.9172738963,4.2842367378e-03
5,0.2500000000,-15.8872696099,3.9995347302e-03
5,0.2500000000,-15.8572653236,3.7522248309e-03
5,0.2500000000,-15.8272610373,3.5365049673e-03
5,0.2500000000,-15.7972567510,3.3476703423e-03
5,0.2500000000,-15.7672524646,3.1818820170e-03
5,0.2500000000,-15.7372481783,3.0359895393e-03
5,0.2500000000,-15.7072438920,2.9073943987e-03
5,0.2500000000,-15.6772396057,2.7939443589e-03
5,0.2500000000,-15.6472353193,2.6938512626e-03
5,0.2500000000,-15.6172310330,2.6056268113e-03
5,0.2500000000,-15.5872267467,2.5280322417e-03
5,0.2500000000,-15.5572224604,2.4600388635e-03
5,0.2500000000,-15.5272181740,2.4007972077e-03
5,0.2500000000,-15.4972138877,2.3496131148e-03
5,0.2500000000,-15.4672096014,2.3059295435e-03
5,0.2500000000,-15.4372053150,2.2693132306e-03
5,0.2500000000,-15.4072010287,2.2394456208e-03
5,0.2500000000,-15.3771967424,2.2161177308e-03
5,0.2500000000,-15.3471924561,2.1992288415e-03
5,0.2500000000,-15.3171881697,2.1887891416e-03
5,0.2500000000,-15.2871838834,2.1849266967e-03
5,0.2500000000,-15.2571795971,2.1878994141e-03
5,0.2500000000,-15.2271753108,2.1981130467e-03
5,0.2500000000,-15.1971710244,2.2161467692e-03
5,0.2500000000,-15.1671667381,2.2427885171e-03
5,0.2500000000,-15.1371624518,2.2790831969e-03
5,0.2500000000,-15.1071581655,2.3263981461e-03
5,0.2500000000,-15.0771538791,2.3865120158e-03
5,0.2500000000,-15.0471495928,2.4617357686e-03
5,0.2500000000,-15.0171453065,2.5550779867e-03
5,0.2500000000,-14.9871410201,2.6704714519e-03
5,0.2500000000,-14.9571367338,2.8130840980e-03
5,0.2500000000,-14.9271324475,2.9897444127e-03
5,0.2500000000,-14.8971281612,3.2095166731e-03
5,0.2500000000,-14.8671238748,3.4844570356e-03
5,0.2500000000,-14.8371195885,3.8305453891e-03
5,0.2500000000,-14.8071153022,4.2686633523e-03
5,0.2500000000,-14.7771110159,4.8251403266e-03
5,0.2500000000,-14.7471067295,5.5305259767e-03
5,0.2500000000,-14.7171024432,6.4133785985e-03
5,0.2500000000,-14.6870981569,7.4827366639e-03
5,0.2500000000,-14.6570938706,8.6911011276e-03
5,0.2500000000,-14.6270895842,9.8812045246e-03
5,0.2500000000,-14.5970852979,1.0765029840e-02
5,0.2500000000,-14.5670810116,1.1030896337e-02
5,0.2500000000,-14.5370767252,1.0568259193e-02
5,0.2500000000,-14.5070724389,9.5666738677e-03
5,0.2500000000,-14.4770681526,8.3517206162e-03
5,0.2500000000,-14.4470638663,7.1775358729e-03
5,0.2500000000,-14.4170595799,6.1647281472e-03
5,0.2500000000,-14.3870552936,5.3394805636e-03
5,0.2500000000,-14.3570510073,4.6843440861e-03
5,0.2500000000,-14.3270467210,4.1690341447e-03
5,0.2500000000,-14.2970424346,3.7638683532e-03
5,0.2500000000,-14.2670381483,3.4440572627e-03
5,0.2500000000,-14.2370338620,3.1902020045e-03
5,0.2500000000,-14.2070295757,2.9875394780e-03
5,0.2500000000,-14.1770252893,2.8249508726e-03
5,0.2500000000,-14.1470210030,2.6940756940e-03
5,0.2500000000,-14.1170167167,2.5886104567e-03
5,0.2500000000,-14.0870124303,2.5037812695e-03
5,0.2500000000,-14.0570081440,2.4359562661e-03
5,0.2500000000,-14.0270038577,2.3823636707e-03
5,0.2500000000,-13.9969995714,2.3408875923e-03
5,0.2500000000,-13.9669952850,2.3099205813e-03
5,0.2500000000,-13.9369909987,2.2882578255e-03
5,0.2500000000,-13.9069867124,2.2750223691e-03
5,0.2500000000,-13.8769824261,2.2696141059e-03
5,0.2500000000,-13.8469781397,2.2716778005e-03
5,0.2500000000,-13.8169738534,2.2810872748e-03
5,0.2500000000,-13.7869695671,2.2979442675e-03
5,0.2500000000,-13.7569652808,2.3225912303e-03
5,0.2500000000,-13.7269609944,2.3556368746e-03
5,0.2500000000,-13.6969567081,2.3979899410e-03
5,0.2500000000,-13.6669524218,2.4508862754e-03
5,0.2500000000,-13.6369481354,2.5158680762e-03
5,0.2500000000,-13.6069438491,2.5946181031e-03
5,0.2500000000,-13.5769395628,2.6884630297e-03
5,0.2500000000,-13.5469352765,2.7973320998e-03
5,0.2500000000,-13.5169309901,2.9183744993e-03
5,0.2500000000,-13.4869267038,3.0458320124e-03
5,0.2500000000,-13.4569224175,3.1748154987e-03
5,0.2500000000,-13.4269181312,3.3078452878e-03
5,0.2500000000,-13.3969138448,3.4569650542e-03
5,0.2500000000,-13.3669095585,3.6389989291e-03
5,0.2500000000,-13.3369052722,3.8708164771e-03
5,0.2500000000,-13.3069009859,4.1689908386e-03
5,0.2500000000,-13.2768966995,4.5520729361e-03
5,0.2500000000,-13.2468924132,5.0429727081e-03
5,0.2500000000,-13.2168881269,5.6701303728e-03
5,0.2500000000,-13.1868838405,6.4659002669e-03
5,0.2500000000,-13.1568795542,7.4584093373e-03
5,0.2500000000,-13.1268752679,8.6495873913e-03
5,0.2500000000,-13.0968709816,9.9711973941e-03
5,0.2500000000,-13.0668666952,1.1228005136e-02
5,0.2500000000,-13.0368624089,1.2092296450e-02
5,0.2500000000,-13.0068581226,1.2249866076e-02
5,0.2500000000,-12.9768538363,1.1640778609e-02
5,0.2500000000,-12.9468495499,1.0513518900e-02
5,0.2500000000,-12.9168452636,9.2165907819e-03
5,0.2500000000,-12.8868409773,7.9971992487e-03
5,0.2500000000,-12.8568366910,6.9621729744e-03
5,0.2500000000,-12.8268324046,6.1276946412e-03
5,0.2500000000,-12.7968281183,5.4708124294e-03
5,0.2500000000,-12.7668238320,4.9585013043e-03
5,0.2500000000,-12.7368195456,4.5597070957e-03
5,0.2500000000,-12.7068152593,4.2488523754e-03
5,0.2500000000,-12.6768109730,4.0058971003e-03
5,0.2500000000,-12.6468066867,3.8153194964e-03
5,0.2500000000,-12.6168024003,3.6650709291e-03
5,0.2500000000,-12.5867981140,3.5459879066e-03
5,0.2500000000,-12.5567938277,3.4515422454e-03
5,0.2500000000,-12.5267895414,3.3773392830e-03
5,0.2500000000,-12.4967852550,3.3202744511e-03
5,0.2500000000,-12.4667809687,3.2778751672e-03
5,0.2500000000,-12.4367766824,3.2480438822e-03
5,0.2500000000,-12.4067723961,3.2290093151e-03
5,0.2500000000,-12.3767681097,3.2193103780e-03
5,0.2500000000,-12.3467638234,3.2177643507e-03
5,0.2500000000,-12.3167595371,3.2234246218e-03
5,0.2500000000,-12.2867552508,3.2355386454e-03
5,0.2500000000,-12.2567509644,3.2535114288e-03
5,0.2500000000,-12.2267466781,3.2768758105e-03
5,0.2500000000,-12.1967423918,3.3052690007e-03
5,0.2500000000,-12.1667381054,3.3384143215e-03
5,0.2500000000,-12.1367338191,3.3761070890e-03
5,0.2500000000,-12.1067295328,3.4182037401e-03
5,0.2500000000,-12.0767252465,3.4646134965e-03
5,0.2500000000,-12.0467209601,3.5152920254e-03
5,0.2500000000,-12.0167166738,3.5702366884e-03
5,0.2500000000,-11.9867123875,3.6294830734e-03
5,0.2500000000,-11.9567081012,3.6931025830e-03
5,0.2500000000,-11.9267038148,3.7612009130e-03
5,0.2500000000,-11.8966995285,3.8339173011e-03
5,0.2500000000,-11.8666952422,3.9114244618e-03
5,0.2500000000,-11.8366909559,3.9939291551e-03
5,0.2500000000,-11.8066866695,4.0816733588e-03
5,0.2500000000,-11.7766823832,4.1749360365e-03
5,0.2500000000,-11.7466780969,4.2740355136e-03
5,0.2500000000,-11.7166738105,4.3793324906e-03
5,0.2500000000,-11.6866695242,4.4912337432e-03
5,0.2500000000,-11.6566652379,4.6101965766e-03
5,0.2500000000,-11.6266609516,4.7367341242e-03
5,0.2500000000,-11.5966566652,4.8714216045e-03
5,0.2500000000,-11.5666523789,5.0149036782e-03
5,0.2500000000,-11.5366480926,5.1679030796e-03
5,0.2500000000,-11.5066438063,5.3312307391e-03
5,0.2500000000,-11.4766395199,5.5057976574e-03
5,0.2500000000,-11.4466352336,5.6926288548e-03
5,0.2500000000,-11.4166309473,5.8928797903e-03
5,0.2500000000,-11.3866266610,6.1078557345e-03
5,0.2500000000,-11.3566223746,6.3390346965e-03
5,0.2500000000,-11.3266180883,6.5880946423e-03
5,0.2500000000,-11.2966138020,6.8569459275e-03
5,0.2500000000,-11.2666095156,7.1477700908e-03
5,0.2500000000,-11.2366052293,7.4630664492e-03
5,0.2500000000,-11.2066009430,7.8057083119e-03
5,0.2500000000,-11.1765966567,8.1790111157e-03
5,0.2500000000,-11.1465923703,8.5868154177e-03
5,0.2500000000,-11.1165880840,9.0335885133e-03
5,0.2500000000,-11.0865837977,9.5245495389e-03
5,0.2500000000,-11.0565795114,1.0065824376e-02
5,0.2500000000,-11.0265752250,1.0664638619e-02
5,0.2500000000,-10.9965709387,1.1329559473e-02
5,0.2500000000,-10.9665666524,1.2070801031e-02
5,0.2500000000,-10.9365623661,1.2900612183e-02
5,0.2500000000,-10.9065580797,1.3833773142e-02
5,0.2500000000,-10.8765537934,1.4888235765e-02
5,0.2500000000,-10.8465495071,1.6085955818e-02
5,0.2500000000,-10.8165452207,1.7453983399e-02
5,0.2500000000,-10.7865409344,1.9025903337e-02
5,0.2500000000,-10.7565366481,2.0843753518e-02
5,0.2500000000,-10.7265323618,2.2960600243e-02
5,0.2500000000,-10.6965280754,2.5444021612e-02
5,0.2500000000,-10.6665237891,2.8380849542e-02
5,0.2500000000,-10.6365195028,3.1883654395e-02
5,0.2500000000,-10.6065152165,3.6099622378e-02
5,0.2500000000,-10.5765109301,4.1222648391e-02
5,0.2500000000,-10.5465066438,4.7509545179e-02
5,0.2500000000,-10.5165023575,5.5300954602e-02
5,0.2500000000,-10.4864980712,6.5046037029e-02
5,0.2500000000,-10.4564937848,7.7325305064e-02
5,0.2500000000,-10.4264894985,9.2853417318e-02
5,0.2500000000,-10.3964852122,1.1241401670e-01
5,0.2500000000,-10.3664809258,1.3661887182e-01
5,0.2500000000,-10.3364766395,1.6530119324e-01
5,0.2500000000,-10.3064723532,1.9637771986e-01
5,0.2500000000,-10.2764680669,2.2457485042e-01
5,0.2500000000,-10.2464637805,2.4183947139e-01
5,0.2500000000,-10.2164594942,2.4153481219e-01
5,0.2500000000,-10.1864552079,2.2381168527e-01
5,0.2500000000,-10.1564509216,1.9547150010e-01
5,0.2500000000,-10.1264466352,1.6451381765e-01
5,0.2500000000,-10.0964423489,1.3608067285e-01
5,0.2500000000,-10.0664380626,1.1215763701e-01
5,0.2500000000,-10.0364337763,9.2865045688e-02
5,0.2500000000,-10.0064294899,7.7576755990e-02
5,0.2500000000,-9.9764252036,6.5509029549e-02
5,0.2500000000,-9.9464209173,5.5951823547e-02
5,0.2500000000,-9.9164166309,4.8329929336e-02
5,0.2500000000,-9.8864123446,4.2198819768e-02
5,0.2500000000,-9.8564080583,3.7221532638e-02
5,0.2500000000,-9.8264037720,3.3144067119e-02
5,0.2500000000,-9.7963994856,2.9774648605e-02
5,0.2500000000,-9.7663951993,2.6967689486e-02
5,0.2500000000,-9.7363909130,2.4611834021e-02
5,0.2500000000,-9.7063866267,2.2621185151e-02
5,0.2500000000,-9.6763823403,2.0928896372e-02
5,0.2500000000,-9.6463780540,1.9482485184e-02
5,0.2500000000,-9.6163737677,1.8240389790e-02
5,0.2500000000,-9.5863694814,1.7169422796e-02
5,0.2500000000,-9.5563651950,1.6242874058e-02
5,0.2500000000,-9.5263609087,1.5439085846e-02
5,0.2500000000,-9.4963566224,1.4740373972e-02
5,0.2500000000,-9.4663523360,1.4132204205e-02
5,0.2500000000,-9.4363480497,1.3602558535e-02
5,0.2500000000,-9.4063437634,1.3141443754e-02
5,0.2500000000,-9.3763394771,1.2740507534e-02
5,0.2500000000,-9.3463351907,1.2392736348e-02
5,0.2500000000,-9.3163309044,1.2092216187e-02
5,0.2500000000,-9.2863266181,1.1833941764e-02
5,0.2500000000,-9.2563223318,1.1613663486e-02
5,0.2500000000,-9.2263180454,1.1427763992e-02
5,0.2500000000,-9.1963137591,1.1273158027e-02
5,0.2500000000,-9.1663094728,1.1147210825e-02
5,0.2500000000,-9.1363051865,1.1047671296e-02
5,0.2500000000,-9.1063009001,1.0972617094e-02
5,0.2500000000,-9.0762966138,1.0920409297e-02
5,0.2500000000,-9.0462923275,1.0889654908e-02
5,0.2500000000,-9.0162880411,1.0879175755e-02
5,0.2500000000,-8.9862837548,1.0887982652e-02
5,0.2500000000,-8.9562794685,1.0915253922e-02
5,0.2500000000,-8.9262751822,1.0960317567e-02
5,0.2500000000,-8.8962708958,1.1022636477e-02
5,0.2500000000,-8.8662666095,1.1101796240e-02
5,0.2500000000,-8.8362623232,1.1197495142e-02
5,0.2500000000,-8.8062580369,1.1309536080e-02
5,0.2500000000,-8.7762537505,1.1437820114e-02
5,0.2500000000,-8.7462494642,1.1582341487e-02
5,0.2500000000,-8.7162451779,1.1743183940e-02
5,0.2500000000,-8.6862408916,1.1920518202e-02
5,0.2500000000,-8.6562366052,1.2114600570e-02
5,0.2500000000,-8.6262323189,1.2325772509e-02
5,0.2500000000,-8.5962280326,1.2554461216e-02
5,0.2500000000,-8.5662237462,1.2801181144e-02
5,0.2500000000,-8.5362194599,1.3066536462e-02
5,0.2500000000,-8.5062151736,1.3351224480e-02
5,0.2500000000,-8.4762108873,1.3656040048e-02
5,0.2500000000,-8.4462066009,1.3981881006e-02
5,0.2500000000,-8.4162023146,1.4329754725e-02
5,0.2500000000,-8.3861980283,1.4700785849e-02
5,0.2500000000,-8.3561937420,1.5096225333e-02
5,0.2500000000,-8.3261894556,1.5517460916e-02
5,0.2500000000,-8.2961851693,1.5966029197e-02
5,0.2500000000,-8.2661808830,1.6443629501e-02
5,0.2500000000,-8.2361765967,1.6952139770e-02
5,0.2500000000,-8.2061723103,1.7493634745e-02
5,0.2500000000,-8.1761680240,1.8070406776e-02
5,0.2500000000,-8.1461637377,1.8684989636e-02
5,0.2500000000,-8.1161594514,1.9340185786e-02
5,0.2500000000,-8.0861551650,2.0039097649e-02
5,0.2500000000,-8.0561508787,2.0785163509e-02
5,0.2500000000,-8.0261465924,2.1582198820e-02
5,0.2500000000,-7.9961423060,2.2434443815e-02
5,0.2500000000,-7.9661380197,2.3346618516e-02
5,0.2500000000,-7.9361337334,2.4323986452e-02
5,0.2500000000,-7.9061294471,2.5372428651e-02
5,0.2500000000,-7.8761251607,2.6498529816e-02
5,0.2500000000,-7.8461208744,2.7709679007e-02
5,0.2500000000,-7.8161165881,2.9014187626e-02
5,0.2500000000,-7.7861123018,3.0421428159e-02
5,0.2500000000,-7.7561080154,3.1941997917e-02
5,0.2500000000,-7.7261037291,3.3587912980e-02
5,0.2500000000,-7.6960994428,3.5372838840e-02
5,0.2500000000,-7.6660951565,3.7312365799e-02
5,0.2500000000,-7.6360908701,3.9424339229e-02
5,0.2500000000,-7.6060865838,4.1729257423e-02
5,0.2500000000,-7.5760822975,4.4250753123e-02
5,0.2500000000,-7.5460780111,4.7016179239e-02
5,0.2500000000,-7.5160737248,5.0057325000e-02
5,0.2500000000,-7.4860694385,5.3411296371e-02
5,0.2500000000,-7.4560651522,5.7121604625e-02
5,0.2500000000,-7.4260608658,6.1239520338e-02
5,0.2500000000,-7.3960565795,6.5825768163e-02
5,0.2500000000,-7.3660522932,7.0952662091e-02
5,0.2500000000,-7.3360480069,7.6706814278e-02
5,0.2500000000,-7.3060437205,8.3192596205e-02
5,0.2500000000,-7.2760394342,9.0536594295e-02
5,0.2500000000,-7.2460351479,9.8893390272e-02
5,0.2500000000,-7.2160308616,1.0845312020e-01
5,0.2500000000,-7.1860265752,1.1945144032e-01
5,0.2500000000,-7.1560222889,1.3218277418e-01
5,0.2500000000,-7.1260180026,1.4701806403e-01
5,0.2500000000,-7.0960137162,1.6442874059e-01
5,0.2500000000,-7.0660094299,1.8501930852e-01
5,0.2500000000,-7.0360051436,2.0957186997e-01
5,0.2500000000,-7.0060008573,2.3910708668e-01
5,0.2500000000,-6.9759965709,2.7496738336e-01
5,0.2500000000,-6.9459922846,3.1892905794e-01
5,0.2500000000,-6.9159879983,3.7334865969e-01
5,0.2500000000,-6.8859837120,4.4134079243e-01
5,0.2500000000,-6.8559794256,5.2695738065e-01
5,0.2500000000,-6.8259751393,6.3526398430e-01
5,0.2500000000,-6.7959708530,7.7202724838e-01
5,0.2500000000,-6.7659665667,9.4234444488e-01
5,0.2500000000,-6.7359622803,1.1469440780e+00
5,0.2500000000,-6.7059579940,1.3746959090e+00
5,0.2500000000,-6.6759537077,1.5926813834e+00
5,0.2500000000,-6.6459494213,1.7445287887e+00
5,0.2500000000,-6.6159451350,1.7746455099e+00
5,0.2500000000,-6.5859408487,1.6703099046e+00
5,0.2500000000,-6.5559365624,1.4731678492e+00
5,0.2500000000,-6.5259322760,1.2440435156e+00
5,0.2500000000,-6.4959279897,1.0269797135e+00
5,0.2500000000,-6.4659237034,8.4141750177e-01
5,0.2500000000,-6.4359194171,6.9060216266e-01
5,0.2500000000,-6.4059151307,5.7067850018e-01
5,0.2500000000,-6.3759108444,4.7590144787e-01
5,0.2500000000,-6.3459065581,4.0082270520e-01
5,0.2500000000,-6.3159022718,3.4094750741e-01
5,0.2500000000,-6.2858979854,2.9277495161e-01
5,0.2500000000,-6.2558936991,2.5364325198e-01
5,0.2500000000,-6.2258894128,2.2154482352e-01
5,0.2500000000,-6.1958851264,1.9496499748e-01
5,0.2500000000,-6.1658808401,1.7275548882e-01
5,0.2500000000,-6.1358765538,1.5403949613e-01
5,0.2500000000,-6.1058722675,1.3814189033e-01
5,0.2500000000,-6.0758679811,1.2453820027e-01
5,0.2500000000,-6.0458636948,1.1281732811e-01
5,0.2500000000,-6.0158594085,1.0265419028e-01
5,0.2500000000,-5.9858551222,9.3789518268e-02
5,0.2500000000,-5.9558508358,8.6014835617e-02
5,0.2500000000,-5.9258465495,7.9161195906e-02
5,0.2500000000,-5.8958422632,7.3090670813e-02
5,0.2500000000,-5.8658379769,6.7689863878e-02
5,0.2500000000,-5.8358336905,6.2864927899e-02
5,0.2500000000,-5.8058294042,5.8537707196e-02
5,0.2500000000,-5.7758251179,5.4642728061e-02
5,0.2500000000,-5.7458208315,5.1124833679e-02
5,0.2500000000,-5.7158165452,4.7937312451e-02
5,0.2500000000,-5.6858122589,4.5040406824e-02
5,0.2500000000,-5.6558079726,4.2400117642e-02
5,0.2500000000,-5.6258036862,3.9987239560e-02
5,0.2500000000,-5.5957993999,3.7776578316e-02
5,0.2500000000,-5.5657951136,3.5746312035e-02
5,0.2500000000,-5.5357908273,3.3877467267e-02
5,0.2500000000,-5.5057865409,3.2153486978e-02
5,0.2500000000,-5.4757822546,3.0559872611e-02
5,0.2500000000,-5.4457779683,2.9083886158e-02
5,0.2500000000,-5.4157736820,2.7714301062e-02
5,0.2500000000,-5.3857693956,2.6441193086e-02
5,0.2500000000,-5.3557651093,2.5255764000e-02
5,0.2500000000,-5.3257608230,2.4150192378e-02
5,0.2500000000,-5.2957565366,2.3117506852e-02
5,0.2500000000,-5.2657522503,2.2151478065e-02
5,0.2500000000,-5.2357479640,2.1246526257e-02
5,0.2500000000,-5.2057436777,2.0397641938e-02
5,0.2500000000,-5.1757393913,1.9600317610e-02
5,0.2500000000,-5.1457351050,1.8850488800e-02
5,0.2500000000,-5.1157308187,1.8144482987e-02
5,0.2500000000,-5.0857265324,1.7478975255e-02
5,0.2500000000,-5.0557222460,1.6850949666e-02
5,0.2500000000,-5.0257179597,1.6257665540e-02
5,0.2500000000,-4.9957136734,1.5696627936e-02
5,0.2500000000,-4.9657093871,1.5165561750e-02
5,0.2500000000,-4.9357051007,1.4662388944e-02
5,0.2500000000,-4.9057008144,1.4185208457e-02
5,0.2500000000,-4.8756965281,1.3732278478e-02
5,0.2500000000,-4.8456922417,1.3302000735e-02
5,0.2500000000,-4.8156879554,1.2892906573e-02
5,0.2500000000,-4.7856836691,1.2503644569e-02
5,0.2500000000,-4.7556793828,1.2132969507e-02
5,0.2500000000,-4.7256750964,1.1779732544e-02
5,0.2500000000,-4.6956708101,1.1442872416e-02
5,0.2500000000,-4.6656665238,1.1121407564e-02
5,0.2500000000,-4.6356622375,1.0814429080e-02
5,0.2500000000,-4.6056579511,1.0521094360e-02
5,0.2500000000,-4.5756536648,1.0240621400e-02
5,0.2500000000,-4.5456493785,9.9722836501e-03
5,0.2500000000,-4.5156450922,9.7154053791e-03
5,0.2500000000,-4.4856408058,9.4693574753e-03
5,0.2500000000,-4.4556365195,9.2335536514e-03
5,0.2500000000,-4.4256322332,9.0074470033e-03
5,0.2500000000,-4.3956279468,8.7905268870e-03
5,0.2500000000,-4.3656236605,8.5823160800e-03
5,0.2500000000,-4.3356193742,8.3823681992e-03
5,0.2500000000,-4.3056150879,8.1902653481e-03
5,0.2500000000,-4.2756108015,8.0056159700e-03
5,0.2500000000,-4.2456065152,7.8280528889e-03
5,0.2500000000,-4.2156022289,7.6572315171e-03
5,0.2500000000,-4.1855979426,7.4928282150e-03
5,0.2500000000,-4.1555936562,7.3345387887e-03
5,0.2500000000,-4.1255893699,7.1820771110e-03
5,0.2500000000,-4.0955850836,7.0351738558e-03
5,0.2500000000,-4.0655807973,6.8935753346e-03
5,0.2500000000,-4.0355765109,6.7570424260e-03
5,0.2500000000,-4.0055722246,6.6253495900e-03
5,0.2500000000,-3.9755679383,6.4982839587e-03
5,0.2500000000,-3.9455636520,6.3756444983e-03
5,0.2500000000,-3.9155593656,6.2572412345e-03
5,0.2500000000,-3.8855550793,6.1428945367e-03
5,0.2500000000,-3.8555507930,6.0324344558e-03
5,0.2500000000,-3.8255465066,5.9257001110e-03
5,0.2500000000,-3.7955422203,5.8225391218e-03
5,0.2500000000,-3.7655379340,5.7228070809e-03
5,0.2500000000,-3.7355336477,5.6263670654e-03
5,0.2500000000,-3.7055293613,5.5330891822e-03
5,0.2500000000,-3.6755250750,5.4428501460e-03
5,0.2500000000,-3.6455207887,5.3555328865e-03
5,0.2500000000,-3.6155165024,5.2710261826e-03
5,0.2500000000,-3.5855122160,5.1892243219e-03
5,0.2500000000,-3.5555079297,5.1100267831e-03
5,0.2500000000,-3.5255036434,5.0333379399e-03
5,0.2500000000,-3.4954993571,4.9590667844e-03
5,0.2500000000,-3.4654950707,4.8871266686e-03
5,0.2500000000,-3.4354907844,4.8174350639e-03
5,0.2500000000,-3.4054864981,4.7499133342e-03
5,0.2500000000,-3.3754822117,4.6844865256e-03
5,0.2500000000,-3.3454779254,4.6210831681e-03
5,0.2500000000,-3.3154736391,4.5596350908e-03
5,0.2500000000,-3.2854693528,4.5000772475e-03
5,0.2500000000,-3.2554650664,4.4423475545e-03
5,0.2500000000,-3.2254607801,4.3863867375e-03
5,0.2500000000,-3.1954564938,4.3321381877e-03
5,0.2500000000,-3.1654522075,4.2795478278e-03
5,0.2500000000,-3.1354479211,4.2285639846e-03
5,0.2500000000,-3.1054436348,4.1791372702e-03
5,0.2500000000,-3.0754393485,4.1312204698e-03
5,0.2500000000,-3.0454350622,4.0847684366e-03
5,0.2500000000,-3.0154307758,4.0397379919e-03
5,0.2500000000,-2.9854264895,3.9960878323e-03
5,0.2500000000,-2.9554222032,3.9537784408e-03
5,0.2500000000,-2.9254179168,3.9127720046e-03
5,0.2500000000,-2.8954136305,3.8730323361e-03
5,0.2500000000,-2.8654093442,3.8345247991e-03
5,0.2500000000,-2.8354050579,3.7972162396e-03
5,0.2500000000,-2.8054007715,3.7610749193e-03
5,0.2500000000,-2.7753964852,3.7260704539e-03
5,0.2500000000,-2.7453921989,3.6921737542e-03
5,0.2500000000,-2.7153879126,3.6593569709e-03
5,0.2500000000,-2.6853836262,3.6275934420e-03
5,0.2500000000,-2.6553793399,3.5968576431e-03
5,0.2500000000,-2.6253750536,3.5671251412e-03
5,0.2500000000,-2.5953707673,3.5383725499e-03
5,0.2500000000,-2.5653664809,3.5105774876e-03
5,0.2500000000,-2.5353621946,3.4837185384e-03
5,0.2500000000,-2.5053579083,3.4577752139e-03
5,0.2500000000,-2.4753536219,3.4327279187e-03
5,0.2500000000,-2.4453493356,3.4085579162e-03
5,0.2500000000,-2.4153450493,3.3852472974e-03
5,0.2500000000,-2.3853407630,3.3627789506e-03
5,0.2500000000,-2.3553364766,3.3411365335e-03
5,0.2500000000,-2.3253321903,3.3203044462e-03
5,0.2500000000,-2.2953279040,3.3002678061e-03
5,0.2500000000,-2.2653236177,3.2810124237e-03
5,0.2500000000,-2.2353193313,3.2625247805e-03
5,0.2500000000,-2.2053150450,3.2447920074e-03
5,0.2500000000,-2.1753107587,3.2278018646e-03
5,0.2500000000,-2.1453064724,3.2115427231e-03
5,0.2500000000,-2.1153021860,3.1960035463e-03
5,0.2500000000,-2.0852978997,3.1811738739e-03
5,0.2500000000,-2.0552936134,3.1670438052e-03
5,0.2500000000,-2.0252893270,3.1536039855e-03
5,0.2500000000,-1.9952850407,3.1408455912e-03
5,0.2500000000,-1.9652807544,3.1287603173e-03
5,0.2500000000,-1.9352764681,3.1173403652e-03
5,0.2500000000,-1.9052721817,3.1065784315e-03
5,0.2500000000,-1.8752678954,3.0964676973e-03
5,0.2500000000,-1.8452636091,3.0870018185e-03
5,0.2500000000,-1.8152593228,3.0781749170e-03
5,0.2500000000,-1.7852550364,3.0699815722e-03
5,0.2500000000,-1.7552507501,3.0624168136e-03
5,0.2500000000,-1.7252464638,3.0554761136e-03
5,0.2500000000,-1.6952421775,3.0491553820e-03
5,0.2500000000,-1.6652378911,3.0434509594e-03
5,0.2500000000,-1.6352336048,3.0383596132e-03
5,0.2500000000,-1.6052293185,3.0338785329e-03
5,0.2500000000,-1.5752250321,3.0300053262e-03
5,0.2500000000,-1.5452207458,3.0267380164e-03
5,0.2500000000,-1.5152164595,3.0240750394e-03
5,0.2500000000,-1.4852121732,3.0220152423e-03
5,0.2500000000,-1.4552078868,3.0205578819e-03
5,0.2500000000,-1.4252036005,3.0197026237e-03
5,0.2500000000,-1.3951993142,3.0194495423e-03
5,0.2500000000,-1.3651950279,3.0197991215e-03
5,0.2500000000,-1.3351907415,3.0207522554e-03
5,0.2500000000,-1.3051864552,3.0223102501e-03
5,0.2500000000,-1.2751821689,3.0244748260e-03
5,0.2500000000,-1.2451778826,3.0272481205e-03
5,0.2500000000,-1.2151735962,3.0306326914e-03
5,0.2500000000,-1.1851693099,3.0346315212e-03
5,0.2500000000,-1.1551650236,3.0392480215e-03
5,0.2500000000,-1.1251607372,3.0444860386e-03
5,0.2500000000,-1.0951564509,3.0503498592e-03
5,0.2500000000,-1.0651521646,3.0568442173e-03
5,0.2500000000,-1.0351478783,3.0639743015e-03
5,0.2500000000,-1.0051435919,3.0717457627e-03
5,0.2500000000,-0.9751393056,3.0801647234e-03
5,0.2500000000,-0.9451350193,3.0892377869e-03
5,0.2500000000,-0.9151307330,3.0989720476e-03
5,0.2500000000,-0.8851264466,3.1093751023e-03
5,0.2500000000,-0.8551221603,3.1204550619e-03
5,0.2500000000,-0.8251178740,3.1322205642e-03
5,0.2500000000,-0.7951135877,3.1446807879e-03
5,0.2500000000,-0.7651093013,3.1578454667e-03
5,0.2500000000,-0.7351050150,3.1717249056e-03
5,0.2500000000,-0.7051007287,3.1863299967e-03
5,0.2500000000,-0.6750964423,3.2016722378e-03
5,0.2500000000,-0.6450921560,3.2177637503e-03
5,0.2500000000,-0.6150878697,3.2346172999e-03
5,0.2500000000,-0.5850835834,3.2522463174e-03
5,0.2500000000,-0.5550792970,3.2706649214e-03
5,0.2500000000,-0.5250750107,3.2898879420e-03
5,0.2500000000,-0.4950707244,3.3099309460e-03
5,0.2500000000,-0.4650664381,3.3308102641e-03
5,0.2500000000,-0.4350621517,3.3525430186e-03
5,0.2500000000,-0.4050578654,3.3751471541e-03
5,0.2500000000,-0.3750535791,3.3986414687e-03
5,0.2500000000,-0.3450492928,3.4230456480e-03
5,0.2500000000,-0.3150450064,3.4483803007e-03
5,0.2500000000,-0.2850407201,3.4746669960e-03
5,0.2500000000,-0.2550364338,3.5019283040e-03
5,0.2500000000,-0.2250321474,3.5301878372e-03
5,0.2500000000,-0.1950278611,3.5594702960e-03
5,0.2500000000,-0.1650235748,3.5898015157e-03
5,0.2500000000,-0.1350192885,3.6212085163e-03
5,0.2500000000,-0.1050150021,3.6537195562e-03
5,0.2500000000,-0.0750107158,3.6873641881e-03
5,0.2500000000,-0.0450064295,3.7221733187e-03
5,0.2500000000,-0.0150021432,3.7581792717e-03
5,0.2500000000,0.0150021432,3.7954158552e-03
5,0.2500000000,0.0450064295,3.8339184322e-03
5,0.2500000000,0.0750107158,3.8737239965e-03
5,0.2500000000,0.1050150021,3.9148712522e-03
5,0.2500000000,0.1350192885,3.9574006991e-03
5,0.2500000000,0.1650235748,4.0013547224e-03
5,0.2500000000,0.1950278611,4.0467776889e-03
5,0.2500000000,0.2250321474,4.0937160485e-03
5,0.2500000000,0.2550364338,4.1422184429e-03
5,0.2500000000,0.2850407201,4.1923358205e-03
5,0.2500000000,0.3150450064,4.2441215592e-03
5,0.2500000000,0.3450492928,4.2976315969e-03
5,0.2500000000,0.3750535791,4.3529245706e-03
5,0.2500000000,0.4050578654,4.4100619649e-03
5,0.2500000000,0.4350621517,4.4691082698e-03
5,0.2500000000,0.4650664381,4.5301311499e-03
5,0.2500000000,0.4950707244,4.5932016241e-03
5,0.2500000000,0.5250750107,4.6583942585e-03
5,0.2500000000,0.5550792970,4.7257873719e-03
5,0.2500000000,0.5850835834,4.7954632560e-03
5,0.2500000000,0.6150878697,4.8675084106e-03
5,0.2500000000,0.6450921560,4.9420137959e-03
5,0.2500000000,0.6750964423,5.0190751030e-03
5,0.2500000000,0.7051007287,5.0987930431e-03
5,0.2500000000,0.7351050150,5.1812736586e-03
5,0.2500000000,0.7651093013,5.2666286568e-03
5,0.2500000000,0.7951135877,5.3549757686e-03
5,0.2500000000,0.8251178740,5.4464391339e-03
5,0.2500000000,0.8551221603,5.5411497165e-03
5,0.2500000000,0.8851264466,5.6392457509e-03
5,0.2500000000,0.9151307330,5.7408732237e-03
5,0.2500000000,0.9451350193,5.8461863928e-03
5,0.2500000000,0.9751393056,5.9553483479e-03
5,0.2500000000,1.0051435919,6.0685316155e-03
5,0.2500000000,1.0351478783,6.1859188141e-03
5,0.2500000000,1.0651521646,6.3077033618e-03
5,0.2500000000,1.0951564509,6.4340902439e-03
5,0.2500000000,1.1251607372,6.5652968440e-03
5,0.2500000000,1.1551650236,6.7015538467e-03
5,0.2500000000,1.1851693099,6.8431062172e-03
5,0.2500000000,1.2151735962,6.9902142665e-03
5,0.2500000000,1.2451778826,7.1431548111e-03
5,0.2500000000,1.2751821689,7.3022224352e-03
5,0.2500000000,1.3051864552,7.4677308682e-03
5,0.2500000000,1.3351907415,7.6400144872e-03
5,0.2500000000,1.3651950279,7.8194299603e-03
5,0.2500000000,1.3951993142,8.0063580431e-03
5,0.2500000000,1.4252036005,8.2012055477e-03
5,0.2500000000,1.4552078868,8.4044075002e-03
5,0.2500000000,1.4852121732,8.6164295117e-03
5,0.2500000000,1.5152164595,8.8377703826e-03
5,0.2500000000,1.5452207458,9.0689649703e-03
5,0.2500000000,1.5752250321,9.3105873498e-03
5,0.2500000000,1.6052293185,9.5632543016e-03
5,0.2500000000,1.6352336048,9.8276291663e-03
5,0.2500000000,1.6652378911,1.0104426111e-02
5,0.2500000000,1.6952421775,1.0394414859e-02
5,0.2500000000,1.7252464638,1.0698425935e-02
5,0.2500000000,1.7552507501,1.1017356506e-02
5,0.2500000000,1.7852550364,1.1352176878e-02
5,0.2500000000,1.8152593228,1.1703937741e-02
5,0.2500000000,1.8452636091,1.2073778271e-02
5,0.2500000000,1.8752678954,1.2462935197e-02
5,0.2500000000,1.9052721817,1.2872752956e-02
5,0.2500000000,1.9352764681,1.3304695119e-02
5,0.2500000000,1.9652807544,1.3760357239e-02
5,0.2500000000,1.9952850407,1.4241481342e-02
5,0.2500000000,2.0252893270,1.4749972309e-02
5,0.2500000000,2.0552936134,1.5287916422e-02
5,0.2500000000,2.0852978997,1.5857602420e-02
5,0.2500000000,2.1153021860,1.6461545445e-02
5,0.2500000000,2.1453064724,1.7102514354e-02
5,0.2500000000,2.1753107587,1.7783562932e-02
5,0.2500000000,2.2053150450,1.8508065666e-02
5,0.2500000000,2.2353193313,1.9279758841e-02
5,0.2500000000,2.2653236177,2.0102787895e-02
5,0.2500000000,2.2953279040,2.0981762127e-02
5,0.2500000000,2.3253321903,2.1921818086e-02
5,0.2500000000,2.3553364766,2.2928693259e-02
5,0.2500000000,2.3853407630,2.4008811979e-02
5,0.2500000000,2.4153450493,2.5169385943e-02
5,0.2500000000,2.4453493356,2.6418532196e-02
5,0.2500000000,2.4753536219,2.7765412144e-02
5,0.2500000000,2.5053579083,2.9220395940e-02
5,0.2500000000,2.5353621946,3.0795257654e-02
5,0.2500000000,2.5653664809,3.2503407920e-02
5,0.2500000000,2.5953707673,3.4360172463e-02
5,0.2500000000,2.6253750536,3.6383127029e-02
5,0.2500000000,2.6553793399,3.8592502053e-02
5,0.2500000000,2.6853836262,4.1011673946e-02
5,0.2500000000,2.7153879126,4.3667764642e-02
5,0.2500000000,2.7453921989,4.6592377181e-02
5,0.2500000000,2.7753964852,4.9822503285e-02
5,0.2500000000,2.8054007715,5.3401649767e-02
5,0.2500000000,2.8354050579,5.7381245203e-02
5,0.2500000000,2.8654093442,6.1822407986e-02
5,0.2500000000,2.8954136305,6.6798183699e-02
5,0.2500000000,2.9254179168,7.2396396475e-02
5,0.2500000000,2.9554222032,7.8723309669e-02
5,0.2500000000,2.9854264895,8.5908361684e-02
5,0.2500000000,3.0154307758,9.4110341267e-02
5,0.2500000000,3.0454350622,1.0352550529e-01
5,0.2500000000,3.0754393485,1.1439833779e-01
5,0.2500000000,3.1054436348,1.2703592636e-01
5,0.2500000000,3.1354479211,1.4182732293e-01
5,0.2500000000,3.1654522075,1.5926980433e-01
5,0.2500000000,3.1954564938,1.8000469776e-01
5,0.2500000000,3.2254607801,2.0486641959e-01
5,0.2500000000,3.2554650664,2.3494953660e-01
5,0.2500000000,3.2854693528,2.7169967925e-01
5,0.2500000000,3.3154736391,3.1703395462e-01
5,0.2500000000,3.3454779254,3.7349212088e-01
5,0.2500000000,3.3754822117,4.4440338571e-01
5,0.2500000000,3.4054864981,5.3400628144e-01
5,0.2500000000,3.4354907844,6.4733862190e-01
5,0.2500000000,3.4654950707,7.8944468133e-01
5,0.2500000000,3.4954993571,9.6295948180e-01
5,0.2500000000,3.5255036434,1.1626795263e+00
5,0.2500000000,3.5555079297,1.3668770406e+00
5,0.2500000000,3.5855122160,1.5313355149e+00
5,0.2500000000,3.6155165024,1.6015736955e+00
5,0.2500000000,3.6455207887,1.5487474588e+00
5,0.2500000000,3.6755250750,1.3948696847e+00
5,0.2500000000,3.7055293613,1.1932271443e+00
5,0.2500000000,3.7355336477,9.9096779451e-01
5,0.2500000000,3.7655379340,8.1298319376e-01
5,0.2500000000,3.7955422203,6.6631298833e-01
5,0.2500000000,3.8255465066,5.4904483809e-01
5,0.2500000000,3.8555507930,4.5628131429e-01
5,0.2500000000,3.8855550793,3.8290832514e-01
5,0.2500000000,3.9155593656,3.2455337943e-01
5,0.2500000000,3.9455636520,2.7775845575e-01
5,0.2500000000,3.9755679383,2.3987809793e-01
5,0.2500000000,4.0055722246,2.0891379818e-01
5,0.2500000000,4.0355765109,1.8335891666e-01
5,0.2500000000,4.0655807973,1.6207362110e-01
5,0.2500000000,4.0955850836,1.4418995374e-01
5,0.2500000000,4.1255893699,1.2904164567e-01
5,0.2500000000,4.1555936562,1.1611275837e-01
5,0.2500000000,4.1855979426,1.0500017058e-01
5,0.2500000000,4.2156022289,9.5386099576e-02
5,0.2500000000,4.2456065152,8.7017861374e-02
5,0.2500000000,4.2756108015,7.9692858431e-02
5,0.2500000000,4.3056150879,7.3247357847e-02
5,0.2500000000,4.3356193742,6.7548034655e-02
5,0.2500000000,4.3656236605,6.2485546414e-02
5,0.2500000000,4.3956279468,5.7969611395e-02
5,0.2500000000,4.4256322332,5.3925208494e-02
5,0.2500000000,4.4556365195,5.0289620566e-02
5,0.2500000000,4.4856408058,4.7010116884e-02
5,0.2500000000,4.5156450922,4.4042123606e-02
5,0.2500000000,4.5456493785,4.1347769610e-02
5,0.2500000000,4.5756536648,3.8894723140e-02
5,0.2500000000,4.6056579511,3.6655255297e-02
5,0.2500000000,4.6356622375,3.4605481654e-02
5,0.2500000000,4.6656665238,3.2724744628e-02
5,0.2500000000,4.6956708101,3.0995107756e-02
5,0.2500000000,4.7256750964,2.9400939464e-02
5,0.2500000000,4.7556793828,2.7928568798e-02
5,0.2500000000,4.7856836691,2.6565999326e-02
5,0.2500000000,4.8156879554,2.5302670324e-02
5,0.2500000000,4.8456922417,2.4129256561e-02
5,0.2500000000,4.8756965281,2.3037499756e-02
5,0.2500000000,4.9057008144,2.2020066145e-02
5,0.2500000000,4.9357051007,2.1070425639e-02
5,0.2500000000,4.9657093871,2.0182748956e-02
5,0.2500000000,4.9957136734,1.9351819723e-02
5,0.2500000000,5.0257179597,1.8572959136e-02
5,0.2500000000,5.0557222460,1.7841961172e-02
5,0.2500000000,5.0857265324,1.7155036708e-02
5,0.2500000000,5.1157308187,1.6508765166e-02
5,0.2500000000,5.1457351050,1.5900052574e-02
5,0.2500000000,5.1757393913,1.5326095074e-02
5,0.2500000000,5.2057436777,1.4784347092e-02
5,0.2500000000,5.2357479640,1.4272493508e-02
5,0.2500000000,5.2657522503,1.3788425259e-02
5,0.2500000000,5.2957565366,1.3330217900e-02
5,0.2500000000,5.3257608230,1.2896112733e-02
5,0.2500000000,5.3557651093,1.2484500141e-02
5,0.2500000000,5.3857693956,1.2093904858e-02
5,0.2500000000,5.4157736820,1.1722972912e-02
5,0.2500000000,5.4457779683,1.1370460031e-02
5,0.2500000000,5.4757822546,1.1035221331e-02
5,0.2500000000,5.5057865409,1.0716202128e-02
5,0.2500000000,5.5357908273,1.0412429730e-02
5,0.2500000000,5.5657951136,1.0123006106e-02
5,0.2500000000,5.5957993999,9.8471013152e-03
5,0.2500000000,5.6258036862,9.5839476140e-03
5,0.2500000000,5.6558079726,9.3328341665e-03
5,0.2500000000,5.6858122589,9.0931022846e-03
5,0.2500000000,5.7158165452,8.8641411431e-03
5,0.2500000000,5.7458208315,8.6453839169e-03
5,0.2500000000,5.7758251179,8.4363042954e-03
5,0.2500000000,5.8058294042,8.2364133341e-03
5,0.2500000000,5.8358336905,8.0452566093e-03
5,0.2500000000,5.8658379769,7.8624116443e-03
5,0.2500000000,5.8958422632,7.6874855808e-03
5,0.2500000000,5.9258465495,7.5201130714e-03
5,0.2500000000,5.9558508358,7.3599543723e-03
5,0.2500000000,5.9858551222,7.2066936179e-03
5,0.2500000000,6.0158594085,7.0600372605e-03
5,0.2500000000,6.0458636948,6.9197126614e-03
5,0.2500000000,6.0758679811,6.7854668210e-03
5,0.2500000000,6.1058722675,6.6570652355e-03
5,0.2500000000,6.1358765538,6.5342908721e-03
5,0.2500000000,6.1658808401,6.4169432547e-03
5,0.2500000000,6.1958851264,6.3048376503e-03
5,0.2500000000,6.2258894128,6.1978043540e-03
5,0.2500000000,6.2558936991,6.0956880638e-03
5,0.2500000000,6.2858979854,5.9983473445e-03
5,0.2500000000,6.3159022718,5.9056541745e-03
5,0.2500000000,6.3459065581,5.8174935756e-03
5,0.2500000000,6.3759108444,5.7337633241e-03
5,0.2500000000,6.4059151307,5.6543737412e-03
5,0.2500000000,6.4359194171,5.5792475659e-03
5,0.2500000000,6.4659237034,5.5083199093e-03
5,0.2500000000,6.4959279897,5.4415382949e-03
5,0.2500000000,6.5259322760,5.3788627874e-03
5,0.2500000000,6.5559365624,5.3202662158e-03
5,0.2500000000,6.5859408487,5.2657344966e-03
5,0.2500000000,6.6159451350,5.2152670646e-03
5,0.2500000000,6.6459494213,5.1688774224e-03
5,0.2500000000,6.6759537077,5.1265938194e-03
5,0.2500000000,6.7059579940,5.0884600733e-03
5,0.2500000000,6.7359622803,5.0545365540e-03
5,0.2500000000,6.7659665667,5.0249013461e-03
5,0.2500000000,6.7959708530,4.9996516173e-03
5,0.2500000000,6.8259751393,4.9789052187e-03
5,0.2500000000,6.8559794256,4.9628025520e-03
5,0.2500000000,6.8859837120,4.9515087434e-03
5,0.2500000000,6.9159879983,4.9452161718e-03
5,0.2500000000,6.9459922846,4.9441474091e-03
5,0.2500000000,6.9759965709,4.9485586407e-03
5,0.2500000000,7.0060008573,4.9587436485e-03
5,0.2500000000,7.0360051436,4.9750384555e-03
5,0.2500000000,7.0660094299,4.9978267519e-03
5,0.2500000000,7.0960137162,5.0275462473e-03
5,0.2500000000,7.1260180026,5.0646961257e-03
5,0.2500000000,7.1560222889,5.1098458186e-03
5,0.2500000000,7.1860265752,5.1636453616e-03
5,0.2500000000,7.2160308616,5.2268376586e-03
5,0.2500000000,7.2460351479,5.3002730571e-03
5,0.2500000000,7.2760394342,5.3849267368e-03
5,0.2500000000,7.3060437205,5.4819195344e-03
5,0.2500000000,7.3360480069,5.5925429933e-03
5,0.2500000000,7.3660522932,5.7182896286e-03
5,0.2500000000,7.3960565795,5.8608896667e-03
5,0.2500000000,7.4260608658,6.0223558693e-03
5,0.2500000000,7.4560651522,6.2050385072e-03
5,0.2500000000,7.4860694385,6.4116931562e-03
5,0.2500000000,7.5160737248,6.6455647927e-03
5,0.2500000000,7.5460780111,6.9104927460e-03
5,0.2500000000,7.5760822975,7.2110425202e-03
5,0.2500000000,7.6060865838,7.5526724781e-03
5,0.2500000000,7.6360908701,7.9419460901e-03
5,0.2500000000,7.6660951565,8.3868041862e-03
5,0.2500000000,7.6960994428,8.8969168399e-03
5,0.2500000000,7.7261037291,9.4841417646e-03
5,0.2500000000,7.7561080154,1.0163126300e-02
5,0.2500000000,7.7861123018,1.0952104460e-02
5,0.2500000000,7.8161165881,1.1873960898e-02
5,0.2500000000,7.8461208744,1.2957662412e-02
5,0.2500000000,7.8761251607,1.4240197986e-02
5,0.2500000000,7.9061294471,1.5769223846e-02
5,0.2500000000,7.9361337334,1.7606683233e-02
5,0.2500000000,7.9661380197,1.9833758742e-02
5,0.2500000000,7.9961423060,2.2557597483e-02
5,0.2500000000,8.0261465924,2.5920255042e-02
5,0.2500000000,8.0561508787,3.0110029885e-02
5,0.2500000000,8.0861551650,3.5374271349e-02
5,0.2500000000,8.1161594514,4.2029531409e-02
5,0.2500000000,8.1461637377,5.0456649304e-02
5,0.2500000000,8.1761680240,6.1049463878e-02
5,0.2500000000,8.2061723103,7.4050427542e-02
5,0.2500000000,8.2361765967,8.9168017992e-02
5,0.2500000000,8.2661808830,1.0493103973e-01
5,0.2500000000,8.2961851693,1.1815106717e-01
5,0.2500000000,8.3261894556,1.2461865364e-01
5,0.2500000000,8.3561937420,1.2171092258e-01
5,0.2500000000,8.3861980283,1.1064174484e-01
5,0.2500000000,8.4162023146,9.5370328315e-02
5,0.2500000000,8.4462066009,7.9687877465e-02
5,0.2500000000,8.4762108873,6.5719927843e-02
5,0.2500000000,8.5062151736,5.4139137069e-02
5,0.2500000000,8.5362194599,4.4853560577e-02
5,0.2500000000,8.5662237462,3.7500198904e-02
5,0.2500000000,8.5962280326,3.1682560041e-02
5,0.2500000000,8.6262323189,2.7056361163e-02
5,0.2500000000,8.6562366052,2.3347538947e-02
5,0.2500000000,8.6862408916,2.0345855802e-02
5,0.2500000000,8.7162451779,1.7892349748e-02
5,0.2500000000,8.7462494642,1.5867194775e-02
5,0.2500000000,8.7762537505,1.4179794570e-02
5,0.2500000000,8.8062580369,1.2761224035e-02
5,0.2500000000,8.8362623232,1.1558628895e-02
5,0.2500000000,8.8662666095,1.0531124660e-02
5,0.2500000000,8.8962708958,9.6468014084e-03
5,0.2500000000,8.9262751822,8.8805309264e-03
5,0.2500000000,8.9562794685,8.2123528069e-03
5,0.2500000000,8.9862837548,7.6262784879e-03
5,0.2500000000,9.0162880411,7.1093981542e-03
5,0.2500000000,9.0462923275,6.6512083892e-03
5,0.2500000000,9.0762966138,6.2431018451e-03
5,0.2500000000,9.1063009001,5.8779767283e-03
5,0.2500000000,9.1363051865,5.5499355787e-03
5,0.2500000000,9.1663094728,5.2540511271e-03
5,0.2500000000,9.1963137591,4.9861829311e-03
5,0.2500000000,9.2263180454,4.7428327479e-03
5,0.2500000000,9.2563223318,4.5210296761e-03
5,0.2500000000,9.2863266181,4.3182383398e-03
5,0.2500000000,9.3163309044,4.1322850317e-03
5,0.2500000000,9.3463351907,3.9612979470e-03
5,0.2500000000,9.3763394771,3.8036585429e-03
5,0.2500000000,9.4063437634,3.6579617372e-03
5,0.2500000000,9.4363480497,3.5229831702e-03
5,0.2500000000,9.4663523360,3.3976521420e-03
5,0.2500000000,9.4963566224,3.2810291366e-03
5,0.2500000000,9.5263609087,3.1722870688e-03
5,0.2500000000,9.5563651950,3.0706955718e-03
5,0.2500000000,9.5863694814,2.9756077752e-03
5,0.2500000000,9.6163737677,2.8864491373e-03
5,0.2500000000,9.6463780540,2.8027079743e-03
5,0.2500000000,9.6763823403,2.7239274008e-03
5,0.2500000000,9.7063866267,2.6496984468e-03
5,0.2500000000,9.7363909130,2.5796541596e-03
5,0.2500000000,9.7663951993,2.5134645336e-03
5,0.2500000000,9.7963994856,2.4508321388e-03
5,0.2500000000,9.8264037720,2.3914883393e-03
5,0.2500000000,9.8564080583,2.3351900140e-03
5,0.2500000000,9.8864123446,2.2817167045e-03
5,0.2500000000,9.9164166309,2.2308681278e-03
5,0.2500000000,9.9464209173,2.1824620024e-03
5,0.2500000000,9.9764252036,2.1363321421e-03
5,0.2500000000,10.0064294899,2.0923267826e-03
5,0.2500000000,10.0364337763,2.0503071078e-03
5,0.2500000000,10.0664380626,2.0101459489e-03
5,0.2500000000,10.0964423489,1.9717266349e-03
5,0.2500000000,10.1264466352,1.9349419737e-03
5,0.2500000000,10.1564509216,1.8996933478e-03
5,0.2500000000,10.1864552079,1.8658899097e-03
5,0.2500000000,10.2164594942,1.8334478651e-03
5,0.2500000000,10.2464637805,1.8022898335e-03
5,0.2500000000,10.2764680669,1.7723442763e-03
5,0.2500000000,10.3064723532,1.7435449845e-03
5,0.2500000000,10.3364766395,1.7158306201e-03
5,0.2500000000,10.3664809258,1.6891443036e-03
5,0.2500000000,10.3964852122,1.6634332433e-03
5,0.2500000000,10.4264894985,1.6386484026e-03
5,0.2500000000,10.4564937848,1.6147441986e-03
5,0.2500000000,10.4864980712,1.5916782320e-03
5,0.2500000000,10.5165023575,1.5694110424e-03
5,0.2500000000,10.5465066438,1.5479058880e-03
5,0.2500000000,10.5765109301,1.5271285461e-03
5,0.2500000000,10.6065152165,1.5070471337e-03
5,0.2500000000,10.6365195028,1.4876319452e-03
5,0.2500000000,10.6665237891,1.4688553063e-03
5,0.2500000000,10.6965280754,1.4506914422e-03
5,0.2500000000,10.7265323618,1.4331163597e-03
5,0.2500000000,10.7565366481,1.4161077415e-03
5,0.2500000000,10.7865409344,1.3996448514e-03
5,0.2500000000,10.8165452207,1.3837084519e-03
5,0.2500000000,10.8465495071,1.3682807298e-03
5,0.2500000000,10.8765537934,1.3533452338e-03
5,0.2500000000,10.9065580797,1.3388868194e-03
5,0.2500000000,10.9365623661,1.3248916049e-03
5,0.2500000000,10.9665666524,1.3113469351e-03
5,0.2500000000,10.9965709387,1.2982413547e-03
5,0.2500000000,11.0265752250,1.2855645917e-03
5,0.2500000000,11.0565795114,1.2733075498e-03
5,0.2500000000,11.0865837977,1.2614623117e-03
5,0.2500000000,11.1165880840,1.2500221538e-03
5,0.2500000000,11.1465923703,1.2389815738e-03
5,0.2500000000,11.1765966567,1.2283363320e-03
5,0.2500000000,11.2066009430,1.2180835097e-03
5,0.2500000000,11.2366052293,1.2082215859e-03
5,0.2500000000,11.2666095156,1.1987505373e-03
5,0.2500000000,11.2966138020,1.1896719661e-03
5,0.2500000000,11.3266180883,1.1809892602e-03
5,0.2500000000,11.3566223746,1.1727077938e-03
5,0.2500000000,11.3866266610,1.1648351760e-03
5,0.2500000000,11.4166309473,1.1573815497e-03
5,0.2500000000,11.4466352336,1.1503599353e-03
5,0.2500000000,11.4766395199,1.1437865766e-03
5,0.2500000000,11.5066438063,1.1376811612e-03
5,0.2500000000,11.5366480926,1.1320666114e-03
5,0.2500000000,11.5666523789,1.1269678591e-03
5,0.2500000000,11.5966566652,1.1224089626e-03
5,0.2500000000,11.6266609516,1.1184093310e-03
5,0.2500000000,11.6566652379,1.1149842806e-03
5,0.2500000000,11.6866695242,1.1121580631e-03
5,0.2500000000,11.7166738105,1.1099848323e-03
5,0.2500000000,11.7466780969,1.1085548829e-03
5,0.2500000000,11.7766823832,1.1079801348e-03
5,0.2500000000,11.8066866695,1.1083807909e-03
5,0.2500000000,11.8366909559,1.1098858776e-03
5,0.2500000000,11.8666952422,1.1126419632e-03
5,0.2500000000,11.8966995285,1.1168233393e-03
5,0.2500000000,11.9267038148,1.1226421340e-03
5,0.2500000000,11.9567081012,1.1303593863e-03
5,0.2500000000,11.9867123875,1.1402985730e-03
5,0.2500000000,12.0167166738,1.1528631203e-03
5,0.2500000000,12.0467209601,1.1685596489e-03
5,0.2500000000,12.0767252465,1.1880292038e-03
5,0.2500000000,12.1067295328,1.2120895395e-03
5,0.2500000000,12.1367338191,1.2417926912e-03
5,0.2500000000,12.1667381054,1.2785035984e-03
5,0.2500000000,12.1967423918,1.3240073462e-03
5,0.2500000000,12.2267466781,1.3806541149e-03
5,0.2500000000,12.2567509644,1.4515504399e-03
5,0.2500000000,12.2867552508,1.5407979921e-03
5,0.2500000000,12.3167595371,1.6537542177e-03
5,0.2500000000,12.3467638234,1.7972127584e-03
5,0.2500000000,12.3767681097,1.9792114745e-03
5,0.2500000000,12.4067723961,2.2077665265e-03
5,0.2500000000,12.4367766824,2.4871605727e-03
5,0.2500000000,12.4667809687,2.8100714225e-03
5,0.2500000000,12.4967852550,3.1464029483e-03
5,0.2500000000,12.5267895414,3.4389576124e-03
5,0.2500000000,12.5567938277,3.6236486018e-03
5,0.2500000000,12.5867981140,3.6673667117e-03
5,0.2500000000,12.6168024003,3.5779948075e-03
5,0.2500000000,12.6468066867,3.3790263948e-03
5,0.2500000000,12.6768109730,3.0986320965e-03
5,0.2500000000,12.7068152593,2.7774407631e-03
5,0.2500000000,12.7368195456,2.4601089677e-03
5,0.2500000000,12.7668238320,2.1772465123e-03
5,0.2500000000,12.7968281183,1.9403867793e-03
5,0.2500000000,12.8268324046,1.7483433118e-03
5,0.2500000000,12.8568366910,1.5945969359e-03
5,0.2500000000,12.8868409773,1.4716534916e-03
5,0.2500000000,12.9168452636,1.3728372953e-03
5,0.2500000000,12.9468495499,1.2927542365e-03
5,0.2500000000,12.9768538363,1.2272257946e-03
5,0.2500000000,13.0068581226,1.1730698486e-03
5,0.2500000000,13.0368624089,1.1278736579e-03
5,0.2500000000,13.0668666952,1.0898036017e-03
5,0.2500000000,13.0968709816,1.0574579887e-03
5,0.2500000000,13.1268752679,1.0297570653e-03
5,0.2500000000,13.1568795542,1.0058619858e-03
5,0.2500000000,13.1868838405,9.8511534773e-04
5,0.2500000000,13.2168881269,9.6699747377e-04
5,0.2500000000,13.2468924132,9.5109411175e-04
5,0.2500000000,13.2768966995,9.3707240914e-04
5,0.2500000000,13.3069009859,9.2466290641e-04
5,0.2500000000,13.3369052722,9.1364593244e-04
5,0.2500000000,13.3669095585,9.0384124184e-04
5,0.2500000000,13.3969138448,8.9510005807e-04
5,0.2500000000,13.4269181312,8.8729891554e-04
5,0.2500000000,13.4569224175,8.8033485800e-04
5,0.2500000000,13.4869267038,8.7412166718e-04
5,0.2500000000,13.5169309901,8.6858688039e-04
5,0.2500000000,13.5469352765,8.6366941649e-04
5,0.2500000000,13.5769395628,8.5931767478e-04
5,0.2500000000,13.6069438491,8.5548800383e-04
5,0.2500000000,13.6369481354,8.5214346193e-04
5,0.2500000000,13.6669524218,8.4925280870e-04
5,0.2500000000,13.6969567081,8.4678968141e-04
5,0.2500000000,13.7269609944,8.4473191971e-04
5,0.2500000000,13.7569652808,8.4306101033e-04
5,0.2500000000,13.7869695671,8.4176162942e-04
5,0.2500000000,13.8169738534,8.4082126507e-04
5,0.2500000000,13.8469781397,8.4022990570e-04
5,0.2500000000,13.8769824261,8.3997978341e-04
5,0.2500000000,13.9069867124,8.4006516321e-04
5,0.2500000000,13.9369909987,8.4048217101e-04
5,0.2500000000,13.9669952850,8.4122865473e-04
5,0.2500000000,13.9969995714,8.4230407370e-04
5,0.2500000000,14.0270038577,8.4370941303e-04
5,0.2500000000,14.0570081440,8.4544711970e-04
5,0.2500000000,14.0870124303,8.4752105834e-04
5,0.2500000000,14.1170167167,8.4993648485e-04
5,0.2500000000,14.1470210030,8.5270003661e-04
5,0.2500000000,14.1770252893,8.5581973840e-04
5,0.2500000000,14.2070295757,8.5930502348e-04
5,0.2500000000,14.2370338620,8.6316676969e-04
5,0.2500000000,14.2670381483,8.6741735064e-04
5,0.2500000000,14.2970424346,8.7207070249e-04
5,0.2500000000,14.3270467210,8.7714240708e-04
5,0.2500000000,14.3570510073,8.8264979243e-04
5,0.2500000000,14.3870552936,8.8861205229e-04
5,0.2500000000,14.4170595799,8.9505038647e-04
5,0.2500000000,14.4470638663,9.0198816441e-04
5,0.2500000000,14.4770681526,9.0945111506e-04
5,0.2500000000,14.5070724389,9.1746754656e-04
5,0.2500000000,14.5370767252,9.2606860046e-04
5,0.2500000000,14.5670810116,9.3528854571e-04
5,0.2500000000,14.5970852979,9.4516511955e-04
5,0.2500000000,14.6270895842,9.5573992342e-04
5,0.2500000000,14.6570938706,9.6705888454e-04
5,0.2500000000,14.6870981569,9.7917279600e-04
5,0.2500000000,14.7171024432,9.9213795194e-04
5,0.2500000000,14.7471067295,1.0060168983e-03
5,0.2500000000,14.7771110159,1.0208793260e-03
5,0.2500000000,14.8071153022,1.0368031399e-03
5,0.2500000000,14.8371195885,1.0538757490e-03
5,0.2500000000,14.8671238748,1.0721956340e-03
5,0.2500000000,14.8971281612,1.0918742716e-03
5,0.2500000000,14.9271324475,1.1130385143e-03
5,0.2500000000,14.9571367338,1.1358335678e-03
5,0.2500000000,14.9871410201,1.1604267497e-03
5,0.2500000000,15.0171453065,1.1870122900e-03
5,0.2500000000,15.0471495928,1.2158175250e-03
5,0.2500000000,15.0771538791,1.2471109794e-03
5,0.2500000000,15.1071581655,1.2812130147e-03
5,0.2500000000,15.1371624518,1.3185099864e-03
5,0.2500000000,15.1671667381,1.3594731771e-03
5,0.2500000000,15.1971710244,1.4046841547e-03
5,0.2500000000,15.2271753108,1.4548684909e-03
5,0.2500000000,15.2571795971,1.5109395581e-03
5,0.2500000000,15.2871838834,1.5740522271e-03
5,0.2500000000,15.3171881697,1.6456597262e-03
5,0.2500000000,15.3471924561,1.7275485458e-03
5,0.2500000000,15.3771967424,1.8217807441e-03
5,0.2500000000,15.4072010287,1.9303746234e-03
5,0.2500000000,15.4372053150,2.0543911074e-03
5,0.2500000000,15.4672096014,2.1920000432e-03
5,0.2500000000,15.4972138877,2.3357134356e-03
5,0.2500000000,15.5272181740,2.4713564215e-03
5,0.2500000000,15.5572224604,2.5837866713e-03
5,0.2500000000,15.5872267467,2.6686921349e-03
5,0.2500000000,15.6172310330,2.7376544489e-03
5,0.2500000000,15.6472353193,2.8095105050e-03
5,0.2500000000,15.6772396057,2.8996267670e-03
5,0.2500000000,15.7072438920,3.0168234724e-03
5,0.2500000000,15.7372481783,3.1655524765e-03
5,0.2500000000,15.7672524646,3.3486808915e-03
5,0.2500000000,15.7972567510,3.5692658946e-03
5,0.2500000000,15.8272610373,3.8314821517e-03
5,0.2500000000,15.8572653236,4.1411502692e-03
5,0.2500000000,15.8872696099,4.5061717701e-03
5,0.2500000000,15.9172738963,4.9370407829e-03
5,0.2500000000,15.9472781826,5.4475390323e-03
5,0.2500000000,15.9772824689,6.0557070979e-03
5,0.2500000000,16.0072867553,6.7851993353e-03
5,0.2500000000,16.0372910416,7.6671588919e-03
5,0.2500000000,16.0672953279,8.7427794534e-03
5,0.2500000000,16.0972996142,1.0066722151e-02
5,0.2500000000,16.1273039006,1.1711450423e-02
5,0.2500000000,16.1573081869,1.3772127165e-02
5,0.2500000000,16.1873124732,1.6370484372e-02
5,0.2500000000,16.2173167595,1.9652898457e-02
5,0.2500000000,16.2473210459,2.3770670781e-02
5,0.2500000000,16.2773253322,2.8817016104e-02
5,0.2500000000,16.3073296185,3.4680915473e-02
5,0.2500000000,16.3373339048,4.0802102055e-02
5,0.2500000000,16.3673381912,4.5971969308e-02
5,0.2500000000,16.3973424775,4.8609696807e-02
5,0.2500000000,16.4273467638,4.7757600395e-02
5,0.2500000000,16.4573510502,4.3917400762e-02
5,0.2500000000,16.4873553365,3.8614658611e-02
5,0.2500000000,16.5173596228,3.3293951690e-02
5,0.2500000000,16.5473639091,2.8754679315e-02
5,0.2500000000,16.5773681955,2.5214310599e-02
5,0.2500000000,16.6073724818,2.2533207672e-02
5,0.2500000000,16.6373767681,2.0383817294e-02
5,0.2500000000,16.6673810544,1.8407126422e-02
5,0.2500000000,16.6973853408,1.6393670376e-02
5,0.2500000000,16.7273896271,1.4361458002e-02
5,0.2500000000,16.7573939134,1.2448302149e-02
5,0.2500000000,16.7873981997,1.0766857994e-02
5,0.2500000000,16.8174024861,9.3554700520e-03
5,0.2500000000,16.8474067724,8.1994589583e-03
5,0.2500000000,16.8774110587,7.2624325244e-03
5,0.2500000000,16.9074153450,6.5051906103e-03
5,0.2500000000,16.9374196314,5.8934604134e-03
5,0.2500000000,16.9674239177,5.3998121361e-03
5,0.2500000000,16.9974282040,5.0032865457e-03
5,0.2500000000,17.0274324904,4.6883968903e-03
5,0.2500000000,17.0574367767,4.4441533901e-03
5,0.2500000000,17.0874410630,4.2633178412e-03
5,0.2500000000,17.1174453493,4.1419322596e-03
5,0.2500000000,17.1474496357,4.0791177025e-03
5,0.2500000000,17.1774539220,4.0771334866e-03
5,0.2500000000,17.2074582083,4.1416872545e-03
5,0.2500000000,17.2374624946,4.2824636550e-03
5,0.2500000000,17.2674667810,4.5137435850e-03
5,0.2500000000,17.2974710673,4.8547048898e-03
5,0.2500000000,17.3274753536,5.3282909157e-03
5,0.2500000000,17.3574796399,5.9560072380e-03
5,0.2500000000,17.3874839263,6.7434725975e-03
5,0.2500000000,17.4174882126,7.6501358170e-03
5,0.2500000000,17.4474924989,8.5461691513e-03
5,0.2500000000,17.4774967853,9.1965989145e-03
5,0.2500000000,17.5075010716,9.3501566627e-03
5,0.2500000000,17.5375053579,8.9213503855e-03
5,0.2500000000,17.5675096442,8.0668677403e-03
5,0.2500000000,17.5975139306,7.0502474847e-03
5,0.2500000000,17.6275182169,6.0754958742e-03
5,0.2500000000,17.6575225032,5.2390307209e-03
5,0.2500000000,17.6875267895,4.5620375180e-03
5,0.2500000000,17.7175310759,4.0314226493e-03
5,0.2500000000,17.7475353622,3.6244607930e-03
5,0.2500000000,17.7775396485,3.3193898784e-03
5,0.2500000000,17.8075439348,3.0983335907e-03
5,0.2500000000,17.8375482212,2.9463453235e-03
5,0.2500000000,17.8675525075,2.8479436728e-03
5,0.2500000000,17.8975567938,2.7820994799e-03
5,0.2500000000,17.9275610802,2.7195239044e-03
5,0.2500000000,17.9575653665,2.6298990983e-03
5,0.2500000000,17.9875696528,2.4991611933e-03
5,0.2500000000,18.0175739391,2.3381412670e-03
5,0.2500000000,18.0475782255,2.1701822974e-03
5,0.2500000000,18.0775825118,2.0141161326e-03
5,0.2500000000,18.1075867981,1.8785499104e-03
5,0.2500000000,18.1375910844,1.7646550767e-03
5,0.2500000000,18.1675953708,1.6701864658e-03
5,0.2500000000,18.1975996571,1.5919692108e-03
5,0.2500000000,18.2276039434,1.5269847380e-03
5,0.2500000000,18.2576082297,1.4727083725e-03
5,0.2500000000,18.2876125161,1.4271360140e-03
5,0.2500000000,18.3176168024,1.3887093507e-03
5,0.2500000000,18.3476210887,1.3562235052e-03
5,0.2500000000,18.3776253751,1.3287452073e-03
5,0.2500000000,18.4076296614,1.3055477725e-03
5,0.2500000000,18.4376339477,1.2860617263e-03
5,0.2500000000,18.4676382340,1.2698380198e-03
5,0.2500000000,18.4976425204,1.2565208056e-03
5,0.2500000000,18.5276468067,1.2458272971e-03
5,0.2500000000,18.5576510930,1.2375328380e-03
5,0.2500000000,18.5876553793,1.2314598103e-03
5,0.2500000000,18.6176596657,1.2274693963e-03
5,0.2500000000,18.6476639520,1.2254554946e-03
5,0.2500000000,18.6776682383,1.2253402987e-03
5,0.2500000000,18.7076725246,1.2270711984e-03
5,0.2500000000,18.7376768110,1.2306187816e-03
5,0.2500000000,18.7676810973,1.2359758034e-03
5,0.2500000000,18.7976853836,1.2431570673e-03
5,0.2500000000,18.8276896700,1.2522002372e-03
5,0.2500000000,18.8576939563,1.2631676737e-03
5,0.2500000000,18.8876982426,1.2761494778e-03
5,0.2500000000,18.9177025289,1.2912680364e-03
5,0.2500000000,18.9477068153,1.3086845122e-03
5,0.2500000000,18.9777111016,1.3286079216e-03
5,0.2500000000,19.0077153879,1.3513077143e-03
5,0.2500000000,19.0377196742,1.3771311332e-03
5,0.2500000000,19.0677239606,1.4065270794e-03
5,0.2500000000,19.0977282469,1.4400786805e-03
5,0.2500000000,19.1277325332,1.4785469937e-03
5,0.2500000000,19.1577368195,1.5229274939e-03
5,0.2500000000,19.1877411059,1.5745171246e-03
5,0.2500000000,19.2177453922,1.6349774944e-03
5,0.2500000000,19.2477496785,1.7063471498e-03
5,0.2500000000,19.2777539649,1.7908781488e-03
5,0.2500000000,19.3077582512,1.8904145165e-03
5,0.2500000000,19.3377625375,2.0048078737e-03
5,0.2500000000,19.3677668238,2.1289068368e-03
5,0.2500000000,19.3977711102,2.2490843941e-03
5,0.2500000000,19.4277753965,2.3440515742e-03
5,0.2500000000,19.4577796828,2.3957865881e-03
5,0.2500000000,19.4877839691,2.4042126928e-03
5,0.2500000000,19.5177882555,2.3875557925e-03
5,0.2500000000,19.5477925418,2.3678830836e-03
5,0.2500000000,19.5777968281,2.3598170621e-03
5,0.2500000000,19.6078011144,2.3694385473e-03
5,0.2500000000,19.6378054008,2.3977279955e-03
5,0.2500000000,19.6678096871,2.4436545968e-03
5,0.2500000000,19.6978139734,2.5058405319e-03
5,0.2500000000,19.7278182598,2.5832220218e-03
5,0.2500000000,19.7578225461,2.6752221885e-03
5,0.2500000000,19.7878268324,2.7817512909e-03
5,0.2500000000,19.8178311187,2.9031716739e-03
5,0.2500000000,19.8478354051,3.0402692873e-03
5,0.2500000000,19.8778396914,3.1942423526e-03
5,0.2500000000,19.9078439777,3.3667106965e-03
5,0.2500000000,19.9378482640,3.5597477194e-03
5,0.2500000000,19.9678525504,3.7759370854e-03
5,0.2500000000,19.9978568367,4.0184574379e-03
5,0.2500000000,20.0278611230,4.2912004873e-03
5,0.2500000000,20.0578654093,4.5989305963e-03
5,0.2500000000,20.0878696957,4.9474975525e-03
5,0.2500000000,20.1178739820,5.3441186265e-03
5,0.2500000000,20.1478782683,5.7977510172e-03
5,0.2500000000,20.1778825547,6.3195801173e-03
5,0.2500000000,20.2078868410,6.9236486315e-03
5,0.2500000000,20.2378911273,7.6276357370e-03
5,0.2500000000,20.2678954136,8.4537395620e-03
5,0.2500000000,20.2978997000,9.4294753235e-03
5,0.2500000000,20.3279039863,1.0587938254e-02
5,0.2500000000,20.3579082726,1.1966855691e-02
5,0.2500000000,20.3879125589,1.3606460526e-02
5,0.2500000000,20.4179168453,1.5549484244e-02
5,0.2500000000,20.4479211316,1.7849873337e-02
5,0.2500000000,20.4779254179,2.0586548674e-02
5,0.2500000000,20.5079297042,2.3854825646e-02
5,0.2500000000,20.5379339906,2.7716277483e-02
5,0.2500000000,20.5679382769,3.2142729884e-02
5,0.2500000000,20.5979425632,3.7043895955e-02
5,0.2500000000,20.6279468495,4.2444414143e-02
5,0.2500000000,20.6579511359,4.8671196099e-02
5,0.2500000000,20.6879554222,5.6267288619e-02
5,0.2500000000,20.7179597085,6.5605585585e-02
5,0.2500000000,20.7479639949,7.6377813979e-02
5,0.2500000000,20.7779682812,8.7070631725e-02
5,0.2500000000,20.8079725675,9.4837114761e-02
5,0.2500000000,20.8379768538,9.6637197238e-02
5,0.2500000000,20.8679811402,9.1460907763e-02
5,0.2500000000,20.8979854265,8.1217300350e-02
5,0.2500000000,20.9279897128,6.9071456386e-02
5,0.2500000000,20.9579939991,5.7449858781e-02
5,0.2500000000,20.9879982855,4.7482417960e-02
5,0.2500000000,21.0180025718,3.9399399991e-02
5,0.2500000000,21.0480068581,3.3022627160e-02
5,0.2500000000,21.0780111444,2.8058986221e-02
5,0.2500000000,21.1080154308,2.4226727298e-02
5,0.2500000000,21.1380197171,2.1293381363e-02
5,0.2500000000,21.1680240034,1.9074613045e-02
5,0.2500000000,21.1980282898,1.7415961759e-02
5,0.2500000000,21.2280325761,1.6168929555e-02
5,0.2500000000,21.2580368624,1.5180002024e-02
5,0.2500000000,21.2880411487,1.4318670657e-02
5,0.2500000000,21.3180454351,1.3531729559e-02
5,0.2500000000,21.3480497214,1.2850090170e-02
5,0.2500000000,21.3780540077,1.2319708179e-02
5,0.2500000000,21.4080582940,1.1922678827e-02
5,0.2500000000,21.4380625804,1.1547651803e-02
5,0.2500000000,21.4680668667,1.1034934561e-02
5,0.2500000000,21.4980711530,1.0288260042e-02
5,0.2500000000,21.5280754393,9.3511951639e-03
5,0.2500000000,21.5580797257,8.3554999604e-03
5,0.2500000000,21.5880840120,7.4184963254e-03
5,0.2500000000,21.6180882983,6.5985692881e-03
5,0.2500000000,21.6480925847,5.9069900160e-03
5,0.2500000000,21.6780968710,5.3320517931e-03
5,0.2500000000,21.7081011573,4.8551563966e-03
5,0.2500000000,21.7381054436,4.4581572094e-03
5,0.2500000000,21.7681097300,4.1257833955e-03
5,0.2500000000,21.7981140163,3.8459565854e-03
5,0.2500000000,21.8281183026,3.6093948153e-03
5,0.2500000000,21.8581225889,3.4090758615e-03
5,0.2500000000,21.8881268753,3.2397581423e-03
5,0.2500000000,21.9181311616,3.0976091173e-03
5,0.2500000000,21.9481354479,2.9799400793e-03
5,0.2500000000,21.9781397342,2.8850333390e-03
5,0.2500000000,22.0081440206,2.8120485983e-03
5,0.2500000000,22.0381483069,2.7610003174e-03
5,0.2500000000,22.0681525932,2.7328035012e-03
5,0.2500000000,22.0981568796,2.7293895785e-03
5,0.2500000000,22.1281611659,2.7538938668e-03
5,0.2500000000,22.1581654522,2.8109040200e-03
5,0.2500000000,22.1881697385,2.9067167560e-03
5,0.2500000000,22.2181740249,3.0494399341e-03
5,0.2500000000,22.2481783112,3.2485396970e-03
5,0.2500000000,22.2781825975,3.5130646030e-03
5,0.2500000000,22.3081868838,3.8476891355e-03
5,0.2500000000,22.3381911702,4.2474016137e-03
5,0.2500000000,22.3681954565,4.6963903756e-03
5,0.2500000000,22.3981997428,5.1771546912e-03
5,0.2500000000,22.4282040291,5.6769534396e-03
5,0.2500000000,22.4582083155,6.1631945422e-03
5,0.2500000000,22.4882126018,6.5405114821e-03
5,0.2500000000,22.5182168881,6.6605921524e-03
5,0.2500000000,22.5482211745,6.4241690656e-03
5,0.2500000000,22.5782254608,5.8780308112e-03
5,0.2500000000,22.6082297471,5.1780571976e-03
5,0.2500000000,22.6382340334,4.4744708862e-03
5,0.2500000000,22.6682383198,3.8511527133e-03
5,0.2500000000,22.6982426061,3.3337098457e-03
5,0.2500000000,22.7282468924,2.9171539968e-03
5,0.2500000000,22.7582511787,2.5858690878e-03
5,0.2500000000,22.7882554651,2.3232228177e-03
5,0.2500000000,22.8182597514,2.1149937426e-03
5,0.2500000000,22.8482640377,1.9499907031e-03
5,0.2500000000,22.8782683240,1.8195383257e-03
5,0.2500000000,22.9082726104,1.7164326129e-03
5,0.2500000000,22.9382768967,1.6335760686e-03
5,0.2500000000,22.9682811830,1.5628608647e-03
5,0.2500000000,22.9982854694,1.4957874822e-03
5,0.2500000000,23.0282897557,1.4266666255e-03
5,0.2500000000,23.0582940420,1.3553680688e-03
5,0.2500000000,23.0882983283,1.2857178893e-03
5,0.2500000000,23.1183026147,1.2215855173e-03
5,0.2500000000,23.1483069010,1.1648783586e-03
5,0.2500000000,23.1783111873,1.1157853612e-03
5,0.2500000000,23.2083154736,1.0736434604e-03
5,0.2500000000,23.2383197600,1.0375548777e-03
5,0.2500000000,23.2683240463,1.0066772542e-03
5,0.2500000000,23.2983283326,9.8032210271e-04
5,0.2500000000,23.3283326189,9.5797053325e-04
5,0.2500000000,23.3583369053,9.3926215041e-04
5,0.2500000000,23.3883411916,9.2398068263e-04
5,0.2500000000,23.4183454779,9.1204469783e-04
5,0.2500000000,23.4483497643,9.0350483070e-04
5,0.2500000000,23.4783540506,8.9854404550e-04
5,0.2500000000,23.5083583369,8.9746949143e-04
5,0.2500000000,23.5383626232,9.0066706004e-04
5,0.2500000000,23.5683669096,9.0845517604e-04
5,0.2500000000,23.5983711959,9.2072812953e-04
5,0.2500000000,23.6283754822,9.3630023291e-04
5,0.2500000000,23.6583797685,9.5220084962e-04
5,0.2500000000,23.6883840549,9.6398910201e-04
5,0.2500000000,23.7183883412,9.6822797354e-04
5,0.2500000000,23.7483926275,9.6547480135e-04
5,0.2500000000,23.7783969138,9.6003764220e-04
5,0.2500000000,23.8084012002,9.5686328217e-04
5,0.2500000000,23.8384054865,9.5936472577e-04
5,0.2500000000,23.8684097728,9.6936260614e-04
5,0.2500000000,23.8984140592,9.8787939231e-04
5,0.2500000000,23.9284183455,1.0158322000e-03
5,0.2500000000,23.9584226318,1.0544512577e-03
5,0.2500000000,23.9884269181,1.1055297204e-03
5,0.2500000000,24.0184312045,1.1716059401e-03
5,0.2500000000,24.0484354908,1.2561092390e-03
5,0.2500000000,24.0784397771,1.3634055518e-03
5,0.2500000000,24.1084440634,1.4985167578e-03
5,0.2500000000,24.1384483498,1.6659931093e-03
5,0.2500000000,24.1684526361,1.8670533932e-03
5,0.2500000000,24.1984569224,2.0943709721e-03
5,0.2500000000,24.2284612087,2.3267878425e-03
5,0.2500000000,24.2584654951,2.5324062318e-03
5,0.2500000000,24.2884697814,2.6871037643e-03
5,0.2500000000,24.3184740677,2.7937349905e-03
5,0.2500000000,24.3484783541,2.8787498924e-03
5,0.2500000000,24.3784826404,2.9765609092e-03
5,0.2500000000,24.4084869267,3.1219477298e-03
5,0.2500000000,24.4384912130,3.3439870232e-03
5,0.2500000000,24.4684954994,3.6529993699e-03
5,0.2500000000,24.4984997857,4.0227965293e-03
5,0.2500000000,24.5285040720,4.3750017965e-03
5,0.2500000000,24.5585083583,4.5895278390e-03
5,0.2500000000,24.5885126447,4.5696259733e-03
5,0.2500000000,24.6185169310,4.3205543649e-03
5,0.2500000000,24.6485212173,3.9445457572e-03
5,0.2500000000,24.6785255036,3.5589742671e-03
5,0.2500000000,24.7085297900,3.2357951801e-03
5,0.2500000000,24.7385340763,2.9936213201e-03
5,0.2500000000,24.7685383626,2.8116147330e-03
5,0.2500000000,24.7985426489,2.6473225216e-03
5,0.2500000000,24.8285469353,2.4620715809e-03
5,0.2500000000,24.8585512216,2.2459126053e-03
5,0.2500000000,24.8885555079,2.0178359362e-03
5,0.2500000000,24.9185597943,1.8036352141e-03
5,0.2500000000,24.9485640806,1.6192061798e-03
5,0.2500000000,24.9785683669,1.4690062290e-03
5,0.2500000000,25.0085726532,1.3509818640e-03
5,0.2500000000,25.0385769396,1.2608677530e-03
5,0.2500000000,25.0685812259,1.1944144032e-03
5,0.2500000000,25.0985855122,1.1482314424e-03
5,0.2500000000,25.1285897985,1.1199950189e-03
5,0.2500000000,25.1585940849,1.1084377843e-03
5,0.2500000000,25.1885983712,1.1133066039e-03
5,0.2500000000,25.2186026575,1.1353566896e-03
5,0.2500000000,25.2486069438,1.1763941205e-03
5,0.2500000000,25.2786112302,1.2393333239e-03
5,0.2500000000,25.3086155165,1.3281593105e-03
5,0.2500000000,25.3386198028,1.4475288632e-03
5,0.2500000000,25.3686240892,1.6014965074e-03
5,0.2500000000,25.3986283755,1.7907488874e-03
5,0.2500000000,25.4286326618,2.0087506047e-03
5,0.2500000000,25.4586369481,2.2405073585e-03
5,0.2500000000,25.4886412345,2.4692576477e-03
5,0.2500000000,25.5186455208,2.6852371022e-03
5,0.2500000000,25.5486498071,2.8774945449e-03
5,0.2500000000,25.5786540934,3.0115970844e-03
5,0.2500000000,25.6086583798,3.0312054317e-03
5,0.2500000000,25.6386626661,2.9024365898e-03
5,0.2500000000,25.6686669524,2.6528048366e-03
5,0.2500000000,25.6986712387,2.3512497796e-03
5,0.2500000000,25.7286755251,2.0600448570e-03
5,0.2500000000,25.7586798114,1.8125475410e-03
5,0.2500000000,25.7886840977,1.6185378496e-03
5,0.2500000000,25.8186883841,1.4760714607e-03
5,0.2500000000,25.8486926704,1.3793809396e-03
5,0.2500000000,25.8786969567,1.3220327547e-03
5,0.2500000000,25.9087012430,1.2968159677e-03
5,0.2500000000,25.9387055294,1.2936647876e-03
5,0.2500000000,25.9687098157,1.2978291820e-03
5,0.2500000000,25.9987141020,1.2926865195e-03
5,0.2500000000,26.0287183883,1.2690251635e-03
5,0.2500000000,26.0587226747,1.2317912471e-03
5,0.2500000000,26.0887269610,1.1943734183e-03
5,0.2500000000,26.1187312473,1.1668052184e-03
5,0.2500000000,26.1487355336,1.1489083524e-03
5,0.2500000000,26.1787398200,1.1305635212e-03
5,0.2500000000,26.2087441063,1.0986079661e-03
5,0.2500000000,26.2387483926,1.0475449065e-03
5,0.2500000000,26.2687526790,9.8397932908e-04
5,0.2500000000,26.2987569653,9.2006427279e-04
5,0.2500000000,26.3287612516,8.6534130567e-04
5,0.2500000000,26.3587655379,8.2441157660e-04
5,0.2500000000,26.3887698243,7.9849624474e-04
5,0.2500000000,26.4187741106,7.8728098453e-04
5,0.2500000000,26.4487783969,7.8969791996e-04
5,0.2500000000,26.4787826832,8.0360727069e-04
5,0.2500000000,26.5087869696,8.2485036955e-04
5,0.2500000000,26.5387912559,8.4697359751e-04
5,0.2500000000,26.5687955422,8.6326531604e-04
5,0.2500000000,26.5987998285,8.6980602131e-04
5,0.2500000000,26.6288041149,8.6527864930e-04
5,0.2500000000,26.6588084012,8.4864015778e-04
5,0.2500000000,26.6888126875,8.2025840123e-04
5,0.2500000000,26.7188169739,7.8459532778e-04
5,0.2500000000,26.7488212602,7.4865196933e-04
5,0.2500000000,26.7788255465,7.1809660156e-04
5,0.2500000000,26.8088298328,6.9569152996e-04
5,0.2500000000,26.8388341192,6.8205181182e-04
5,0.2500000000,26.8688384055,6.7684665423e-04
5,0.2500000000,26.8988426918,6.7958068933e-04
5,0.2500000000,26.9288469781,6.8995965437e-04
5,0.2500000000,26.9588512645,7.0803423250e-04
5,0.2500000000,26.9888555508,7.3426052624e-04
5,0.2500000000,27.0188598371,7.6954652728e-04
5,0.2500000000,27.0488641234,8.1531301668e-04
5,0.2500000000,27.0788684098,8.7357369108e-04
5,0.2500000000,27.1088726961,9.4701700349e-04
5,0.2500000000,27.1388769824,1.0390410488e-03
5,0.2500000000,27.1688812688,1.1536690663e-03
5,0.2500000000,27.1988855551,1.2953584821e-03
5,0.2500000000,27.2288898414,1.4690904409e-03
5,0.2500000000,27.2588941277,1.6814711252e-03
5,0.2500000000,27.2888984141,1.9422730631e-03
5,0.2500000000,27.3189027004,2.2627668191e-03
5,0.2500000000,27.3489069867,2.6468738039e-03
5,0.2500000000,27.3789112730,3.0745322269e-03
5,0.2500000000,27.4089155594,3.4824823693e-03
5,0.2500000000,27.4389198457,3.7636355329e-03
5,0.2500000000,27.4689241320,3.8166661406e-03
5,0.2500000000,27.4989284183,3.6249480805e-03
5,0.2500000000,27.5289327047,3.2721633666e-03
5,0.2500000000,27.5589369910,2.8727065381e-03
5,0.2500000000,27.5889412773,2.5061118780e-03
5,0.2500000000,27.6189455637,2.2045333149e-03
5,0.2500000000,27.6489498500,1.9693676088e-03
5,0.2500000000,27.6789541363,1.7903445690e-03
5,0.2500000000,27.7089584226,1.6584447474e-03
5,0.2500000000,27.7389627090,1.5703097818e-03
5,0.2500000000,27.7689669953,1.5259417957e-03
5,0.2500000000,27.7989712816,1.5248887474e-03
5,0.2500000000,27.8289755679,1.5628989297e-03
5,0.2500000000,27.8589798543,1.6275415377e-03
5,0.2500000000,27.8889841406,1.6935165443e-03
5,0.2500000000,27.9189884269,1.7251704621e-03
5,0.2500000000,27.9489927132,1.6945393942e-03
5,0.2500000000,27.9789969996,1.6029173702e-03
5,0.2500000000,28.0090012859,1.4787594462e-03
5,0.2500000000,28.0390055722,1.3548353879e-03
5,0.2500000000,28.0690098586,1.2523256401e-03
5,0.2500000000,28.0990141449,1.1802224567e-03
5,0.2500000000,28.1290184312,1.1407698045e-03
5,0.2500000000,28.1590227175,1.1339131384e-03
5,0.2500000000,28.1890270039,1.1592704589e-03
5,0.2500000000,28.2190312902,1.2159498117e-03
5,0.2500000000,28.2490355765,1.3004430909e-03
5,0.2500000000,28.2790398628,1.4032466023e-03
5,0.2500000000,28.3090441492,1.5073717456e-03
5,0.2500000000,28.3390484355,1.5939024963e-03
5,0.2500000000,28.3690527218,1.6518864275e-03
5,0.2500000000,28.3990570081,1.6779172814e-03
5,0.2500000000,28.4290612945,1.6644630853e-03
5,0.2500000000,28.4590655808,1.5995442367e-03
5,0.2500000000,28.4890698671,1.4837158374e-03
5,0.2500000000,28.5190741535,1.3379399606e-03
5,0.2500000000,28.5490784398,1.1898393902e-03
5,0.2500000000,28.5790827261,1.0585072278e-03
5,0.2500000000,28.6090870124,9.5163993461e-04
5,0.2500000000,28.6390912988,8.6978153950e-04
5,0.2500000000,28.6690955851,8.1065858614e-04
5,0.2500000000,28.6990998714,7.7158938170e-04
5,0.2500000000,28.7291041577,7.5037989693e-04
5,0.2500000000,28.7591084441,7.4530274509e-04
5,0.2500000000,28.7891127304,7.5436930802e-04
5,0.2500000000,28.8191170167,7.7389981190e-04
5,0.2500000000,28.8491213030,7.9694208155e-04
5,0.2500000000,28.8791255894,8.1372190694e-04
5,0.2500000000,28.9091298757,8.1658852878e-04
5,0.2500000000,28.9391341620,8.0630846451e-04
5,0.2500000000,28.9691384483,7.9178355396e-04
5,0.2500000000,28.9991427347,7.8339121315e-04
5,0.2500000000,29.0291470210,7.8766268470e-04
5,0.2500000000,29.0591513073,8.0577090915e-04
5,0.2500000000,29.0891555937,8.3337810012e-04
5,0.2500000000,29.1191598800,8.6136484090e-04
5,0.2500000000,29.1491641663,8.8009492916e-04
5,0.2500000000,29.1791684526,8.8691307979e-04
5,0.2500000000,29.2091727390,8.8903997494e-04
5,0.2500000000,29.2391770253,8.9747329332e-04
5,0.2500000000,29.2691813116,9.1872509359e-04
5,0.2500000000,29.2991855979,9.5028306568e-04
5,0.2500000000,29.3291898843,9.8000961495e-04
5,0.2500000000,29.3591941706,9.9107089707e-04
5,0.2500000000,29.3891984569,9.7296008095e-04
5,0.2500000000,29.4192027432,9.2907098202e-04
5,0.2500000000,29.4492070296,8.7212080487e-04
5,0.2500000000,29.4792113159,8.1528085949e-04
5,0.2500000000,29.5092156022,7.6812029099e-04
5,0.2500000000,29.5392198886,7.3616962020e-04
5,0.2500000000,29.5692241749,7.2140423340e-04
5,0.2500000000,29.5992284612,7.2264300909e-04
5,0.2500000000,29.6292327475,7.3511892253e-04
5,0.2500000000,29.6592370339,7.4969915280e-04
5,0.2500000000,29.6892413202,7.5446602228e-04
5,0.2500000000,29.7192456065,7.4076131986e-04
5,0.2500000000,29.7492498928,7.0913166527e-04
5,0.2500000000,29.7792541792,6.6804621080e-04
5,0.2500000000,29.8092584655,6.2747141143e-04
5,0.2500000000,29.8392627518,5.9435192053e-04
5,0.2500000000,29.8692670381,5.7200640721e-04
5,0.2500000000,29.8992713245,5.6137715517e-04
5,0.2500000000,29.9292756108,5.6212296384e-04
5,0.2500000000,29.9592798971,5.7275975397e-04
5,0.2500000000,29.9892841835,5.8982991800e-04
5,0.2500000000,30.0192884698,6.0688463248e-04
5,0.2500000000,30.0492927561,6.1542028381e-04
5,0.2500000000,30.0792970424,6.0947414801e-04
5,0.2500000000,30.1093013288,5.9029451479e-04
5,0.2500000000,30.1393056151,5.6499715140e-04
5,0.2500000000,30.1693099014,5.4106513765e-04
5,0.2500000000,30.1993141877,5.2308883547e-04
5,0.2500000000,30.2293184741,5.1296020912e-04
5,0.2500000000,30.2593227604,5.1120636866e-04
5,0.2500000000,30.2893270467,5.1799781296e-04
5,0.2500000000,30.3193313330,5.3363965066e-04
5,0.2500000000,30.3493356194,5.5871381458e-04
5,0.2500000000,30.3793399057,5.9394099477e-04
5,0.2500000000,30.4093441920,6.3967784401e-04
5,0.2500000000,30.4393484784,6.9496999049e-04
5,0.2500000000,30.4693527647,7.5661936197e-04
5,0.2500000000,30.4993570510,8.1994676201e-04
5,0.2500000000,30.5293613373,8.8275168785e-04
5,0.2500000000,30.5593656237,9.4944669823e-04
5,0.2500000000,30.5893699100,1.0295583776e-03
5,0.2500000000,30.6193741963,1.1311543285e-03
5,0.2500000000,30.6493784826,1.2541679431e-03
5,0.2500000000,30.6793827690,1.3856813224e-03
5,0.2500000000,30.7093870553,1.4999346219e-03
5,0.2500000000,30.7393913416,1.5681058644e-03
5,0.2500000000,30.7693956279,1.5730055106e-03
5,0.2500000000,30.7993999143,1.5147434956e-03
5,0.2500000000,30.8294042006,1.4081528955e-03
5,0.2500000000,30.8594084869,1.2784048456e-03
5,0.2500000000,30.8894127733,1.1516321277e-03
5,0.2500000000,30.9194170596,1.0455651041e-03
5,0.2500000000,30.9494213459,9.6788147154e-04
5,0.2500000000,30.9794256322,9.1974690113e-04
5,0.2500000000,31.0094299186,8.9919750759e-04
5,0.2500000000,31.0394342049,9.0229447809e-04
5,0.2500000000,31.0694384912,9.2240491271e-04
5,0.2500000000,31.0994427775,9.4959147141e-04
5,0.2500000000,31.1294470639,9.7351804030e-04
5,0.2500000000,31.1594513502,9.9031566963e-04
5,0.2500000000,31.1894556365,1.0059533141e-03
5,0.2500000000,31.2194599228,1.0302056434e-03
5,0.2500000000,31.2494642092,1.0670010468e-03
5,0.2500000000,31.2794684955,1.1086465853e-03
5,0.2500000000,31.3094727818,1.1371437220e-03
5,0.2500000000,31.3394770682,1.1351716017e-03
5,0.2500000000,31.3694813545,1.1007298971e-03
5,0.2500000000,31.3994856408,1.0487282752e-03
5,0.2500000000,31.4294899271,9.9749125714e-04
5,0.2500000000,31.4594942135,9.5700849998e-04
5,0.2500000000,31.4894984998,9.2794755142e-04
5,0.2500000000,31.5195027861,9.0761392145e-04
5,0.2500000000,31.5495070724,8.9524032483e-04
5,0.2500000000,31.5795113588,8.9087404460e-04
5,0.2500000000,31.6095156451,8.9000453593e-04
5,0.2500000000,31.6395199314,8.8127737796e-04
5,0.2500000000,31.6695242177,8.5212134262e-04
5,0.2500000000,31.6995285041,7.9896217942e-04
5,0.2500000000,31.7295327904,7.3032177248e-04
5,0.2500000000,31.7595370767,6.5908917670e-04
5,0.2500000000,31.7895413631,5.9445331329e-04
5,0.2500000000,31.8195456494,5.4015299952e-04
5,0.2500000000,31.8495499357,4.9638661299e-04
5,0.2500000000,31.8795542220,4.6186577310e-04
5,0.2500000000,31.9095585084,4.3498122611e-04
5,0.2500000000,31.9395627947,4.1428229005e-04
5,0.2500000000,31.9695670810,3.9861247489e-04
5,0.2500000000,31.9995713673,3.8710982091e-04
5,0.2500000000,32.0295756537,3.7916752725e-04
5,0.2500000000,32.0595799400,3.7439133113e-04
5,0.2500000000,32.0895842263,3.7256336340e-04
5,0.2500000000,32.1195885126,3.7360895439e-04
5,0.2500000000,32.1495927990,3.7755230633e-04
5,0.2500000000,32.1795970853,3.8443607844e-04
5,0.2500000000,32.2096013716,3.9418318561e-04
5,0.2500000000,32.2396056580,4.0644587483e-04
5,0.2500000000,32.2696099443,4.2064585782e-04
5,0.2500000000,32.2996142306,4.3641010816e-04
5,0.2500000000,32.3296185169,4.5401475080e-04
5,0.2500000000,32.3596228033,4.7392914337e-04
5,0.2500000000,32.3896270896,4.9542451286e-04
5,0.2500000000,32.4196313759,5.1554972399e-04
5,0.2500000000,32.4496356622,5.3012512758e-04
5,0.2500000000,32.4796399486,5.3699276867e-04
5,0.2500000000,32.5096442349,5.3836170789e-04
5,0.2500000000,32.5396485212,5.3924740162e-04
5,0.2500000000,32.5696528075,5.4432245857e-04
5,0.2500000000,32.5996570939,5.5658056225e-04
5,0.2500000000,32.6296613802,5.7777865725e-04
5,0.2500000000,32.6596656665,6.0928541518e-04
5,0.2500000000,32.6896699529,6.5268668247e-04
5,0.2500000000,32.7196742392,7.1009069543e-04
5,0.2500000000,32.7496785255,7.8416236422e-04
5,0.2500000000,32.7796828118,8.7778253526e-04
5,0.2500000000,32.8096870982,9.9308578290e-04
5,0.2500000000,32.8396913845,1.1297833044e-03
5,0.2500000000,32.8696956708,1.2836421950e-03
5,0.2500000000,32.8996999571,1.4473913096e-03
5,0.2500000000,32.9297042435,1.6146970081e-03
5,0.2500000000,32.9597085298,1.7809969066e-03
5,0.2500000000,32.9897128161,1.9341945655e-03
5,0.2500000000,33.0197171024,2.0434378918e-03
5,0.2500000000,33.0497213888,2.0670683974e-03
5,0.2500000000,33.0797256751,1.9851923267e-03
5,0.2500000000,33.1097299614,1.8221284642e-03
5,0.2500000000,33.1397342477,1.6277624151e-03
5,0.2500000000,33.1697385341,1.4443387649e-03
5,0.2500000000,33.1997428204,1.2931996683e-03
5,0.2500000000,33.2297471067,1.1791485499e-03
5,0.2500000000,33.2597513931,1.0978694191e-03
5,0.2500000000,33.2897556794,1.0405743799e-03
5,0.2500000000,33.3197599657,9.9721213011e-04
5,0.2500000000,33.3497642520,9.6045901399e-04
5,0.2500000000,33.3797685384,9.2892679332e-04
5,0.2500000000,33.4097728247,9.0614463558e-04
5,0.2500000000,33.4397771110,8.9668077183e-04
5,0.2500000000,33.4697813973,9.0356097419e-04
5,0.2500000000,33.4997856837,9.2768178165e-04
5,0.2500000000,33.5297899700,9.6744679480e-04
5,0.2500000000,33.5597942563,1.0177381553e-03
5,0.2500000000,33.5897985426,1.0695660628e-03
5,0.2500000000,33.6198028290,1.1132089399e-03
5,0.2500000000,33.6498071153,1.1441866118e-03
5,0.2500000000,33.6798114016,1.1654602578e-03
5,0.2500000000,33.7098156880,1.1833945661e-03
5,0.2500000000,33.7398199743,1.2029570441e-03
5,0.2500000000,33.7698242606,1.2257306020e-03
5,0.2500000000,33.7998285469,1.2516329932e-03
5,0.2500000000,33.8298328333,1.2834577007e-03
5,0.2500000000,33.8598371196,1.3290007294e-03
5,0.2500000000,33.8898414059,1.3983233460e-03
5,0.2500000000,33.9198456922,1.5004620004e-03
5,0.2500000000,33.9498499786,1.6423734215e-03
5,0.2500000000,33.9798542649,1.8285242864e-03
5,0.2500000000,34.0098585512,2.0590823429e-03
5,0.2500000000,34.0398628375,2.3258180784e-03
5,0.2500000000,34.0698671239,2.6053171581e-03
5,0.2500000000,34.0998714102,2.8528741023e-03
5,0.2500000000,34.1298756965,3.0123243229e-03
5,0.2500000000,34.1598799829,3.0530176945e-03
5,0.2500000000,34.1898842692,3.0007956626e-03
5,0.2500000000,34.2198885555,2.9200577986e-03
5,0.2500000000,34.2498928418,2.8709050149e-03
5,0.2500000000,34.2798971282,2.8872824450e-03
5,0.2500000000,34.3099014145,2.9786170793e-03
5,0.2500000000,34.3399057008,3.1388027513e-03
5,0.2500000000,34.3699099871,3.3581482741e-03
5,0.2500000000,34.3999142735,3.6388186526e-03
5,0.2500000000,34.4299185598,4.0033956362e-03
5,0.2500000000,34.4599228461,4.4862750577e-03
5,0.2500000000,34.4899271324,5.1161967709e-03
5,0.2500000000,34.5199314188,5.9016087037e-03
5,0.2500000000,34.5499357051,6.8194936522e-03
5,0.2500000000,34.5799399914,7.8020715107e-03
5,0.2500000000,34.6099442778,8.7173236269e-03
5,0.2500000000,34.6399485641,9.3625316714e-03
5,0.2500000000,34.6699528504,9.5204931896e-03
5,0.2500000000,34.6999571367,9.0956162196e-03
5,0.2500000000,34.7299614231,8.2116467308e-03
5,0.2500000000,34.7599657094,7.1290986096e-03
5,0.2500000000,34.7899699957,6.0776532987e-03
5,0.2500000000,34.8199742820,5.1786733702e-03
5,0.2500000000,34.8499785684,4.4643172891e-03
5,0.2500000000,34.8799828547,3.9193544891e-03
5,0.2500000000,34.9099871410,3.5081769763e-03
5,0.2500000000,34.9399914273,3.1876304342e-03
5,0.2500000000,34.9699957137,2.9186868672e-03
5,0.2500000000,35.0000000000,2.6808041796e-03
6,0.3750000000,-35.0000000000,2.0170340124e-04
6,0.3750000000,-34.9699957137,1.8732739468e-04
6,0.3750000000,-34.9399914273,1.7532291621e-04
6,0.3750000000,-34.9099871410,1.6582391282e-04
6,0.3750000000,-34.8799828547,1.5872406639e-04
6,0.3750000000,-34.8499785684,1.5376137021e-04
6,0.3750000000,-34.8199742820,1.5072076623e-04
6,0.3750000000,-34.7899699957,1.4953242191e-04
6,0.3750000000,-34.7599657094,1.5016133006e-04
6,0.3750000000,-34.7299614231,1.5238776700e-04
6,0.3750000000,-34.6999571367,1.5566296839e-04
6,0.3750000000,-34.6699528504,1.5923854255e-04
6,0.3750000000,-34.6399485641,1.6260096969e-04
6,0.3750000000,-34.6099442778,1.6570183106e-04
6,0.3750000000,-34.5799399914,1.6853248062e-04
6,0.3750000000,-34.5499357051,1.7068482800e-04
6,0.3750000000,-34.5199314188,1.7175302541e-04
6,0.3750000000,-34.4899271324,1.7208880559e-04
6,0.3750000000,-34.4599228461,1.7269684031e-04
6,0.3750000000,-34.4299185598,1.7432719343e-04
6,0.3750000000,-34.3999142735,1.7685911478e-04
6,0.3750000000,-34.3699099871,1.7955560957e-04
6,0.3750000000,-34.3399057008,1.8198480242e-04
6,0.3750000000,-34.3099014145,1.8473894483e-04
6,0.3750000000,-34.2798971282,1.8917447122e-04
6,0.3750000000,-34.2498928418,1.9657262225e-04
6,0.3750000000,-34.2198885555,2.0748481690e-04
6,0.3750000000,-34.1898842692,2.2127197749e-04
6,0.3750000000,-34.1598799829,2.3566678258e-04
6,0.3750000000,-34.1298756965,2.4696386481e-04
6,0.3750000000,-34.0998714102,2.5187806177e-04
6,0.3750000000,-34.0698671239,2.5018146884e-04
6,0.3750000000,-34.0398628375,2.4499955420e-04
6,0.3750000000,-34.0098585512,2.4041392056e-04
6,0.3750000000,-33.9798542649,2.3944950173e-04
6,0.3750000000,-33.9498499786,2.4377876664e-04
6,0.3750000000,-33.9198456922,2.5421832473e-04
6,0.3750000000,-33.8898414059,2.7125363623e-04
6,0.3750000000,-33.8598371196,2.9537723261e-04
6,0.3750000000,-33.8298328333,3.2693029571e-04
6,0.3750000000,-33.7998285469,3.6507233930e-04
6,0.3750000000,-33.7698242606,4.0616867760e-04
6,0.3750000000,-33.7398199743,4.4308530140e-04
6,0.3750000000,-33.7098156880,4.6742698085e-04
6,0.3750000000,-33.6798114016,4.7395401780e-04
6,0.3750000000,-33.6498071153,4.6271879674e-04
6,0.3750000000,-33.6198028290,4.3763428884e-04
6,0.3750000000,-33.5897985426,4.0454451270e-04
6,0.3750000000,-33.5597942563,3.6992191612e-04
6,0.3750000000,-33.5297899700,3.3935968723e-04
6,0.3750000000,-33.4997856837,3.1629670987e-04
6,0.3750000000,-33.4697813973,3.0184994941e-04
6,0.3750000000,-33.4397771110,2.9527556461e-04
6,0.3750000000,-33.4097728247,2.9428641666e-04
6,0.3750000000,-33.3797685384,2.9544827344e-04
6,0.3750000000,-33.3497642520,2.9550083655e-04
6,0.3750000000,-33.3197599657,2.9310956194e-04
6,0.3750000000,-33.2897556794,2.8878423617e-04
6,0.3750000000,-33.2597513931,2.8285632267e-04
6,0.3750000000,-33.2297471067,2.7453661902e-04
6,0.3750000000,-33.1997428204,2.6319152876e-04
6,0.3750000000,-33.1697385341,2.4945258931e-04
6,0.3750000000,-33.1397342477,2.3470438059e-04
6,0.3750000000,-33.1097299614,2.2038759278e-04
6,0.3750000000,-33.0797256751,2.0784492839e-04
6,0.3750000000,-33.0497213888,1.9812432915e-04
6,0.3750000000,-33.0197171024,1.9179862444e-04
6,0.3750000000,-32.9897128161,1.8906105995e-04
6,0.3750000000,-32.9597085298,1.8994588032e-04
6,0.3750000000,-32.9297042435,1.9448154234e-04
6,0.3750000000,-32.8996999571,2.0274113551e-04
6,0.3750000000,-32.8696956708,2.1484114014e-04
6,0.3750000000,-32.8396913845,2.3089825154e-04
6,0.3750000000,-32.8096870982,2.5074924455e-04
6,0.3750000000,-32.7796828118,2.7316645844e-04
6,0.3750000000,-32.7496785255,2.9488217133e-04
6,0.3750000000,-32.7196742392,3.1073736030e-04
6,0.3750000000,-32.6896699529,3.1621459118e-04
6,0.3750000000,-32.6596656665,3.1089723131e-04
6,0.3750000000,-32.6296613802,2.9901523413e-04
6,0.3750000000,-32.5996570939,2.8639767504e-04
6,0.3750000000,-32.5696528075,2.7746538907e-04
6,0.3750000000,-32.5396485212,2.7456801370e-04
6,0.3750000000,-32.5096442349,2.7874086771e-04
6,0.3750000000,-32.4796399486,2.9041247144e-04
6,0.3750000000,-32.4496356622,3.0949652109e-04
6,0.3750000000,-32.4196313759,3.3490704712e-04
6,0.3750000000,-32.3896270896,3.6390425251e-04
6,0.3750000000,-32.3596228033,3.9241859147e-04
6,0.3750000000,-32.3296185169,4.1757595935e-04
6,0.3750000000,-32.2996142306,4.4074152484e-04
6,0.3750000000,-32.2696099443,4.6693443221e-04
6,0.3750000000,-32.2396056580,5.0056068563e-04
6,0.3750000000,-32.2096013716,5.4132251061e-04
6,0.3750000000,-32.1795970853,5.8206150344e-04
6,0.3750000000,-32.1495927990,6.0916678396e-04
6,0.3750000000,-32.1195885126,6.0826804245e-04
6,0.3750000000,-32.0895842263,5.7460491992e-04
6,0.3750000000,-32.0595799400,5.1738702887e-04
6,0.3750000000,-32.0295756537,4.5199033341e-04
6,0.3750000000,-31.9995713673,3.9025152481e-04
6,0.3750000000,-31.9695670810,3.3764742645e-04
6,0.3750000000,-31.9395627947,2.9521462931e-04
6,0.3750000000,-31.9095585084,2.6197799659e-04
6,0.3750000000,-31.8795542220,2.3640392132e-04
6,0.3750000000,-31.8495499357,2.1700913632e-04
6,0.3750000000,-31.8195456494,2.0251159349e-04
6,0.3750000000,-31.7895413631,1.9178945352e-04
6,0.3750000000,-31.7595370767,1.8383854717e-04
6,0.3750000000,-31.7295327904,1.7788134906e-04
6,0.3750000000,-31.6995285041,1.7357229084e-04
6,0.3750000000,-31.6695242177,1.7097831685e-04
6,0.3750000000,-31.6395199314,1.7020957729e-04
6,0.3750000000,-31.6095156451,1.7095296421e-04
6,0.3750000000,-31.5795113588,1.7215994329e-04
6,0.3750000000,-31.5495070724,1.7216731704e-04
6,0.3750000000,-31.5195027861,1.6955084632e-04
6,0.3750000000,-31.4894984998,1.6417048757e-04
6,0.3750000000,-31.4594942135,1.5716648861e-04
6,0.3750000000,-31.4294899271,1.4998597099e-04
6,0.3750000000,-31.3994856408,1.4364542133e-04
6,0.3750000000,-31.3694813545,1.3861932939e-04
6,0.3750000000,-31.3394770682,1.3501868989e-04
6,0.3750000000,-31.3094727818,1.3278746074e-04
6,0.3750000000,-31.2794684955,1.3183179380e-04
6,0.3750000000,-31.2494642092,1.3208546087e-04
6,0.3750000000,-31.2194599228,1.3353794773e-04
6,0.3750000000,-31.1894556365,1.3624679083e-04
6,0.3750000000,-31.1594513502,1.4034560773e-04
6,0.3750000000,-31.1294470639,1.4605114087e-04
6,0.3750000000,-31.0994427775,1.5366498417e-04
6,0.3750000000,-31.0694384912,1.6355381981e-04
6,0.3750000000,-31.0394342049,1.7607088747e-04
6,0.3750000000,-31.0094299186,1.9135382917e-04
6,0.3750000000,-30.9794256322,2.0894254938e-04
6,0.3750000000,-30.9494213459,2.2734252079e-04
6,0.3750000000,-30.9194170596,2.4412144385e-04
6,0.3750000000,-30.8894127733,2.5721730673e-04
6,0.3750000000,-30.8594084869,2.6654537334e-04
6,0.3750000000,-30.8294042006,2.7360684134e-04
6,0.3750000000,-30.7993999143,2.7939519118e-04
6,0.3750000000,-30.7693956279,2.8358554640e-04
6,0.3750000000,-30.7393913416,2.8596134541e-04
6,0.3750000000,-30.7093870553,2.8768987494e-04
6,0.3750000000,-30.6793827690,2.9033333769e-04
6,0.3750000000,-30.6493784826,2.9389511512e-04
6,0.3750000000,-30.6193741963,2.9649793230e-04
6,0.3750000000,-30.5893699100,2.9643308602e-04
6,0.3750000000,-30.5593656237,2.9452375221e-04
6,0.3750000000,-30.5293613373,2.9398732075e-04
6,0.3750000000,-30.4993570510,2.9836762011e-04
6,0.3750000000,-30.4693527647,3.1008886624e-04
6,0.3750000000,-30.4393484784,3.3008666226e-04
6,0.3750000000,-30.4093441920,3.5741401874e-04
6,0.3750000000,-30.3793399057,3.8822324427e-04
6,0.3750000000,-30.3493356194,4.1507923103e-04
6,0.3750000000,-30.3193313330,4.2921373391e-04
6,0.3750000000,-30.2893270467,4.2641716757e-04
6,0.3750000000,-30.2593227604,4.1071140254e-04
6,0.3750000000,-30.2293184741,3.9055985292e-04
6,0.3750000000,-30.1993141877,3.7234962348e-04
6,0.3750000000,-30.1693099014,3.5750530362e-04
6,0.3750000000,-30.1393056151,3.4371834156e-04
6,0.3750000000,-30.1093013288,3.2841045009e-04
6,0.3750000000,-30.0792970424,3.1169756963e-04
6,0.3750000000,-30.0492927561,2.9619234189e-04
6,0.3750000000,-30.0192884698,2.8469385710e-04
6,0.3750000000,-29.9892841835,2.7867015357e-04
6,0.3750000000,-29.9592798971,2.7815593124e-04
6,0.3750000000,-29.9292756108,2.8229956451e-04
6,0.3750000000,-29.8992713245,2.9013675203e-04
6,0.3750000000,-29.8692670381,3.0111316241e-04
6,0.3750000000,-29.8392627518,3.1470394810e-04
6,0.3750000000,-29.8092584655,3.2940044438e-04
6,0.3750000000,-29.7792541792,3.4201509100e-04
6,0.3750000000,-29.7492498928,3.4820138834e-04
6,0.3750000000,-29.7192456065,3.4466392948e-04
6,0.3750000000,-29.6892413202,3.3155876951e-04
6,0.3750000000,-29.6592370339,3.1249013778e-04
6,0.3750000000,-29.6292327475,2.9190209617e-04
6,0.3750000000,-29.5992284612,2.7264956664e-04
6,0.3750000000,-29.5692241749,2.5582492169e-04
6,0.3750000000,-29.5392198886,2.4189640754e-04
6,0.3750000000,-29.5092156022,2.3134298921e-04
6,0.3750000000,-29.4792113159,2.2451352026e-04
6,0.3750000000,-29.4492070296,2.2141066010e-04
6,0.3750000000,-29.4192027432,2.2164729049e-04
6,0.3750000000,-29.3891984569,2.2446997488e-04
6,0.3750000000,-29.3591941706,2.2894485807e-04
6,0.3750000000,-29.3291898843,2.3449959761e-04
6,0.3750000000,-29.2991855979,2.4149116109e-04
6,0.3750000000,-29.2691813116,2.5111610870e-04
6,0.3750000000,-29.2391770253,2.6478561165e-04
6,0.3750000000,-29.2091727390,2.8363715081e-04
6,0.3750000000,-29.1791684526,3.0829437828e-04
6,0.3750000000,-29.1491641663,3.3862063289e-04
6,0.3750000000,-29.1191598800,3.7358751284e-04
6,0.3750000000,-29.0891555937,4.1191568440e-04
6,0.3750000000,-29.0591513073,4.5360651009e-04
6,0.3750000000,-29.0291470210,5.0073760855e-04
6,0.3750000000,-28.9991427347,5.5593608506e-04
6,0.3750000000,-28.9691384483,6.1888702216e-04
6,0.3750000000,-28.9391341620,6.8216260258e-04
6,0.3750000000,-28.9091298757,7.2958126450e-04
6,0.3750000000,-28.8791255894,7.4272841669e-04
6,0.3750000000,-28.8491213030,7.1479979961e-04
6,0.3750000000,-28.8191170167,6.5701295140e-04
6,0.3750000000,-28.7891127304,5.8902366305e-04
6,0.3750000000,-28.7591084441,5.2626648629e-04
6,0.3750000000,-28.7291041577,4.7570676319e-04
6,0.3750000000,-28.6990998714,4.3755937859e-04
6,0.3750000000,-28.6690955851,4.0794294053e-04
6,0.3750000000,-28.6390912988,3.8147706822e-04
6,0.3750000000,-28.6090870124,3.5438198610e-04
6,0.3750000000,-28.5790827261,3.2644535060e-04
6,0.3750000000,-28.5490784398,2.9985789213e-04
6,0.3750000000,-28.5190741535,2.7667352260e-04
6,0.3750000000,-28.4890698671,2.5761246034e-04
6,0.3750000000,-28.4590655808,2.4238431947e-04
6,0.3750000000,-28.4290612945,2.3048802511e-04
6,0.3750000000,-28.3990570081,2.2170049250e-04
6,0.3750000000,-28.3690527218,2.1605831849e-04
6,0.3750000000,-28.3390484355,2.1367280799e-04
6,0.3750000000,-28.3090441492,2.1467187109e-04
6,0.3750000000,-28.2790398628,2.1923056792e-04
6,0.3750000000,-28.2490355765,2.2751146965e-04
6,0.3750000000,-28.2190312902,2.3935667682e-04
6,0.3750000000,-28.1890270039,2.5365953343e-04
6,0.3750000000,-28.1590227175,2.6761121799e-04
6,0.3750000000,-28.1290184312,2.7673863791e-04
6,0.3750000000,-28.0990141449,2.7700276698e-04
6,0.3750000000,-28.0690098586,2.6793451536e-04
6,0.3750000000,-28.0390055722,2.5304983337e-04
6,0.3750000000,-28.0090012859,2.3696561094e-04
6,0.3750000000,-27.9789969996,2.2288879175e-04
6,0.3750000000,-27.9489927132,2.1224871081e-04
6,0.3750000000,-27.9189884269,2.0539223647e-04
6,0.3750000000,-27.8889841406,2.0224673535e-04
6,0.3750000000,-27.8589798543,2.0266435183e-04
6,0.3750000000,-27.8289755679,2.0649454959e-04
6,0.3750000000,-27.7989712816,2.1342729279e-04
6,0.3750000000,-27.7689669953,2.2259624419e-04
6,0.3750000000,-27.7389627090,2.3205241310e-04
6,0.3750000000,-27.7089584226,2.3869839521e-04
6,0.3750000000,-27.6789541363,2.3959344472e-04
6,0.3750000000,-27.6489498500,2.3412418492e-04
6,0.3750000000,-27.6189455637,2.2449684512e-04
6,0.3750000000,-27.5889412773,2.1385251498e-04
6,0.3750000000,-27.5589369910,2.0444076365e-04
6,0.3750000000,-27.5289327047,1.9726214530e-04
6,0.3750000000,-27.4989284183,1.9251757533e-04
6,0.3750000000,-27.4689241320,1.9007374691e-04
6,0.3750000000,-27.4389198457,1.8971950528e-04
6,0.3750000000,-27.4089155594,1.9125318161e-04
6,0.3750000000,-27.3789112730,1.9446522927e-04
6,0.3750000000,-27.3489069867,1.9905714955e-04
6,0.3750000000,-27.3189027004,2.0454784875e-04
6,0.3750000000,-27.2888984141,2.1027605961e-04
6,0.3750000000,-27.2588941277,2.1565078967e-04
6,0.3750000000,-27.2288898414,2.2059723991e-04
6,0.3750000000,-27.1988855551,2.2572202633e-04
6,0.3750000000,-27.1688812688,2.3194900123e-04
6,0.3750000000,-27.1388769824,2.4009463183e-04
6,0.3750000000,-27.1088726961,2.5076720559e-04
6,0.3750000000,-27.0788684098,2.6448514712e-04
6,0.3750000000,-27.0488641234,2.8182319797e-04
6,0.3750000000,-27.0188598371,3.0351950742e-04
6,0.3750000000,-26.9888555508,3.3054272960e-04
6,0.3750000000,-26.9588512645,3.6411338678e-04
6,0.3750000000,-26.9288469781,4.0563788520e-04
6,0.3750000000,-26.8988426918,4.5647872718e-04
6,0.3750000000,-26.8688384055,5.1753019022e-04
6,0.3750000000,-26.8388341192,5.8880448386e-04
6,0.3750000000,-26.8088298328,6.6934677353e-04
6,0.3750000000,-26.7788255465,7.5680475746e-04
6,0.3750000000,-26.7488212602,8.4505230133e-04
6,0.3750000000,-26.7188169739,9.2174409903e-04
6,0.3750000000,-26.6888126875,9.7222847043e-04
6,0.3750000000,-26.6588084012,9.8956355562e-04
6,0.3750000000,-26.6288041149,9.7804164514e-04
6,0.3750000000,-26.5987998285,9.4631721907e-04
6,0.3750000000,-26.5687955422,9.0303991743e-04
6,0.3750000000,-26.5387912559,8.5827432512e-04
6,0.3750000000,-26.5087869696,8.2215379383e-04
6,0.3750000000,-26.4787826832,8.0065713815e-04
6,0.3750000000,-26.4487783969,7.9394828975e-04
6,0.3750000000,-26.4187741106,7.9862471382e-04
6,0.3750000000,-26.3887698243,8.1239605211e-04
6,0.3750000000,-26.3587655379,8.3771255016e-04
6,0.3750000000,-26.3287612516,8.8115208695e-04
6,0.3750000000,-26.2987569653,9.5049873300e-04
6,0.3750000000,-26.2687526790,1.0530700017e-03
6,0.3750000000,-26.2387483926,1.1952332060e-03
6,0.3750000000,-26.2087441063,1.3808174294e-03
6,0.3750000000,-26.1787398200,1.6061049915e-03
6,0.3750000000,-26.1487355336,1.8503717388e-03
6,0.3750000000,-26.1187312473,2.0667918765e-03
6,0.3750000000,-26.0887269610,2.1900807728e-03
6,0.3750000000,-26.0587226747,2.1736755531e-03
6,0.3750000000,-26.0287183883,2.0265856734e-03
6,0.3750000000,-25.9987141020,1.8023228317e-03
6,0.3750000000,-25.9687098157,1.5573592522e-03
6,0.3750000000,-25.9387055294,1.3280681660e-03
6,0.3750000000,-25.9087012430,1.1312345593e-03
6,0.3750000000,-25.8786969567,9.7102331612e-04
6,0.3750000000,-25.8486926704,8.4500705124e-04
6,0.3750000000,-25.8186883841,7.4832752482e-04
6,0.3750000000,-25.7886840977,6.7603235887e-04
6,0.3750000000,-25.7586798114,6.2406185836e-04
6,0.3750000000,-25.7286755251,5.8948163049e-04
6,0.3750000000,-25.6986712387,5.7033914325e-04
6,0.3750000000,-25.6686669524,5.6524219582e-04
6,0.3750000000,-25.6386626661,5.7253285265e-04
6,0.3750000000,-25.6086583798,5.8888672987e-04
6,0.3750000000,-25.5786540934,6.0774162567e-04
6,0.3750000000,-25.5486498071,6.1951582781e-04
6,0.3750000000,-25.5186455208,6.1595948650e-04
6,0.3750000000,-25.4886412345,5.9593769350e-04
6,0.3750000000,-25.4586369481,5.6549981357e-04
6,0.3750000000,-25.4286326618,5.3252727521e-04
6,0.3750000000,-25.3986283755,5.0288401698e-04
6,0.3750000000,-25.3686240892,4.7992149686e-04
6,0.3750000000,-25.3386198028,4.6518260536e-04
6,0.3750000000,-25.3086155165,4.5898313301e-04
6,0.3750000000,-25.2786112302,4.6052390439e-04
6,0.3750000000,-25.2486069438,4.6759581323e-04
6,0.3750000000,-25.2186026575,4.7596170534e-04
6,0.3750000000,-25.1885983712,4.7939039604e-04
6,0.3750000000,-25.1585940849,4.7236559067e-04
6,0.3750000000,-25.1285897985,4.5432522522e-04
6,0.3750000000,-25.0985855122,4.3016055580e-04
6,0.3750000000,-25.0685812259,4.0620012027e-04
6,0.3750000000,-25.0385769396,3.8680241938e-04
6,0.3750000000,-25.0085726532,3.7392463021e-04
6,0.3750000000,-24.9785683669,3.6812893229e-04
6,0.3750000000,-24.9485640806,3.6953476181e-04
6,0.3750000000,-24.9185597943,3.7835699740e-04
6,0.3750000000,-24.8885555079,3.9513539426e-04
6,0.3750000000,-24.8585512216,4.2076026757e-04
6,0.3750000000,-24.8285469353,4.5626563030e-04
6,0.3750000000,-24.7985426489,5.0219373127e-04
6,0.3750000000,-24.7685383626,5.5722567513e-04
6,0.3750000000,-24.7385340763,6.1612470032e-04
6,0.3750000000,-24.7085297900,6.6856357216e-04
6,0.3750000000,-24.6785255036,7.0207875014e-04
6,0.3750000000,-24.6485212173,7.0910249313e-04
6,0.3750000000,-24.6185169310,6.9095299069e-04
6,0.3750000000,-24.5885126447,6.5528654917e-04
6,0.3750000000,-24.5585083583,6.1221582113e-04
6,0.3750000000,-24.5285040720,5.7132434919e-04
6,0.3750000000,-24.4984997857,5.3926347953e-04
6,0.3750000000,-24.4684954994,5.1928093833e-04
6,0.3750000000,-24.4384912130,5.1245426018e-04
6,0.3750000000,-24.4084869267,5.1914015143e-04
6,0.3750000000,-24.3784826404,5.3991896497e-04
6,0.3750000000,-24.3484783541,5.7606193085e-04
6,0.3750000000,-24.3184740677,6.2967469209e-04
6,0.3750000000,-24.2884697814,7.0349317806e-04
6,0.3750000000,-24.2584654951,7.9999897361e-04
6,0.3750000000,-24.2284612087,9.1912948163e-04
6,0.3750000000,-24.1984569224,1.0537968799e-03
6,0.3750000000,-24.1684526361,1.1842892415e-03
6,0.3750000000,-24.1384483498,1.2782431262e-03
6,0.3750000000,-24.1084440634,1.3059359395e-03
6,0.3750000000,-24.0784397771,1.2639489316e-03
6,0.3750000000,-24.0484354908,1.1788592961e-03
6,0.3750000000,-24.0184312045,1.0851624249e-03
6,0.3750000000,-23.9884269181,1.0045833192e-03
6,0.3750000000,-23.9584226318,9.4114580166e-04
6,0.3750000000,-23.9284183455,8.8582446991e-04
6,0.3750000000,-23.8984140592,8.2546992618e-04
6,0.3750000000,-23.8684097728,7.5333381249e-04
6,0.3750000000,-23.8384054865,6.7341877530e-04
6,0.3750000000,-23.8084012002,5.9488194556e-04
6,0.3750000000,-23.7783969138,5.2476032079e-04
6,0.3750000000,-23.7483926275,4.6577795480e-04
6,0.3750000000,-23.7183883412,4.1767752161e-04
6,0.3750000000,-23.6883840549,3.7894350265e-04
6,0.3750000000,-23.6583797685,3.4782289739e-04
6,0.3750000000,-23.6283754822,3.2274576590e-04
6,0.3750000000,-23.5983711959,3.0243586898e-04
6,0.3750000000,-23.5683669096,2.8589805266e-04
6,0.3750000000,-23.5383626232,2.7236948452e-04
6,0.3750000000,-23.5083583369,2.6126847477e-04
6,0.3750000000,-23.4783540506,2.5215136495e-04
6,0.3750000000,-23.4483497643,2.4467912686e-04
6,0.3750000000,-23.4183454779,2.3859247949e-04
6,0.3750000000,-23.3883411916,2.3369376211e-04
6,0.3750000000,-23.3583369053,2.2983398163e-04
6,0.3750000000,-23.3283326189,2.2690380934e-04
6,0.3750000000,-23.2983283326,2.2482763012e-04
6,0.3750000000,-23.2683240463,2.2355995818e-04
6,0.3750000000,-23.2383197600,2.2308352661e-04
6,0.3750000000,-23.2083154736,2.2340790473e-04
6,0.3750000000,-23.1783111873,2.2456608440e-04
6,0.3750000000,-23.1483069010,2.2660318049e-04
6,0.3750000000,-23.1183026147,2.2954548733e-04
6,0.3750000000,-23.0882983283,2.3333316152e-04
6,0.3750000000,-23.0582940420,2.3771537805e-04
6,0.3750000000,-23.0282897557,2.4218241006e-04
6,0.3750000000,-22.9982854694,2.4611333897e-04
6,0.3750000000,-22.9682811830,2.4919308534e-04
6,0.3750000000,-22.9382768967,2.5172275126e-04
6,0.3750000000,-22.9082726104,2.5444565438e-04
6,0.3750000000,-22.8782683240,2.5813113720e-04
6,0.3750000000,-22.8482640377,2.6335268132e-04
6,0.3750000000,-22.8182597514,2.7051854251e-04
6,0.3750000000,-22.7882554651,2.7998441832e-04
6,0.3750000000,-22.7582511787,2.9212513655e-04
6,0.3750000000,-22.7282468924,3.0731122000e-04
6,0.3750000000,-22.6982426061,3.2572892513e-04
6,0.3750000000,-22.6682383198,3.4694808750e-04
6,0.3750000000,-22.6382340334,3.6923613504e-04
6,0.3750000000,-22.6082297471,3.8912088102e-04
6,0.3750000000,-22.5782254608,4.0243307092e-04
6,0.3750000000,-22.5482211745,4.0716646701e-04
6,0.3750000000,-22.5182168881,4.0534914436e-04
6,0.3750000000,-22.4882126018,4.0138764753e-04
6,0.3750000000,-22.4582083155,3.9916560719e-04
6,0.3750000000,-22.4282040291,4.0087660017e-04
6,0.3750000000,-22.3981997428,4.0742548560e-04
6,0.3750000000,-22.3681954565,4.1915018757e-04
6,0.3750000000,-22.3381911702,4.3631474901e-04
6,0.3750000000,-22.3081868838,4.5936711417e-04
6,0.3750000000,-22.2781825975,4.8907255562e-04
6,0.3750000000,-22.2481783112,5.2659863557e-04
6,0.3750000000,-22.2181740249,5.7357422727e-04
6,0.3750000000,-22.1881697385,6.3208641421e-04
6,0.3750000000,-22.1581654522,7.0448469751e-04
6,0.3750000000,-22.1281611659,7.9269247664e-04
6,0.3750000000,-22.0981568796,8.9651249069e-04
6,0.3750000000,-22.0681525932,1.0105530821e-03
6,0.3750000000,-22.0381483069,1.1210983198e-03
6,0.3750000000,-22.0081440206,1.2080864807e-03
6,0.3750000000,-21.9781397342,1.2571346697e-03
6,0.3750000000,-21.9481354479,1.2730356272e-03
6,0.3750000000,-21.9181311616,1.2776785631e-03
6,0.3750000000,-21.8881268753,1.2955825709e-03
6,0.3750000000,-21.8581225889,1.3445706152e-03
6,0.3750000000,-21.8281183026,1.4359772666e-03
6,0.3750000000,-21.7981140163,1.5781432861e-03
6,0.3750000000,-21.7681097300,1.7784422698e-03
6,0.3750000000,-21.7381054436,2.0419213677e-03
6,0.3750000000,-21.7081011573,2.3649398818e-03
6,0.3750000000,-21.6780968710,2.7226746258e-03
6,0.3750000000,-21.6480925847,3.0559268204e-03
6,0.3750000000,-21.6180882983,3.2782811482e-03
6,0.3750000000,-21.5880840120,3.3245618456e-03
6,0.3750000000,-21.5580797257,3.2067141978e-03
6,0.3750000000,-21.5280754393,3.0060263287e-03
6,0.3750000000,-21.4980711530,2.8119924622e-03
6,0.3750000000,-21.4680668667,2.6795785004e-03
6,0.3750000000,-21.4380625804,2.6240030466e-03
6,0.3750000000,-21.4080582940,2.6293406676e-03
6,0.3750000000,-21.3780540077,2.6595441428e-03
6,0.3750000000,-21.3480497214,2.6778362705e-03
6,0.3750000000,-21.3180454351,2.6686869807e-03
6,0.3750000000,-21.2880411487,2.6365074856e-03
6,0.3750000000,-21.2580368624,2.5814703485e-03
6,0.3750000000,-21.2280325761,2.4906276932e-03
6,0.3750000000,-21.1980282898,2.3592385301e-03
6,0.3750000000,-21.1680240034,2.2089197835e-03
6,0.3750000000,-21.1380197171,2.0759299922e-03
6,0.3750000000,-21.1080154308,1.9891622832e-03
6,0.3750000000,-21.0780111444,1.9605034234e-03
6,0.3750000000,-21.0480068581,1.9838361603e-03
6,0.3750000000,-21.0180025718,2.0333124139e-03
6,0.3750000000,-20.9879982855,2.0637130809e-03
6,0.3750000000,-20.9579939991,2.0264932832e-03
6,0.3750000000,-20.9279897128,1.9015514370e-03
6,0.3750000000,-20.8979854265,1.7116792593e-03
6,0.3750000000,-20.8679811402,1.4999753002e-03
6,0.3750000000,-20.8379768538,1.3004703255e-03
6,0.3750000000,-20.8079725675,1.1289459339e-03
6,0.3750000000,-20.7779682812,9.8817076491e-04
6,0.3750000000,-20.7479639949,8.7495096798e-04
6,0.3750000000,-20.7179597085,7.8442724641e-04
6,0.3750000000,-20.6879554222,7.1194163012e-04
6,0.3750000000,-20.6579511359,6.5361988028e-04
6,0.3750000000,-20.6279468495,6.0642290050e-04
6,0.3750000000,-20.5979425632,5.6802522855e-04
6,0.3750000000,-20.5679382769,5.3666344482e-04
6,0.3750000000,-20.5379339906,5.1100218786e-04
6,0.3750000000,-20.5079297042,4.9002839249e-04
6,0.3750000000,-20.4779254179,4.7297177595e-04
6,0.3750000000,-20.4479211316,4.5924642204e-04
6,0.3750000000,-20.4179168453,4.4840838679e-04
6,0.3750000000,-20.3879125589,4.4012522148e-04
6,0.3750000000,-20.3579082726,4.3415435681e-04
6,0.3750000000,-20.3279039863,4.3032817939e-04
6,0.3750000000,-20.2978997000,4.2854432842e-04
6,0.3750000000,-20.2678954136,4.2876028096e-04
6,0.3750000000,-20.2378911273,4.3099172640e-04
6,0.3750000000,-20.2078868410,4.3531459997e-04
6,0.3750000000,-20.1778825547,4.4187098573e-04
6,0.3750000000,-20.1478782683,4.5087943186e-04
6,0.3750000000,-20.1178739820,4.6265053029e-04
6,0.3750000000,-20.0878696957,4.7760879699e-04
6,0.3750000000,-20.0578654093,4.9632163623e-04
6,0.3750000000,-20.0278611230,5.1953468400e-04
6,0.3750000000,-19.9978568367,5.4820838587e-04
6,0.3750000000,-19.9678525504,5.8354057099e-04
6,0.3750000000,-19.9378482640,6.2694377276e-04
6,0.3750000000,-19.9078439777,6.7994243155e-04
6,0.3750000000,-19.8778396914,7.4403266144e-04
6,0.3750000000,-19.8478354051,8.2077926672e-04
6,0.3750000000,-19.8178311187,9.1255051808e-04
6,0.3750000000,-19.7878268324,1.0236293715e-03
6,0.3750000000,-19.7578225461,1.1603272790e-03
6,0.3750000000,-19.7278182598,1.3286807583e-03
6,0.3750000000,-19.6978139734,1.5290534121e-03
6,0.3750000000,-19.6678096871,1.7475185528e-03
6,0.3750000000,-19.6378054008,1.9471518127e-03
6,0.3750000000,-19.6078011144,2.0718443682e-03
6,0.3750000000,-19.5777968281,2.0765896887e-03
6,0.3750000000,-19.5477925418,1.9645799371e-03
6,0.3750000000,-19.5177882555,1.7847511030e-03
6,0.3750000000,-19.4877839691,1.5932484594e-03
6,0.3750000000,-19.4577796828,1.4255928606e-03
6,0.3750000000,-19.4277753965,1.2944238517e-03
6,0.3750000000,-19.3977711102,1.1972987970e-03
6,0.3750000000,-19.3677668238,1.1233512328e-03
6,0.3750000000,-19.3377625375,1.0587777700e-03
6,0.3750000000,-19.3077582512,9.9363126841e-04
6,0.3750000000,-19.2777539649,9.2655521402e-04
6,0.3750000000,-19.2477496785,8.6240389806e-04
6,0.3750000000,-19.2177453922,8.0631801684e-04
6,0.3750000000,-19.1877411059,7.6069880815e-04
6,0.3750000000,-19.1577368195,7.2554296147e-04
6,0.3750000000,-19.1277325332,6.9969437567e-04
6,0.3750000000,-19.0977282469,6.8172431411e-04
6,0.3750000000,-19.0677239606,6.7033101961e-04
6,0.3750000000,-19.0377196742,6.6446077546e-04
6,0.3750000000,-19.0077153879,6.6331032930e-04
6,0.3750000000,-18.9777111016,6.6629133337e-04
6,0.3750000000,-18.9477068153,6.7298968079e-04
6,0.3750000000,-18.9177025289,6.8313069920e-04
6,0.3750000000,-18.8876982426,6.9655251517e-04
6,0.3750000000,-18.8576939563,7.1318698585e-04
6,0.3750000000,-18.8276896700,7.3304690402e-04
6,0.3750000000,-18.7976853836,7.5621826307e-04
6,0.3750000000,-18.7676810973,7.8285666326e-04
6,0.3750000000,-18.7376768110,8.1318725751e-04
6,0.3750000000,-18.7076725246,8.4750792109e-04
6,0.3750000000,-18.6776682383,8.8619558374e-04
6,0.3750000000,-18.6476639520,9.2971589895e-04
6,0.3750000000,-18.6176596657,9.7863666502e-04
6,0.3750000000,-18.5876553793,1.0336456772e-03
6,0.3750000000,-18.5576510930,1.0955740078e-03
6,0.3750000000,-18.5276468067,1.1654261134e-03
6,0.3750000000,-18.4976425204,1.2444186958e-03
6,0.3750000000,-18.4676382340,1.3340309575e-03
6,0.3750000000,-18.4376339477,1.4360698702e-03
6,0.3750000000,-18.4076296614,1.5527554336e-03
6,0.3750000000,-18.3776253751,1.6868328041e-03
6,0.3750000000,-18.3476210887,1.8417208552e-03
6,0.3750000000,-18.3176168024,2.0217105202e-03
6,0.3750000000,-18.2876125161,2.2322316190e-03
6,0.3750000000,-18.2576082297,2.4802143710e-03
6,0.3750000000,-18.2276039434,2.7745821108e-03
6,0.3750000000,-18.1975996571,3.1269253473e-03
6,0.3750000000,-18.1675953708,3.5524237471e-03
6,0.3750000000,-18.1375910844,4.0710981241e-03
6,0.3750000000,-18.1075867981,4.7094761102e-03
6,0.3750000000,-18.0775825118,5.5027056005e-03
6,0.3750000000,-18.0475782255,6.4969513638e-03
6,0.3750000000,-18.0175739391,7.7513218290e-03
6,0.3750000000,-17.9875696528,9.3370539692e-03
6,0.3750000000,-17.9575653665,1.1328212553e-02
6,0.3750000000,-17.9275610802,1.3771633160e-02
6,0.3750000000,-17.8975567938,1.6616690936e-02
6,0.3750000000,-17.8675525075,1.9596244415e-02
6,0.3750000000,-17.8375482212,2.2126199657e-02
6,0.3750000000,-17.8075439348,2.3430726544e-02
6,0.3750000000,-17.7775396485,2.3021554314e-02
6,0.3750000000,-17.7475353622,2.1117960750e-02
6,0.3750000000,-17.7175310759,1.8451844588e-02
6,0.3750000000,-17.6875267895,1.5727284946e-02
6,0.3750000000,-17.6575225032,1.3331779294e-02
6,0.3750000000,-17.6275182169,1.1362770633e-02
6,0.3750000000,-17.5975139306,9.7548663712e-03
6,0.3750000000,-17.5675096442,8.3966487778e-03
6,0.3750000000,-17.5375053579,7.2110694965e-03
6,0.3750000000,-17.5075010716,6.1750907053e-03
6,0.3750000000,-17.4774967853,5.2896403396e-03
6,0.3750000000,-17.4474924989,4.5504333136e-03
6,0.3750000000,-17.4174882126,3.9420230549e-03
6,0.3750000000,-17.3874839263,3.4435364139e-03
6,0.3750000000,-17.3574796399,3.0342840538e-03
6,0.3750000000,-17.3274753536,2.6963962298e-03
6,0.3750000000,-17.2974710673,2.4154066901e-03
6,0.3750000000,-17.2674667810,2.1799408129e-03
6,0.3750000000,-17.2374624946,1.9811508255e-03
6,0.3750000000,-17.2074582083,1.8121628725e-03
6,0.3750000000,-17.1774539220,1.6676171607e-03
6,0.3750000000,-17.1474496357,1.5433097432e-03
6,0.3750000000,-17.1174453493,1.4359212651e-03
6,0.3750000000,-17.0874410630,1.3428138472e-03
6,0.3750000000,-17.0574367767,1.2618794267e-03
6,0.3750000000,-17.0274324904,1.1914264189e-03
6,0.3750000000,-16.9974282040,1.1300948688e-03
6,0.3750000000,-16.9674239177,1.0767929239e-03
6,0.3750000000,-16.9374196314,1.0306494745e-03
6,0.3750000000,-16.9074153450,9.9097931583e-04
6,0.3750000000,-16.8774110587,9.5725830807e-04
6,0.3750000000,-16.8474067724,9.2910686966e-04
6,0.3750000000,-16.8174024861,9.0628081004e-04
6,0.3750000000,-16.7873981997,8.8866903236e-04
6,0.3750000000,-16.7573939134,8.7629799248e-04
6,0.3750000000,-16.7273896271,8.6934282921e-04
6,0.3750000000,-16.6973853408,8.6814437359e-04
6,0.3750000000,-16.6673810544,8.7322902454e-04
6,0.3750000000,-16.6373767681,8.8532415960e-04
6,0.3750000000,-16.6073724818,9.0535865827e-04
6,0.3750000000,-16.5773681955,9.3445463349e-04
6,0.3750000000,-16.5473639091,9.7399048844e-04
6,0.3750000000,-16.5173596228,1.0259167521e-03
6,0.3750000000,-16.4873553365,1.0933725622e-03
6,0.3750000000,-16.4573510502,1.1812039652e-03
6,0.3750000000,-16.4273467638,1.2960049595e-03
6,0.3750000000,-16.3973424775,1.4458671919e-03
6,0.3750000000,-16.3673381912,1.6398459869e-03
6,0.3750000000,-16.3373339048,1.8861647553e-03
6,0.3750000000,-16.3073296185,2.1871293998e-03
6,0.3750000000,-16.2773253322,2.5283256349e-03
6,0.3750000000,-16.2473210459,2.8632261018e-03
6,0.3750000000,-16.2173167595,3.1076767125e-03
6,0.3750000000,-16.1873124732,3.1720015535e-03
6,0.3750000000,-16.1573081869,3.0261980742e-03
6,0.3750000000,-16.1273039006,2.7267933597e-03
6,0.3750000000,-16.0972996142,2.3680530489e-03
6,0.3750000000,-16.0672953279,2.0226004359e-03
6,0.3750000000,-16.0372910416,1.7244730889e-03
6,0.3750000000,-16.0072867553,1.4807650049e-03
6,0.3750000000,-15.9772824689,1.2862314374e-03
6,0.3750000000,-15.9472781826,1.1320554506e-03
6,0.3750000000,-15.9172738963,1.0096475221e-03
6,0.3750000000,-15.8872696099,9.1184664125e-04
6,0.3750000000,-15.8572653236,8.3304911341e-04
6,0.3750000000,-15.8272610373,7.6898573516e-04
6,0.3750000000,-15.7972567510,7.1643441229e-04
6,0.3750000000,-15.7672524646,6.7296441041e-04
6,0.3750000000,-15.7372481783,6.3673409765e-04
6,0.3750000000,-15.7072438920,6.0633872340e-04
6,0.3750000000,-15.6772396057,5.8069829423e-04
6,0.3750000000,-15.6472353193,5.5897563368e-04
6,0.3750000000,-15.6172310330,5.4051654055e-04
6,0.3750000000,-15.5872267467,5.2480594357e-04
6,0.3750000000,-15.5572224604,5.1143560562e-04
6,0.3750000000,-15.5272181740,5.0008018825e-04
6,0.3750000000,-15.4972138877,4.9047940268e-04
6,0.3750000000,-15.4672096014,4.8242462824e-04
6,0.3750000000,-15.4372053150,4.7574884348e-04
6,0.3750000000,-15.4072010287,4.7031904513e-04
6,0.3750000000,-15.3771967424,4.6603056596e-04
6,0.3750000000,-15.3471924561,4.6280287292e-04
6,0.3750000000,-15.3171881697,4.6057655339e-04
6,0.3750000000,-15.2871838834,4.5931129308e-04
6,0.3750000000,-15.2571795971,4.5898472660e-04
6,0.3750000000,-15.2271753108,4.5959210796e-04
6,0.3750000000,-15.1971710244,4.6114681189e-04
6,0.3750000000,-15.1671667381,4.6368174323e-04
6,0.3750000000,-15.1371624518,4.6725180975e-04
6,0.3750000000,-15.1071581655,4.7193771164e-04
6,0.3750000000,-15.0771538791,4.7785143044e-04
6,0.3750000000,-15.0471495928,4.8514397595e-04
6,0.3750000000,-15.0171453065,4.9401619038e-04
6,0.3750000000,-14.9871410201,5.0473373210e-04
6,0.3750000000,-14.9571367338,5.1764777628e-04
6,0.3750000000,-14.9271324475,5.3322343981e-04
6,0.3750000000,-14.8971281612,5.5207829548e-04
6,0.3750000000,-14.8671238748,5.7503305028e-04
6,0.3750000000,-14.8371195885,6.0317404549e-04
6,0.3750000000,-14.8071153022,6.3791889594e-04
6,0.3750000000,-14.7771110159,6.8105324602e-04
6,0.3750000000,-14.7471067295,7.3464877695e-04
6,0.3750000000,-14.7171024432,8.0064741378e-04
6,0.3750000000,-14.6870981569,8.7968754485e-04
6,0.3750000000,-14.6570938706,9.6862483683e-04
6,0.3750000000,-14.6270895842,1.0569671001e-03
6,0.3750000000,-14.5970852979,1.1254694913e-03
6,0.3750000000,-14.5670810116,1.1533083461e-03
6,0.3750000000,-14.5370767252,1.1331401614e-03
6,0.3750000000,-14.5070724389,1.0777317244e-03
6,0.3750000000,-14.4770681526,1.0089708301e-03
6,0.3750000000,-14.4470638663,9.4397057690e-04
6,0.3750000000,-14.4170595799,8.9091248692e-04
6,0.3750000000,-14.3870552936,8.5166794894e-04
6,0.3750000000,-14.3570510073,8.2520322329e-04
6,0.3750000000,-14.3270467210,8.0964556773e-04
6,0.3750000000,-14.2970424346,8.0318731977e-04
6,0.3750000000,-14.2670381483,8.0437820597e-04
6,0.3750000000,-14.2370338620,8.1216476182e-04
6,0.3750000000,-14.2070295757,8.2584738756e-04
6,0.3750000000,-14.1770252893,8.4502353439e-04
6,0.3750000000,-14.1470210030,8.6954054788e-04
6,0.3750000000,-14.1170167167,8.9946428979e-04
6,0.3750000000,-14.0870124303,9.3506393056e-04
6,0.3750000000,-14.0570081440,9.7681215894e-04
6,0.3750000000,-14.0270038577,1.0254006256e-03
6,0.3750000000,-13.9969995714,1.0817716805e-03
6,0.3750000000,-13.9669952850,1.1471690894e-03
6,0.3750000000,-13.9369909987,1.2232124380e-03
6,0.3750000000,-13.9069867124,1.3120025071e-03
6,0.3750000000,-13.8769824261,1.4162681999e-03
6,0.3750000000,-13.8469781397,1.5395696899e-03
6,0.3750000000,-13.8169738534,1.6865769278e-03
6,0.3750000000,-13.7869695671,1.8634456682e-03
6,0.3750000000,-13.7569652808,2.0783090788e-03
6,0.3750000000,-13.7269609944,2.3418762286e-03
6,0.3750000000,-13.6969567081,2.6680397696e-03
6,0.3750000000,-13.6669524218,3.0741503604e-03
6,0.3750000000,-13.6369481354,3.5800179841e-03
6,0.3750000000,-13.6069438491,4.2034376216e-03
6,0.3750000000,-13.5769395628,4.9480470931e-03
6,0.3750000000,-13.5469352765,5.7786704207e-03
6,0.3750000000,-13.5169309901,6.5885097283e-03
6,0.3750000000,-13.4869267038,7.1933862508e-03
6,0.3750000000,-13.4569224175,7.4114773672e-03
6,0.3750000000,-13.4269181312,7.2028521840e-03
6,0.3750000000,-13.3969138448,6.7087594193e-03
6,0.3750000000,-13.3669095585,6.1360416214e-03
6,0.3750000000,-13.3369052722,5.6381089180e-03
6,0.3750000000,-13.3069009859,5.2890949413e-03
6,0.3750000000,-13.2768966995,5.1122083810e-03
6,0.3750000000,-13.2468924132,5.1105687930e-03
6,0.3750000000,-13.2168881269,5.2848389441e-03
6,0.3750000000,-13.1868838405,5.6394417748e-03
6,0.3750000000,-13.1568795542,6.1799465055e-03
6,0.3750000000,-13.1268752679,6.9002083869e-03
6,0.3750000000,-13.0968709816,7.7557411487e-03
6,0.3750000000,-13.0668666952,8.6293618785e-03
6,0.3750000000,-13.0368624089,9.3278292183e-03
6,0.3750000000,-13.0068581226,9.6696132052e-03
6,0.3750000000,-12.9768538363,9.6298387173e-03
6,0.3750000000,-12.9468495499,9.3736807288e-03
6,0.3750000000,-12.9168452636,9.1327272379e-03
6,0.3750000000,-12.8868409773,9.0860877837e-03
6,0.3750000000,-12.8568366910,9.3392313143e-03
6,0.3750000000,-12.8268324046,9.9560092525e-03
6,0.3750000000,-12.7968281183,1.0990041517e-02
6,0.3750000000,-12.7668238320,1.2496615942e-02
6,0.3750000000,-12.7368195456,1.4518530574e-02
6,0.3750000000,-12.7068152593,1.7033159715e-02
6,0.3750000000,-12.6768109730,1.9846518483e-02
6,0.3750000000,-12.6468066867,2.2466434986e-02
6,0.3750000000,-12.6168024003,2.4119441839e-02
6,0.3750000000,-12.5867981140,2.4126901869e-02
6,0.3750000000,-12.5567938277,2.2438528348e-02
6,0.3750000000,-12.5267895414,1.9674035364e-02
6,0.3750000000,-12.4967852550,1.6613845528e-02
6,0.3750000000,-12.4667809687,1.3779281327e-02
6,0.3750000000,-12.4367766824,1.1380586422e-02
6,0.3750000000,-12.4067723961,9.4377646896e-03
6,0.3750000000,-12.3767681097,7.8923911403e-03
6,0.3750000000,-12.3467638234,6.6680635472e-03
6,0.3750000000,-12.3167595371,5.6946639588e-03
6,0.3750000000,-12.2867552508,4.9150619513e-03
6,0.3750000000,-12.2567509644,4.2849716987e-03
6,0.3750000000,-12.2267466781,3.7707610782e-03
6,0.3750000000,-12.1967423918,3.3470449036e-03
6,0.3750000000,-12.1667381054,2.9946359230e-03
6,0.3750000000,-12.1367338191,2.6989527245e-03
6,0.3750000000,-12.1067295328,2.4488303441e-03
6,0.3750000000,-12.0767252465,2.2356463547e-03
6,0.3750000000,-12.0467209601,2.0526820799e-03
6,0.3750000000,-12.0167166738,1.8946551995e-03
6,0.3750000000,-11.9867123875,1.7573762264e-03
6,0.3750000000,-11.9567081012,1.6374943936e-03
6,0.3750000000,-11.9267038148,1.5323082684e-03
6,0.3750000000,-11.8966995285,1.4396234723e-03
6,0.3750000000,-11.8666952422,1.3576449136e-03
6,0.3750000000,-11.8366909559,1.2848944964e-03
6,0.3750000000,-11.8066866695,1.2201477832e-03
6,0.3750000000,-11.7766823832,1.1623848741e-03
6,0.3750000000,-11.7466780969,1.1107520321e-03
6,0.3750000000,-11.7166738105,1.0645315020e-03
6,0.3750000000,-11.6866695242,1.0231176211e-03
6,0.3750000000,-11.6566652379,9.8599780276e-04
6,0.3750000000,-11.6266609516,9.5273732418e-04
6,0.3750000000,-11.5966566652,9.2296710617e-04
6,0.3750000000,-11.5666523789,8.9637386799e-04
6,0.3750000000,-11.5366480926,8.7269218365e-04
6,0.3750000000,-11.5066438063,8.5169807607e-04
6,0.3750000000,-11.4766395199,8.3320386933e-04
6,0.3750000000,-11.4466352336,8.1705408439e-04
6,0.3750000000,-11.4166309473,8.0312221427e-04
6,0.3750000000,-11.3866266610,7.9130825618e-04
6,0.3750000000,-11.3566223746,7.8153691119e-04
6,0.3750000000,-11.3266180883,7.7375639067e-04
6,0.3750000000,-11.2966138020,7.6793779419e-04
6,0.3750000000,-11.2666095156,7.6407504671e-04
6,0.3750000000,-11.2366052293,7.6218540669e-04
6,0.3750000000,-11.2066009430,7.6231058095e-04
6,0.3750000000,-11.1765966567,7.6451850988e-04
6,0.3750000000,-11.1465923703,7.6890591855e-04
6,0.3750000000,-11.1165880840,7.7560176879e-04
6,0.3750000000,-11.0865837977,7.8477179663e-04
6,0.3750000000,-11.0565795114,7.9662438348e-04
6,0.3750000000,-11.0265752250,8.1141809300e-04
6,0.3750000000,-10.9965709387,8.2947131721e-04
6,0.3750000000,-10.9665666524,8.5117462506e-04
6,0.3750000000,-10.9365623661,8.7700661130e-04
6,0.3750000000,-10.9065580797,9.0755432277e-04
6,0.3750000000,-10.8765537934,9.4353972733e-04
6,0.3750000000,-10.8465495071,9.8585423029e-04
6,0.3750000000,-10.8165452207,1.0356040008e-03
6,0.3750000000,-10.7865409344,1.0941699387e-03
6,0.3750000000,-10.7565366481,1.1632876236e-03
6,0.3750000000,-10.7265323618,1.2451547234e-03
6,0.3750000000,-10.6965280754,1.3425763435e-03
6,0.3750000000,-10.6665237891,1.4591629573e-03
6,0.3750000000,-10.6365195028,1.5996011310e-03
6,0.3750000000,-10.6065152165,1.7700241953e-03
6,0.3750000000,-10.5765109301,1.9785172214e-03
6,0.3750000000,-10.5465066438,2.2357939267e-03
6,0.3750000000,-10.5165023575,2.5560699751e-03
6,0.3750000000,-10.4864980712,2.9580940797e-03
6,0.3750000000,-10.4564937848,3.4661016086e-03
6,0.3750000000,-10.4264894985,4.1099312141e-03
6,0.3750000000,-10.3964852122,4.9223032595e-03
6,0.3750000000,-10.3664809258,5.9287601507e-03
6,0.3750000000,-10.3364766395,7.1223277372e-03
6,0.3750000000,-10.3064723532,8.4159895400e-03
6,0.3750000000,-10.2764680669,9.5894827352e-03
6,0.3750000000,-10.2464637805,1.0306456627e-02
6,0.3750000000,-10.2164594942,1.0289715355e-02
6,0.3750000000,-10.1864552079,9.5455513442e-03
6,0.3750000000,-10.1564509216,8.3580239716e-03
6,0.3750000000,-10.1264466352,7.0612344544e-03
6,0.3750000000,-10.0964423489,5.8699377117e-03
6,0.3750000000,-10.0664380626,4.8670570093e-03
6,0.3750000000,-10.0364337763,4.0576129493e-03
6,0.3750000000,-10.0064294899,3.4154491066e-03
6,0.3750000000,-9.9764252036,2.9078271087e-03
6,0.3750000000,-9.9464209173,2.5050866450e-03
6,0.3750000000,-9.9164166309,2.1831989466e-03
6,0.3750000000,-9.8864123446,1.9235933322e-03
6,0.3750000000,-9.8564080583,1.7121917143e-03
6,0.3750000000,-9.8264037720,1.5383810003e-03
6,0.3750000000,-9.7963994856,1.3941470614e-03
6,0.3750000000,-9.7663951993,1.2734048289e-03
6,0.3750000000,-9.7363909130,1.1714989677e-03
6,0.3750000000,-9.7063866267,1.0848374445e-03
6,0.3750000000,-9.6763823403,1.0106238753e-03
6,0.3750000000,-9.6463780540,9.4666177490e-04
6,0.3750000000,-9.6163737677,8.9121073223e-04
6,0.3750000000,-9.5863694814,8.4288004905e-04
6,0.3750000000,-9.5563651950,8.0054949052e-04
6,0.3750000000,-9.5263609087,7.6330976228e-04
6,0.3750000000,-9.4963566224,7.3041743639e-04
6,0.3750000000,-9.4663523360,7.0126053920e-04
6,0.3750000000,-9.4363480497,6.7533206801e-04
6,0.3750000000,-9.4063437634,6.5220945074e-04
6,0.3750000000,-9.3763394771,6.3153849486e-04
6,0.3750000000,-9.3463351907,6.1302075389e-04
6,0.3750000000,-9.3163309044,5.9640351513e-04
6,0.3750000000,-9.2863266181,5.8147181230e-04
6,0.3750000000,-9.2563223318,5.6804201378e-04
6,0.3750000000,-9.2263180454,5.5595664479e-04
6,0.3750000000,-9.1963137591,5.4508018262e-04
6,0.3750000000,-9.1663094728,5.3529562365e-04
6,0.3750000000,-9.1363051865,5.2650166652e-04
6,0.3750000000,-9.1063009001,5.1861038991e-04
6,0.3750000000,-9.0762966138,5.1154532964e-04
6,0.3750000000,-9.0462923275,5.0523988000e-04
6,0.3750000000,-9.0162880411,4.9963595958e-04
6,0.3750000000,-8.9862837548,4.9468289431e-04
6,0.3750000000,-8.9562794685,4.9033647931e-04
6,0.3750000000,-8.9262751822,4.8655818937e-04
6,0.3750000000,-8.8962708958,4.8331451287e-04
6,0.3750000000,-8.8662666095,4.8057638947e-04
6,0.3750000000,-8.8362623232,4.7831873496e-04
6,0.3750000000,-8.8062580369,4.7652004016e-04
6,0.3750000000,-8.7762537505,4.7516203279e-04
6,0.3750000000,-8.7462494642,4.7422939367e-04
6,0.3750000000,-8.7162451779,4.7370951964e-04
6,0.3750000000,-8.6862408916,4.7359232754e-04
6,0.3750000000,-8.6562366052,4.7387009418e-04
6,0.3750000000,-8.6262323189,4.7453732855e-04
6,0.3750000000,-8.5962280326,4.7559067309e-04
6,0.3750000000,-8.5662237462,4.7702883146e-04
6,0.3750000000,-8.5362194599,4.7885252120e-04
6,0.3750000000,-8.5062151736,4.8106444974e-04
6,0.3750000000,-8.4762108873,4.8366931301e-04
6,0.3750000000,-8.4462066009,4.8667381621e-04
6,0.3750000000,-8.4162023146,4.9008671688e-04
6,0.3750000000,-8.3861980283,4.9391889052e-04
6,0.3750000000,-8.3561937420,4.9818341990e-04
6,0.3750000000,-8.3261894556,5.0289570912e-04
6,0.3750000000,-8.2961851693,5.0807362446e-04
6,0.3750000000,-8.2661808830,5.1373766424e-04
6,0.3750000000,-8.2361765967,5.1991116056e-04
6,0.3750000000,-8.2061723103,5.2662051664e-04
6,0.3750000000,-8.1761680240,5.3389548404e-04
6,0.3750000000,-8.1461637377,5.4176948493e-04
6,0.3750000000,-8.1161594514,5.5027998579e-04
6,0.3750000000,-8.0861551650,5.5946893007e-04
6,0.3750000000,-8.0561508787,5.6938323871e-04
6,0.3750000000,-8.0261465924,5.8007538935e-04
6,0.3750000000,-7.9961423060,5.9160408715e-04
6,0.3750000000,-7.9661380197,6.0403504265e-04
6,0.3750000000,-7.9361337334,6.1744187531e-04
6,0.3750000000,-7.9061294471,6.3190716532e-04
6,0.3750000000,-7.8761251607,6.4752368068e-04
6,0.3750000000,-7.8461208744,6.6439581284e-04
6,0.3750000000,-7.8161165881,6.8264126102e-04
6,0.3750000000,-7.7861123018,7.0239301464e-04
6,0.3750000000,-7.7561080154,7.2380169442e-04
6,0.3750000000,-7.7261037291,7.4703832698e-04
6,0.3750000000,-7.6960994428,7.7229764570e-04
6,0.3750000000,-7.6660951565,7.9980203352e-04
6,0.3750000000,-7.6360908701,8.2980625240e-04
6,0.3750000000,-7.6060865838,8.6260314177e-04
6,0.3750000000,-7.5760822975,8.9853051666e-04
6,0.3750000000,-7.5460780111,9.3797955937e-04
6,0.3750000000,-7.5160737248,9.8140508084e-04
6,0.3750000000,-7.4860694385,1.0293381366e-03
6,0.3750000000,-7.4560651522,1.0824016264e-03
6,0.3750000000,-7.4260608658,1.1413296978e-03
6,0.3750000000,-7.3960565795,1.2069920351e-03
6,0.3750000000,-7.3660522932,1.2804244607e-03
6,0.3750000000,-7.3360480069,1.3628677581e-03
6,0.3750000000,-7.3060437205,1.4558172774e-03
6,0.3750000000,-7.2760394342,1.5610867946e-03
6,0.3750000000,-7.2460351479,1.6808913576e-03
6,0.3750000000,-7.2160308616,1.8179556256e-03
6,0.3750000000,-7.1860265752,1.9756567045e-03
6,0.3750000000,-7.1560222889,2.1582140115e-03
6,0.3750000000,-7.1260180026,2.3709436983e-03
6,0.3750000000,-7.0960137162,2.6206021994e-03
6,0.3750000000,-7.0660094299,2.9158532666e-03
6,0.3750000000,-7.0360051436,3.2679061066e-03
6,0.3750000000,-7.0060008573,3.6913891280e-03
6,0.3750000000,-6.9759965709,4.2055424618e-03
6,0.3750000000,-6.9459922846,4.8358247957e-03
6,0.3750000000,-6.9159879983,5.6160113544e-03
6,0.3750000000,-6.8859837120,6.5907422865e-03
6,0.3750000000,-6.8559794256,7.8180920165e-03
6,0.3750000000,-6.8259751393,9.3706630355e-03
6,0.3750000000,-6.7959708530,1.1331106234e-02
6,0.3750000000,-6.7659665667,1.3772478642e-02
6,0.3750000000,-6.7359622803,1.6705221404e-02
6,0.3750000000,-6.7059579940,1.9969808787e-02
6,0.3750000000,-6.6759537077,2.3094431368e-02
6,0.3750000000,-6.6459494213,2.5271134476e-02
6,0.3750000000,-6.6159451350,2.5703129958e-02
6,0.3750000000,-6.5859408487,2.4208083132e-02
6,0.3750000000,-6.5559365624,2.1382888440e-02
6,0.3750000000,-6.5259322760,1.8099315601e-02
6,0.3750000000,-6.4959279897,1.4988613409e-02
6,0.3750000000,-6.4659237034,1.2329423067e-02
6,0.3750000000,-6.4359194171,1.0168257830e-02
6,0.3750000000,-6.4059151307,8.4498624900e-03
6,0.3750000000,-6.3759108444,7.0918950423e-03
6,0.3750000000,-6.3459065581,6.0162669242e-03
6,0.3750000000,-6.3159022718,5.1585562466e-03
6,0.3750000000,-6.2858979854,4.4685857731e-03
6,0.3750000000,-6.2558936991,3.9082050206e-03
6,0.3750000000,-6.2258894128,3.4486399249e-03
6,0.3750000000,-6.1958851264,3.0681812091e-03
6,0.3750000000,-6.1658808401,2.7503708406e-03
6,0.3750000000,-6.1358765538,2.4826418641e-03
6,0.3750000000,-6.1058722675,2.2553178219e-03
6,0.3750000000,-6.0758679811,2.0608815843e-03
6,0.3750000000,-6.0458636948,1.8934409622e-03
6,0.3750000000,-6.0158594085,1.7483365813e-03
6,0.3750000000,-5.9858551222,1.6218523730e-03
6,0.3750000000,-5.9558508358,1.5110002565e-03
6,0.3750000000,-5.9258465495,1.4133587234e-03
6,0.3750000000,-5.8958422632,1.3269508399e-03
6,0.3750000000,-5.8658379769,1.2501512815e-03
6,0.3750000000,-5.8358336905,1.1816149193e-03
6,0.3750000000,-5.8058294042,1.1202215283e-03
6,0.3750000000,-5.7758251179,1.0650326527e-03
6,0.3750000000,-5.7458208315,1.0152577080e-03
6,0.3750000000,-5.7158165452,9.7022715474e-04
6,0.3750000000,-5.6858122589,9.2937112627e-04
6,0.3750000000,-5.6558079726,8.9220229165e-04
6,0.3750000000,-5.6258036862,8.5830203068e-04
6,0.3750000000,-5.5957993999,8.2730921528e-04
6,0.3750000000,-5.5657951136,7.9891105516e-04
6,0.3750000000,-5.5357908273,7.7283558808e-04
6,0.3750000000,-5.5057865409,7.4884548790e-04
6,0.3750000000,-5.4757822546,7.2673293438e-04
6,0.3750000000,-5.4457779683,7.0631534300e-04
6,0.3750000000,-5.4157736820,6.8743179475e-04
6,0.3750000000,-5.3857693956,6.6994003855e-04
6,0.3750000000,-5.3557651093,6.5371396432e-04
6,0.3750000000,-5.3257608230,6.3864146435e-04
6,0.3750000000,-5.2957565366,6.2462261675e-04
6,0.3750000000,-5.2657522503,6.1156813679e-04
6,0.3750000000,-5.2357479640,5.9939805223e-04
6,0.3750000000,-5.2057436777,5.8804056649e-04
6,0.3750000000,-5.1757393913,5.7743107991e-04
6,0.3750000000,-5.1457351050,5.6751134453e-04
6,0.3750000000,-5.1157308187,5.5822873218e-04
6,0.3750000000,-5.0857265324,5.4953559873e-04
6,0.3750000000,-5.0557222460,5.4138873048e-04
6,0.3750000000,-5.0257179597,5.3374886085e-04
6,0.3750000000,-4.9957136734,5.2658024725e-04
6,0.3750000000,-4.9657093871,5.1985029985e-04
6,0.3750000000,-4.9357051007,5.1352925514e-04
6,0.3750000000,-4.9057008144,5.0758988804e-04
6,0.3750000000,-4.8756965281,5.0200725776e-04
6,0.3750000000,-4.8456922417,4.9675848268e-04
6,0.3750000000,-4.8156879554,4.9182254068e-04
6,0.3750000000,-4.7856836691,4.8718009173e-04
6,0.3750000000,-4.7556793828,4.8281331982e-04
6,0.3750000000,-4.7256750964,4.7870579198e-04
6,0.3750000000,-4.6956708101,4.7484233224e-04
6,0.3750000000,-4.6656665238,4.7120890884e-04
6,0.3750000000,-4.6356622375,4.6779253301e-04
6,0.3750000000,-4.6056579511,4.6458116805e-04
6,0.3750000000,-4.5756536648,4.6156364758e-04
6,0.3750000000,-4.5456493785,4.5872960180e-04
6,0.3750000000,-4.5156450922,4.5606939099e-04
6,0.3750000000,-4.4856408058,4.5357404537e-04
6,0.3750000000,-4.4556365195,4.5123521071e-04
6,0.3750000000,-4.4256322332,4.4904509897e-04
6,0.3750000000,-4.3956279468,4.4699644360e-04
6,0.3750000000,-4.3656236605,4.4508245880e-04
6,0.3750000000,-4.3356193742,4.4329680257e-04
6,0.3750000000,-4.3056150879,4.4163354294e-04
6,0.3750000000,-4.2756108015,4.4008712726e-04
6,0.3750000000,-4.2456065152,4.3865235409e-04
6,0.3750000000,-4.2156022289,4.3732434754e-04
6,0.3750000000,-4.1855979426,4.3609853377e-04
6,0.3750000000,-4.1555936562,4.3497061946e-04
6,0.3750000000,-4.1255893699,4.3393657206e-04
6,0.3750000000,-4.0955850836,4.3299260166e-04
6,0.3750000000,-4.0655807973,4.3213514434e-04
6,0.3750000000,-4.0355765109,4.3136084684e-04
6,0.3750000000,-4.0055722246,4.3066655243e-04
6,0.3750000000,-3.9755679383,4.3004928793e-04
6,0.3750000000,-3.9455636520,4.2950625167e-04
6,0.3750000000,-3.9155593656,4.2903480245e-04
6,0.3750000000,-3.8855550793,4.2863244929e-04
6,0.3750000000,-3.8555507930,4.2829684192e-04
6,0.3750000000,-3.8255465066,4.2802576210e-04
6,0.3750000000,-3.7955422203,4.2781711541e-04
6,0.3750000000,-3.7655379340,4.2766892378e-04
6,0.3750000000,-3.7355336477,4.2757931849e-04
6,0.3750000000,-3.7055293613,4.2754653368e-04
6,0.3750000000,-3.6755250750,4.2756890033e-04
6,0.3750000000,-3.6455207887,4.2764484067e-04
6,0.3750000000,-3.6155165024,4.2777286297e-04
6,0.3750000000,-3.5855122160,4.2795155665e-04
6,0.3750000000,-3.5555079297,4.2817958781e-04
6,0.3750000000,-3.5255036434,4.2845569503e-04
6,0.3750000000,-3.4954993571,4.2877868537e-04
6,0.3750000000,-3.4654950707,4.2914743078e-04
6,0.3750000000,-3.4354907844,4.2956086463e-04
6,0.3750000000,-3.4054864981,4.3001797857e-04
6,0.3750000000,-3.3754822117,4.3051781947e-04
6,0.3750000000,-3.3454779254,4.3105948669e-04
6,0.3750000000,-3.3154736391,4.3164212944e-04
6,0.3750000000,-3.2854693528,4.3226494433e-04
6,0.3750000000,-3.2554650664,4.3292717313e-04
6,0.3750000000,-3.2254607801,4.3362810055e-04
6,0.3750000000,-3.1954564938,4.3436705230e-04
6,0.3750000000,-3.1654522075,4.3514339320e-04
6,0.3750000000,-3.1354479211,4.3595652539e-04
6,0.3750000000,-3.1054436348,4.3680588669e-04
6,0.3750000000,-3.0754393485,4.3769094907e-04
6,0.3750000000,-3.0454350622,4.3861121718e-04
6,0.3750000000,-3.0154307758,4.3956622700e-04
6,0.3750000000,-2.9854264895,4.4055554456e-04
6,0.3750000000,-2.9554222032,4.4157876473e-04
6,0.3750000000,-2.9254179168,4.4263551012e-04
6,0.3750000000,-2.8954136305,4.4372543002e-04
6,0.3750000000,-2.8654093442,4.4484819940e-04
6,0.3750000000,-2.8354050579,4.4600351802e-04
6,0.3750000000,-2.8054007715,4.4719110952e-04
6,0.3750000000,-2.7753964852,4.4841072064e-04
6,0.3750000000,-2.7453921989,4.4966212047e-04
6,0.3750000000,-2.7153879126,4.5094509970e-04
6,0.3750000000,-2.6853836262,4.5225947000e-04
6,0.3750000000,-2.6553793399,4.5360506338e-04
6,0.3750000000,-2.6253750536,4.5498173164e-04
6,0.3750000000,-2.5953707673,4.5638934578e-04
6,0.3750000000,-2.5653664809,4.5782779555e-04
6,0.3750000000,-2.5353621946,4.5929698899e-04
6,0.3750000000,-2.5053579083,4.6079685195e-04
6,0.3750000000,-2.4753536219,4.6232732777e-04
6,0.3750000000,-2.4453493356,4.6388837683e-04
6,0.3750000000,-2.4153450493,4.6547997629e-04
6,0.3750000000,-2.3853407630,4.6710211976e-04
6,0.3750000000,-2.3553364766,4.6875481699e-04
6,0.3750000000,-2.3253321903,4.7043809367e-04
6,0.3750000000,-2.2953279040,4.7215199117e-04
6,0.3750000000,-2.2653236177,4.7389656636e-04
6,0.3750000000,-2.2353193313,4.7567189140e-04
6,0.3750000000,-2.2053150450,4.7747805364e-04
6,0.3750000000,-2.1753107587,4.7931515543e-04
6,0.3750000000,-2.1453064724,4.8118331406e-04
6,0.3750000000,-2.1153021860,4.8308266165e-04
6,0.3750000000,-2.0852978997,4.8501334508e-04
6,0.3750000000,-2.0552936134,4.8697552594e-04
6,0.3750000000,-2.0252893270,4.8896938054e-04
6,0.3750000000,-1.9952850407,4.9099509986e-04
6,0.3750000000,-1.9652807544,4.9305288958e-04
6,0.3750000000,-1.9352764681,4.9514297014e-04
6,0.3750000000,-1.9052721817,4.9726557675e-04
6,0.3750000000,-1.8752678954,4.9942095948e-04
6,0.3750000000,-1.8452636091,5.0160938337e-04
6,0.3750000000,-1.8152593228,5.0383112852e-04
6,0.3750000000,-1.7852550364,5.0608649022e-04
6,0.3750000000,-1.7552507501,5.0837577911e-04
6,0.3750000000,-1.7252464638,5.1069932134e-04
6,0.3750000000,-1.6952421775,5.1305745878e-04
6,0.3750000000,-1.6652378911,5.1545054920e-04
6,0.3750000000,-1.6352336048,5.1787896651e-04
6,0.3750000000,-1.6052293185,5.2034310101e-04
6,0.3750000000,-1.5752250321,5.2284335969e-04
6,0.3750000000,-1.5452207458,5.2538016646e-04
6,0.3750000000,-1.5152164595,5.2795396252e-04
6,0.3750000000,-1.4852121732,5.3056520667e-04
6,0.3750000000,-1.4552078868,5.3321437567e-04
6,0.3750000000,-1.4252036005,5.3590196464e-04
6,0.3750000000,-1.3951993142,5.3862848746e-04
6,0.3750000000,-1.3651950279,5.4139447717e-04
6,0.3750000000,-1.3351907415,5.4420048648e-04
6,0.3750000000,-1.3051864552,5.4704708824e-04
6,0.3750000000,-1.2751821689,5.4993487591e-04
6,0.3750000000,-1.2451778826,5.5286446417e-04
6,0.3750000000,-1.2151735962,5.5583648943e-04
6,0.3750000000,-1.1851693099,5.5885161047e-04
6,0.3750000000,-1.1551650236,5.6191050907e-04
6,0.3750000000,-1.1251607372,5.6501389066e-04
6,0.3750000000,-1.0951564509,5.6816248503e-04
6,0.3750000000,-1.0651521646,5.7135704708e-04
6,0.3750000000,-1.0351478783,5.7459835759e-04
6,0.3750000000,-1.0051435919,5.7788722402e-04
6,0.3750000000,-0.9751393056,5.8122448141e-04
6,0.3750000000,-0.9451350193,5.8461099323e-04
6,0.3750000000,-0.9151307330,5.8804765237e-04
6,0.3750000000,-0.8851264466,5.9153538212e-04
6,0.3750000000,-0.8551221603,5.9507513720e-04
6,0.3750000000,-0.8251178740,5.9866790487e-04
6,0.3750000000,-0.7951135877,6.0231470612e-04
6,0.3750000000,-0.7651093013,6.0601659681e-04
6,0.3750000000,-0.7351050150,6.0977466899e-04
6,0.3750000000,-0.7051007287,6.1359005224e-04
6,0.3750000000,-0.6750964423,6.1746391504e-04
6,0.3750000000,-0.6450921560,6.2139746628e-04
6,0.3750000000,-0.6150878697,6.2539195681e-04
6,0.3750000000,-0.5850835834,6.2944868102e-04
6,0.3750000000,-0.5550792970,6.3356897864e-04
6,0.3750000000,-0.5250750107,6.3775423646e-04
6,0.3750000000,-0.4950707244,6.4200589029e-04
6,0.3750000000,-0.4650664381,6.4632542691e-04
6,0.3750000000,-0.4350621517,6.5071438619e-04
6,0.3750000000,-0.4050578654,6.5517436330e-04
6,0.3750000000,-0.3750535791,6.5970701104e-04
6,0.3750000000,-0.3450492928,6.6431404227e-04
6,0.3750000000,-0.3150450064,6.6899723252e-04
6,0.3750000000,-0.2850407201,6.7375842270e-04
6,0.3750000000,-0.2550364338,6.7859952196e-04
6,0.3750000000,-0.2250321474,6.8352251073e-04
6,0.3750000000,-0.1950278611,6.8852944392e-04
6,0.3750000000,-0.1650235748,6.9362245426e-04
6,0.3750000000,-0.1350192885,6.9880375590e-04
6,0.3750000000,-0.1050150021,7.0407564812e-04
6,0.3750000000,-0.0750107158,7.0944051936e-04
6,0.3750000000,-0.0450064295,7.1490085135e-04
6,0.3750000000,-0.0150021432,7.2045922361e-04
6,0.3750000000,0.0150021432,7.2611831813e-04
6,0.3750000000,0.0450064295,7.3188092432e-04
6,0.3750000000,0.0750107158,7.3774994430e-04
6,0.3750000000,0.1050150021,7.4372839848e-04
6,0.3750000000,0.1350192885,7.4981943146e-04
6,0.3750000000,0.1650235748,7.5602631832e-04
6,0.3750000000,0.1950278611,7.6235247124e-04
6,0.3750000000,0.2250321474,7.6880144660e-04
6,0.3750000000,0.2550364338,7.7537695248e-04
6,0.3750000000,0.2850407201,7.8208285658e-04
6,0.3750000000,0.3150450064,7.8892319478e-04
6,0.3750000000,0.3450492928,7.9590218008e-04
6,0.3750000000,0.3750535791,8.0302421224e-04
6,0.3750000000,0.4050578654,8.1029388798e-04
6,0.3750000000,0.4350621517,8.1771601188e-04
6,0.3750000000,0.4650664381,8.2529560797e-04
6,0.3750000000,0.4950707244,8.3303793216e-04
6,0.3750000000,0.5250750107,8.4094848541e-04
6,0.3750000000,0.5550792970,8.4903302789e-04
6,0.3750000000,0.5850835834,8.5729759405e-04
6,0.3750000000,0.6150878697,8.6574850880e-04
6,0.3750000000,0.6450921560,8.7439240473e-04
6,0.3750000000,0.6750964423,8.8323624068e-04
6,0.3750000000,0.7051007287,8.9228732153e-04
6,0.3750000000,0.7351050150,9.0155331947e-04
6,0.3750000000,0.7651093013,9.1104229682e-04
6,0.3750000000,0.7951135877,9.2076273057e-04
6,0.3750000000,0.8251178740,9.3072353867e-04
6,0.3750000000,0.8551221603,9.4093410841e-04
6,0.3750000000,0.8851264466,9.5140432690e-04
6,0.3750000000,0.9151307330,9.6214461391e-04
6,0.3750000000,0.9451350193,9.7316595733e-04
6,0.3750000000,0.9751393056,9.8447995134e-04
6,0.3750000000,1.0051435919,9.9609883772e-04
6,0.3750000000,1.0351478783,1.0080355504e-03
6,0.3750000000,1.0651521646,1.0203037639e-03
6,0.3750000000,1.0951564509,1.0329179453e-03
6,0.3750000000,1.1251607372,1.0458934110e-03
6,0.3750000000,1.1551650236,1.0592463883e-03
6,0.3750000000,1.1851693099,1.0729940820e-03
6,0.3750000000,1.2151735962,1.0871547466e-03
6,0.3750000000,1.2451778826,1.1017477657e-03
6,0.3750000000,1.2751821689,1.1167937375e-03
6,0.3750000000,1.3051864552,1.1323145686e-03
6,0.3750000000,1.3351907415,1.1483335763e-03
6,0.3750000000,1.3651950279,1.1648756000e-03
6,0.3750000000,1.3951993142,1.1819671237e-03
6,0.3750000000,1.4252036005,1.1996364096e-03
6,0.3750000000,1.4552078868,1.2179136448e-03
6,0.3750000000,1.4852121732,1.2368311022e-03
6,0.3750000000,1.5152164595,1.2564233179e-03
6,0.3750000000,1.5452207458,1.2767272854e-03
6,0.3750000000,1.5752250321,1.2977826709e-03
6,0.3750000000,1.6052293185,1.3196320496e-03
6,0.3750000000,1.6352336048,1.3423211679e-03
6,0.3750000000,1.6652378911,1.3658992329e-03
6,0.3750000000,1.6952421775,1.3904192333e-03
6,0.3750000000,1.7252464638,1.4159382963e-03
6,0.3750000000,1.7552507501,1.4425180830e-03
6,0.3750000000,1.7852550364,1.4702252301e-03
6,0.3750000000,1.8152593228,1.4991318415e-03
6,0.3750000000,1.8452636091,1.5293160383e-03
6,0.3750000000,1.8752678954,1.5608625735e-03
6,0.3750000000,1.9052721817,1.5938635220e-03
6,0.3750000000,1.9352764681,1.6284190553e-03
6,0.3750000000,1.9652807544,1.6646383136e-03
6,0.3750000000,1.9952850407,1.7026403887e-03
6,0.3750000000,2.0252893270,1.7425554358e-03
6,0.3750000000,2.0552936134,1.7845259316e-03
6,0.3750000000,2.0852978997,1.8287081025e-03
6,0.3750000000,2.1153021860,1.8752735494e-03
6,0.3750000000,2.1453064724,1.9244111002e-03
6,0.3750000000,2.1753107587,1.9763289273e-03
6,0.3750000000,2.2053150450,2.0312569740e-03
6,0.3750000000,2.2353193313,2.0894497424e-03
6,0.3750000000,2.2653236177,2.1511895048e-03
6,0.3750000000,2.2953279040,2.2167900149e-03
6,0.3750000000,2.3253321903,2.2866008072e-03
6,0.3750000000,2.3553364766,2.3610121941e-03
6,0.3750000000,2.3853407630,2.4404610937e-03
6,0.3750000000,2.4153450493,2.5254378459e-03
6,0.3750000000,2.4453493356,2.6164942148e-03
6,0.3750000000,2.4753536219,2.7142528167e-03
6,0.3750000000,2.5053579083,2.8194182683e-03
6,0.3750000000,2.5353621946,2.9327904232e-03
6,0.3750000000,2.5653664809,3.0552801492e-03
6,0.3750000000,2.5953707673,3.1879282178e-03
6,0.3750000000,2.6253750536,3.3319280179e-03
6,0.3750000000,2.6553793399,3.4886529991e-03
6,0.3750000000,2.6853836262,3.6596899888e-03
6,0.3750000000,2.7153879126,3.8468798515e-03
6,0.3750000000,2.7453921989,4.0523673724e-03
6,0.3750000000,2.7753964852,4.2786628051e-03
6,0.3750000000,2.8054007715,4.5287182598e-03
6,0.3750000000,2.8354050579,4.8060230960e-03
6,0.3750000000,2.8654093442,5.1147238233e-03
6,0.3750000000,2.8954136305,5.4597758283e-03
6,0.3750000000,2.9254179168,5.8471367381e-03
6,0.3750000000,2.9554222032,6.2840146674e-03
6,0.3750000000,2.9854264895,6.7791893756e-03
6,0.3750000000,3.0154307758,7.3434310406e-03
6,0.3750000000,3.0454350622,7.9900507603e-03
6,0.3750000000,3.0754393485,8.7356301707e-03
6,0.3750000000,3.1054436348,9.6009963657e-03
6,0.3750000000,3.1354479211,1.0612534839e-02
6,0.3750000000,3.1654522075,1.1803970317e-02
6,0.3750000000,3.1954564938,1.3218796237e-02
6,0.3750000000,3.2254607801,1.4913600269e-02
6,0.3750000000,3.2554650664,1.6962612019e-02
6,0.3750000000,3.2854693528,1.9463868230e-02
6,0.3750000000,3.3154736391,2.2547378484e-02
6,0.3750000000,3.3454779254,2.6385376964e-02
6,0.3750000000,3.3754822117,3.1203633741e-02
6,0.3750000000,3.4054864981,3.7289584009e-02
6,0.3750000000,3.4354907844,4.4984865601e-02
6,0.3750000000,3.4654950707,5.4631554543e-02
6,0.3750000000,3.4954993571,6.6408345662e-02
6,0.3750000000,3.5255036434,7.9962371699e-02
6,0.3750000000,3.5555079297,9.3820186368e-02
6,0.3750000000,3.5855122160,1.0498328996e-01
6,0.3750000000,3.6155165024,1.0975708840e-01
6,0.3750000000,3.6455207887,1.0618554684e-01
6,0.3750000000,3.6755250750,9.5761452821e-02
6,0.3750000000,3.7055293613,8.2098405044e-02
6,0.3750000000,3.7355336477,6.8393704128e-02
6,0.3750000000,3.7655379340,5.6335352986e-02
6,0.3750000000,3.7955422203,4.6400743179e-02
6,0.3750000000,3.8255465066,3.8460195423e-02
6,0.3750000000,3.8555507930,3.2181599451e-02
6,0.3750000000,3.8855550793,2.7218152323e-02
6,0.3750000000,3.9155593656,2.3273342228e-02
6,0.3750000000,3.9455636520,2.0112671459e-02
6,0.3750000000,3.9755679383,1.7556745858e-02
6,0.3750000000,4.0055722246,1.5470043652e-02
6,0.3750000000,4.0355765109,1.3750398830e-02
6,0.3750000000,4.0655807973,1.2320520285e-02
6,0.3750000000,4.0955850836,1.1121554022e-02
6,0.3750000000,4.1255893699,1.0108323589e-02
6,0.3750000000,4.1555936562,9.2458472545e-03
6,0.3750000000,4.1855979426,8.5067941007e-03
6,0.3750000000,4.2156022289,7.8696205819e-03
6,0.3750000000,4.2456065152,7.3171979936e-03
6,0.3750000000,4.2756108015,6.8357944357e-03
6,0.3750000000,4.3056150879,6.4143138262e-03
6,0.3750000000,4.3356193742,6.0437224282e-03
6,0.3750000000,4.3656236605,5.7166131274e-03
6,0.3750000000,4.3956279468,5.4268716765e-03
6,0.3750000000,4.4256322332,5.1694190071e-03
6,0.3750000000,4.4556365195,4.9400107402e-03
6,0.3750000000,4.4856408058,4.7350800379e-03
6,0.3750000000,4.5156450922,4.5516135495e-03
6,0.3750000000,4.5456493785,4.3870528148e-03
6,0.3750000000,4.5756536648,4.2392153879e-03
6,0.3750000000,4.6056579511,4.1062313467e-03
6,0.3750000000,4.6356622375,3.9864918812e-03
6,0.3750000000,4.6656665238,3.8786074291e-03
6,0.3750000000,4.6956708101,3.7813734010e-03
6,0.3750000000,4.7256750964,3.6937419756e-03
6,0.3750000000,4.7556793828,3.6147987759e-03
6,0.3750000000,4.7856836691,3.5437434920e-03
6,0.3750000000,4.8156879554,3.4798737115e-03
6,0.3750000000,4.8456922417,3.4225713690e-03
6,0.3750000000,4.8756965281,3.3712913456e-03
6,0.3750000000,4.9057008144,3.3255518395e-03
6,0.3750000000,4.9357051007,3.2849262042e-03
6,0.3750000000,4.9657093871,3.2490360060e-03
6,0.3750000000,4.9957136734,3.2175451003e-03
6,0.3750000000,5.0257179597,3.1901545607e-03
6,0.3750000000,5.0557222460,3.1665983265e-03
6,0.3750000000,5.0857265324,3.1466394565e-03
6,0.3750000000,5.1157308187,3.1300668972e-03
6,0.3750000000,5.1457351050,3.1166926872e-03
6,0.3750000000,5.1757393913,3.1063495360e-03
6,0.3750000000,5.2057436777,3.0988887215e-03
6,0.3750000000,5.2357479640,3.0941782624e-03
6,0.3750000000,5.2657522503,3.0921013285e-03
6,0.3750000000,5.2957565366,3.0925548546e-03
6,0.3750000000,5.3257608230,3.0954483347e-03
6,0.3750000000,5.3557651093,3.1007027693e-03
6,0.3750000000,5.3857693956,3.1082497512e-03
6,0.3750000000,5.4157736820,3.1180306691e-03
6,0.3750000000,5.4457779683,3.1299960185e-03
6,0.3750000000,5.4757822546,3.1441048047e-03
6,0.3750000000,5.5057865409,3.1603240316e-03
6,0.3750000000,5.5357908273,3.1786282635e-03
6,0.3750000000,5.5657951136,3.1989992568e-03
6,0.3750000000,5.5957993999,3.2214256516e-03
6,0.3750000000,5.6258036862,3.2459027209e-03
6,0.3750000000,5.6558079726,3.2724321722e-03
6,0.3750000000,5.6858122589,3.3010219966e-03
6,0.3750000000,5.7158165452,3.3316863655e-03
6,0.3750000000,5.7458208315,3.3644455692e-03
6,0.3750000000,5.7758251179,3.3993259991e-03
6,0.3750000000,5.8058294042,3.4363601690e-03
6,0.3750000000,5.8358336905,3.4755867787e-03
6,0.3750000000,5.8658379769,3.5170508152e-03
6,0.3750000000,5.8958422632,3.5608036966e-03
6,0.3750000000,5.9258465495,3.6069034551e-03
6,0.3750000000,5.9558508358,3.6554149631e-03
6,0.3750000000,5.9858551222,3.7064102035e-03
6,0.3750000000,6.0158594085,3.7599685850e-03
6,0.3750000000,6.0458636948,3.8161773070e-03
6,0.3750000000,6.0758679811,3.8751317758e-03
6,0.3750000000,6.1058722675,3.9369360768e-03
6,0.3750000000,6.1358765538,4.0017035066e-03
6,0.3750000000,6.1658808401,4.0695571703e-03
6,0.3750000000,6.1958851264,4.1406306506e-03
6,0.3750000000,6.2258894128,4.2150687540e-03
6,0.3750000000,6.2558936991,4.2930283439e-03
6,0.3750000000,6.2858979854,4.3746792680e-03
6,0.3750000000,6.3159022718,4.4602053914e-03
6,0.3750000000,6.3459065581,4.5498057459e-03
6,0.3750000000,6.3759108444,4.6436958110e-03
6,0.3750000000,6.4059151307,4.7421089390e-03
6,0.3750000000,6.4359194171,4.8452979449e-03
6,0.3750000000,6.4659237034,4.9535368794e-03
6,0.3750000000,6.4959279897,5.0671230081e-03
6,0.3750000000,6.5259322760,5.1863790248e-03
6,0.3750000000,6.5559365624,5.3116555285e-03
6,0.3750000000,6.5859408487,5.4433337997e-03
6,0.3750000000,6.6159451350,5.5818289171e-03
6,0.3750000000,6.6459494213,5.7275932615e-03
6,0.3750000000,6.6759537077,5.8811204632e-03
6,0.3750000000,6.7059579940,6.0429498551e-03
6,0.3750000000,6.7359622803,6.2136715072e-03
6,0.3750000000,6.7659665667,6.3939319297e-03
6,0.3750000000,6.7959708530,6.5844405470e-03
6,0.3750000000,6.8259751393,6.7859770617e-03
6,0.3750000000,6.8559794256,6.9993998526e-03
6,0.3750000000,6.8859837120,7.2256555719e-03
6,0.3750000000,6.9159879983,7.4657901418e-03
6,0.3750000000,6.9459922846,7.7209613870e-03
6,0.3750000000,6.9759965709,7.9924535836e-03
6,0.3750000000,7.0060008573,8.2816942654e-03
6,0.3750000000,7.0360051436,8.5902736901e-03
6,0.3750000000,7.0660094299,8.9199674589e-03
6,0.3750000000,7.0960137162,9.2727628800e-03
6,0.3750000000,7.1260180026,9.6508897985e-03
6,0.3750000000,7.1560222889,1.0056856773e-02
6,0.3750000000,7.1860265752,1.0493493677e-02
6,0.3750000000,7.2160308616,1.0964002055e-02
6,0.3750000000,7.2460351479,1.1472014873e-02
6,0.3750000000,7.2760394342,1.2021667712e-02
6,0.3750000000,7.3060437205,1.2617683951e-02
6,0.3750000000,7.3360480069,1.3265477137e-02
6,0.3750000000,7.3660522932,1.3971274602e-02
6,0.3750000000,7.3960565795,1.4742267441e-02
6,0.3750000000,7.4260608658,1.5586793421e-02
6,0.3750000000,7.4560651522,1.6514561229e-02
6,0.3750000000,7.4860694385,1.7536926959e-02
6,0.3750000000,7.5160737248,1.8667237006e-02
6,0.3750000000,7.5460780111,1.9921255928e-02
6,0.3750000000,7.5760822975,2.1317703786e-02
6,0.3750000000,7.6060865838,2.2878935529e-02
6,0.3750000000,7.6360908701,2.4631806027e-02
6,0.3750000000,7.6660951565,2.6608779596e-02
6,0.3750000000,7.6960994428,2.8849363988e-02
6,0.3750000000,7.7261037291,3.1401978371e-02
6,0.3750000000,7.7561080154,3.4326406390e-02
6,0.3750000000,7.7861123018,3.7697044043e-02
6,0.3750000000,7.8161165881,4.1607235123e-02
6,0.3750000000,7.8461208744,4.6175104290e-02
6,0.3750000000,7.8761251607,5.1551462235e-02
6,0.3750000000,7.9061294471,5.7930583541e-02
6,0.3750000000,7.9361337334,6.5564956192e-02
6,0.3750000000,7.9661380197,7.4785460841e-02
6,0.3750000000,7.9961423060,8.6028773716e-02
6,0.3750000000,8.0261465924,9.9873810421e-02
6,0.3750000000,8.0561508787,1.1708790995e-01
6,0.3750000000,8.0861551650,1.3867902312e-01
6,0.3750000000,8.1161594514,1.6593707774e-01
6,0.3750000000,8.1461637377,2.0041395025e-01
6,0.3750000000,8.1761680240,2.4371448582e-01
6,0.3750000000,8.2061723103,2.9682668043e-01
6,0.3750000000,8.2361765967,3.5856276190e-01
6,0.3750000000,8.2661808830,4.2292818499e-01
6,0.3750000000,8.2961851693,4.7693126712e-01
6,0.3750000000,8.3261894556,5.0342000717e-01
6,0.3750000000,8.3561937420,4.9170714651e-01
6,0.3750000000,8.3861980283,4.4673888783e-01
6,0.3750000000,8.4162023146,3.8464776376e-01
6,0.3750000000,8.4462066009,3.2088175026e-01
6,0.3750000000,8.4762108873,2.6410178147e-01
6,0.3750000000,8.5062151736,2.1704880185e-01
6,0.3750000000,8.5362194599,1.7934825958e-01
6,0.3750000000,8.5662237462,1.4952114659e-01
6,0.3750000000,8.5962280326,1.2595198584e-01
6,0.3750000000,8.6262323189,1.0723803732e-01
6,0.3750000000,8.6562366052,9.2262684334e-02
6,0.3750000000,8.6862408916,8.0169381205e-02
6,0.3750000000,8.7162451779,7.0310515991e-02
6,0.3750000000,8.7462494642,6.2197945781e-02
6,0.3750000000,8.7762537505,5.5462632192e-02
6,0.3750000000,8.8062580369,4.9823843388e-02
6,0.3750000000,8.8362623232,4.5066334643e-02
6,0.3750000000,8.8662666095,4.1023638318e-02
6,0.3750000000,8.8962708958,3.7565859694e-02
6,0.3750000000,8.9262751822,3.4590742156e-02
6,0.3750000000,8.9562794685,3.2017091481e-02
6,0.3750000000,8.9862837548,2.9779903114e-02
6,0.3750000000,9.0162880411,2.7826723530e-02
6,0.3750000000,9.0462923275,2.6114911129e-02
6,0.3750000000,9.0762966138,2.4609557321e-02
6,0.3750000000,9.1063009001,2.3281895869e-02
6,0.3750000000,9.1363051865,2.2108076113e-02
6,0.3750000000,9.1663094728,2.1068209561e-02
6,0.3750000000,9.1963137591,2.0145623442e-02
6,0.3750000000,9.2263180454,1.9326272153e-02
6,0.3750000000,9.2563223318,1.8598270067e-02
6,0.3750000000,9.2863266181,1.7951518305e-02
6,0.3750000000,9.3163309044,1.7377404752e-02
6,0.3750000000,9.3463351907,1.6868561584e-02
6,0.3750000000,9.3763394771,1.6418668213e-02
6,0.3750000000,9.4063437634,1.6022290351e-02
6,0.3750000000,9.4363480497,1.5674747976e-02
6,0.3750000000,9.4663523360,1.5372006541e-02
6,0.3750000000,9.4963566224,1.5110587020e-02
6,0.3750000000,9.5263609087,1.4887491269e-02
6,0.3750000000,9.5563651950,1.4700139962e-02
6,0.3750000000,9.5863694814,1.4546320856e-02
6,0.3750000000,9.6163737677,1.4424145650e-02
6,0.3750000000,9.6463780540,1.4332013992e-02
6,0.3750000000,9.6763823403,1.4268583512e-02
6,0.3750000000,9.7063866267,1.4232744939e-02
6,0.3750000000,9.7363909130,1.4223601582e-02
6,0.3750000000,9.7663951993,1.4240452556e-02
6,0.3750000000,9.7963994856,1.4282779282e-02
6,0.3750000000,9.8264037720,1.4350234879e-02
6,0.3750000000,9.8564080583,1.4442636142e-02
6,0.3750000000,9.8864123446,1.4559957880e-02
6,0.3750000000,9.9164166309,1.4702329442e-02
6,0.3750000000,9.9464209173,1.4870033313e-02
6,0.3750000000,9.9764252036,1.5063505707e-02
6,0.3750000000,10.0064294899,1.5283339146e-02
6,0.3750000000,10.0364337763,1.5530287032e-02
6,0.3750000000,10.0664380626,1.5805270284e-02
6,0.3750000000,10.0964423489,1.6109386141e-02
6,0.3750000000,10.1264466352,1.6443919308e-02
6,0.3750000000,10.1564509216,1.6810355623e-02
6,0.3750000000,10.1864552079,1.7210398544e-02
6,0.3750000000,10.2164594942,1.7645988774e-02
6,0.3750000000,10.2464637805,1.8119327439e-02
6,0.3750000000,10.2764680669,1.8632903333e-02
6,0.3750000000,10.3064723532,1.9189524832e-02
6,0.3750000000,10.3364766395,1.9792357225e-02
6,0.3750000000,10.3664809258,2.0444966371e-02
6,0.3750000000,10.3964852122,2.1151369765e-02
6,0.3750000000,10.4264894985,2.1916096345e-02
6,0.3750000000,10.4564937848,2.2744256669e-02
6,0.3750000000,10.4864980712,2.3641625424e-02
6,0.3750000000,10.5165023575,2.4614738701e-02
6,0.3750000000,10.5465066438,2.5671009009e-02
6,0.3750000000,10.5765109301,2.6818861723e-02
6,0.3750000000,10.6065152165,2.8067897523e-02
6,0.3750000000,10.6365195028,2.9429086527e-02
6,0.3750000000,10.6665237891,3.0915001260e-02
6,0.3750000000,10.6965280754,3.2540097435e-02
6,0.3750000000,10.7265323618,3.4321053937e-02
6,0.3750000000,10.7565366481,3.6277186502e-02
6,0.3750000000,10.7865409344,3.8430953648e-02
6,0.3750000000,10.8165452207,4.0808578801e-02
6,0.3750000000,10.8465495071,4.3440819653e-02
6,0.3750000000,10.8765537934,4.6363925297e-02
6,0.3750000000,10.9065580797,4.9620834468e-02
6,0.3750000000,10.9365623661,5.3262685504e-02
6,0.3750000000,10.9665666524,5.7350732260e-02
6,0.3750000000,10.9965709387,6.1958792633e-02
6,0.3750000000,11.0265752250,6.7176401264e-02
6,0.3750000000,11.0565795114,7.3112900523e-02
6,0.3750000000,11.0865837977,7.9902791618e-02
6,0.3750000000,11.1165880840,8.7712791255e-02
6,0.3750000000,11.1465923703,9.6751214113e-02
6,0.3750000000,11.1765966567,1.0728054871e-01
6,0.3750000000,11.2066009430,1.1963444253e-01
6,0.3750000000,11.2366052293,1.3424079677e-01
6,0.3750000000,11.2666095156,1.5165332541e-01
6,0.3750000000,11.2966138020,1.7259476432e-01
6,0.3750000000,11.3266180883,1.9801582578e-01
6,0.3750000000,11.3566223746,2.2917456829e-01
6,0.3750000000,11.3866266610,2.6773983021e-01
6,0.3750000000,11.4166309473,3.1591631572e-01
6,0.3750000000,11.4466352336,3.7656910715e-01
6,0.3750000000,11.4766395199,4.5327126411e-01
6,0.3750000000,11.5066438063,5.5006687904e-01
6,0.3750000000,11.5366480926,6.7046690920e-01
6,0.3750000000,11.5666523789,8.1477131945e-01
6,0.3750000000,11.5966566652,9.7471450784e-01
6,0.3750000000,11.6266609516,1.1265457596e+00
6,0.3750000000,11.6566652379,1.2303684797e+00
6,0.3750000000,11.6866695242,1.2479341058e+00
6,0.3750000000,11.7166738105,1.1719728679e+00
6,0.3750000000,11.7466780969,1.0327799900e+00
6,0.3750000000,11.7766823832,8.7282259404e-01
6,0.3750000000,11.8066866695,7.2222058654e-01
6,0.3750000000,11.8366909559,5.9399239858e-01
6,0.3750000000,11.8666952422,4.9011516355e-01
6,0.3750000000,11.8966995285,4.0779997318e-01
6,0.3750000000,11.9267038148,3.4303279454e-01
6,0.3750000000,11.9567081012,2.9204450703e-01
6,0.3750000000,11.9867123875,2.5174489693e-01
6,0.3750000000,12.0167166738,2.1974287140e-01
6,0.3750000000,12.0467209601,1.9423783550e-01
6,0.3750000000,12.0767252465,1.7389319517e-01
6,0.3750000000,12.1067295328,1.5772804271e-01
6,0.3750000000,12.1367338191,1.4503451209e-01
6,0.3750000000,12.1667381054,1.3531892822e-01
6,0.3750000000,12.1967423918,1.2826279399e-01
6,0.3750000000,12.2267466781,1.2369998650e-01
6,0.3750000000,12.2567509644,1.2160726769e-01
6,0.3750000000,12.2867552508,1.2210521577e-01
6,0.3750000000,12.3167595371,1.2546447129e-01
6,0.3750000000,12.3467638234,1.3210464880e-01
6,0.3750000000,12.3767681097,1.4255387185e-01
6,0.3750000000,12.4067723961,1.5729514368e-01
6,0.3750000000,12.4367766824,1.7635889074e-01
6,0.3750000000,12.4667809687,1.9849519742e-01
6,0.3750000000,12.4967852550,2.2005561414e-01
6,0.3750000000,12.5267895414,2.3473964321e-01
6,0.3750000000,12.5567938277,2.3619641190e-01
6,0.3750000000,12.5867981140,2.2275039825e-01
6,0.3750000000,12.6168024003,1.9888198115e-01
6,0.3750000000,12.6468066867,1.7139312980e-01
6,0.3750000000,12.6768109730,1.4529426498e-01
6,0.3750000000,12.7068152593,1.2282896873e-01
6,0.3750000000,12.7368195456,1.0438927402e-01
6,0.3750000000,12.7668238320,8.9545616373e-02
6,0.3750000000,12.7968281183,7.7644724348e-02
6,0.3750000000,12.8268324046,6.8062993046e-02
6,0.3750000000,12.8568366910,6.0283792166e-02
6,0.3750000000,12.8868409773,5.3903260452e-02
6,0.3750000000,12.9168452636,4.8613199114e-02
6,0.3750000000,12.9468495499,4.4180213162e-02
6,0.3750000000,12.9768538363,4.0427407028e-02
6,0.3750000000,13.0068581226,3.7219980700e-02
6,0.3750000000,13.0368624089,3.4454405352e-02
6,0.3750000000,13.0668666952,3.2050447831e-02
6,0.3750000000,13.0968709816,2.9945333660e-02
6,0.3750000000,13.1268752679,2.8089474072e-02
6,0.3750000000,13.1568795542,2.6443324982e-02
6,0.3750000000,13.1868838405,2.4975063250e-02
6,0.3750000000,13.2168881269,2.3658854488e-02
6,0.3750000000,13.2468924132,2.2473551160e-02
6,0.3750000000,13.2768966995,2.1401705750e-02
6,0.3750000000,13.3069009859,2.0428816366e-02
6,0.3750000000,13.3369052722,1.9542745176e-02
6,0.3750000000,13.3669095585,1.8733266401e-02
6,0.3750000000,13.3969138448,1.7991712212e-02
6,0.3750000000,13.4269181312,1.7310693206e-02
6,0.3750000000,13.4569224175,1.6683876140e-02
6,0.3750000000,13.4869267038,1.6105805956e-02
6,0.3750000000,13.5169309901,1.5571762321e-02
6,0.3750000000,13.5469352765,1.5077643255e-02
6,0.3750000000,13.5769395628,1.4619870171e-02
6,0.3750000000,13.6069438491,1.4195309938e-02
6,0.3750000000,13.6369481354,1.3801210583e-02
6,0.3750000000,13.6669524218,1.3435147976e-02
6,0.3750000000,13.6969567081,1.3094981417e-02
6,0.3750000000,13.7269609944,1.2778816482e-02
6,0.3750000000,13.7569652808,1.2484973823e-02
6,0.3750000000,13.7869695671,1.2211962880e-02
6,0.3750000000,13.8169738534,1.1958459657e-02
6,0.3750000000,13.8469781397,1.1723287915e-02
6,0.3750000000,13.8769824261,1.1505403206e-02
6,0.3750000000,13.9069867124,1.1303879330e-02
6,0.3750000000,13.9369909987,1.1117896843e-02
6,0.3750000000,13.9669952850,1.0946733332e-02
6,0.3750000000,13.9969995714,1.0789755214e-02
6,0.3750000000,14.0270038577,1.0646410874e-02
6,0.3750000000,14.0570081440,1.0516224985e-02
6,0.3750000000,14.0870124303,1.0398793879e-02
6,0.3750000000,14.1170167167,1.0293781901e-02
6,0.3750000000,14.1470210030,1.0200918641e-02
6,0.3750000000,14.1770252893,1.0119997031e-02
6,0.3750000000,14.2070295757,1.0050872252e-02
6,0.3750000000,14.2370338620,9.9934614617e-03
6,0.3750000000,14.2670381483,9.9477443545e-03
6,0.3750000000,14.2970424346,9.9137645789e-03
6,0.3750000000,14.3270467210,9.8916320830e-03
6,0.3750000000,14.3570510073,9.8815264661e-03
6,0.3750000000,14.3870552936,9.8837014521e-03
6,0.3750000000,14.4170595799,9.8984906377e-03
6,0.3750000000,14.4470638663,9.9263147084e-03
6,0.3750000000,14.4770681526,9.9676903719e-03
6,0.3750000000,14.5070724389,1.0023241322e-02
6,0.3750000000,14.5370767252,1.0093711637e-02
6,0.3750000000,14.5670810116,1.0179982105e-02
6,0.3750000000,14.5970852979,1.0283090143e-02
6,0.3750000000,14.6270895842,1.0404254098e-02
6,0.3750000000,14.6570938706,1.0544902999e-02
6,0.3750000000,14.6870981569,1.0706713107e-02
6,0.3750000000,14.7171024432,1.0891653000e-02
6,0.3750000000,14.7471067295,1.1102039479e-02
6,0.3750000000,14.7771110159,1.1340607274e-02
6,0.3750000000,14.8071153022,1.1610596501e-02
6,0.3750000000,14.8371195885,1.1915863101e-02
6,0.3750000000,14.8671238748,1.2261019318e-02
6,0.3750000000,14.8971281612,1.2651613692e-02
6,0.3750000000,14.9271324475,1.3094363520e-02
6,0.3750000000,14.9571367338,1.3597457507e-02
6,0.3750000000,14.9871410201,1.4170953110e-02
6,0.3750000000,15.0171453065,1.4827302613e-02
6,0.3750000000,15.0471495928,1.5582055489e-02
6,0.3750000000,15.0771538791,1.6454803634e-02
6,0.3750000000,15.1071581655,1.7470462617e-02
6,0.3750000000,15.1371624518,1.8661018164e-02
6,0.3750000000,15.1671667381,2.0067913616e-02
6,0.3750000000,15.1971710244,2.1745306833e-02
6,0.3750000000,15.2271753108,2.3764464831e-02
6,0.3750000000,15.2571795971,2.6219530152e-02
6,0.3750000000,15.2871838834,2.9234616118e-02
6,0.3750000000,15.3171881697,3.2971236439e-02
6,0.3750000000,15.3471924561,3.7632415367e-02
6,0.3750000000,15.3771967424,4.3453242933e-02
6,0.3750000000,15.4072010287,5.0653422187e-02
6,0.3750000000,15.4372053150,5.9303711351e-02
6,0.3750000000,15.4672096014,6.9044703652e-02
6,0.3750000000,15.4972138877,7.8684868040e-02
6,0.3750000000,15.5272181740,8.6049023281e-02
6,0.3750000000,15.5572224604,8.8800757518e-02
6,0.3750000000,15.5872267467,8.6141836938e-02
6,0.3750000000,15.6172310330,7.9537934248e-02
6,0.3750000000,15.6472353193,7.1464103900e-02
6,0.3750000000,15.6772396057,6.3846985802e-02
6,0.3750000000,15.7072438920,5.7609433648e-02
6,0.3750000000,15.7372481783,5.2970744698e-02
6,0.3750000000,15.7672524646,4.9830217468e-02
6,0.3750000000,15.7972567510,4.7999449713e-02
6,0.3750000000,15.8272610373,4.7304762370e-02
6,0.3750000000,15.8572653236,4.7621831565e-02
6,0.3750000000,15.8872696099,4.8882912288e-02
6,0.3750000000,15.9172738963,5.1076001561e-02
6,0.3750000000,15.9472781826,5.4244009721e-02
6,0.3750000000,15.9772824689,5.8487163337e-02
6,0.3750000000,16.0072867553,6.3970150753e-02
6,0.3750000000,16.0372910416,7.0935152733e-02
6,0.3750000000,16.0672953279,7.9722007882e-02
6,0.3750000000,16.0972996142,9.0796773034e-02
6,0.3750000000,16.1273039006,1.0478902110e-01
6,0.3750000000,16.1573081869,1.2253447509e-01
6,0.3750000000,16.1873124732,1.4510844974e-01
6,0.3750000000,16.2173167595,1.7380687044e-01
6,0.3750000000,16.2473210459,2.0996626171e-01
6,0.3750000000,16.2773253322,2.5439210263e-01
6,0.3750000000,16.3073296185,3.0603526671e-01
6,0.3750000000,16.3373339048,3.5977414426e-01
6,0.3750000000,16.3673381912,4.0461073569e-01
6,0.3750000000,16.3973424775,4.2616035721e-01
6,0.3750000000,16.4273467638,4.1564083249e-01
6,0.3750000000,16.4573510502,3.7742649703e-01
6,0.3750000000,16.4873553365,3.2511865838e-01
6,0.3750000000,16.5173596228,2.7159693455e-01
6,0.3750000000,16.5473639091,2.2402289150e-01
6,0.3750000000,16.5773681955,1.8462996826e-01
6,0.3750000000,16.6073724818,1.5307462484e-01
6,0.3750000000,16.6373767681,1.2810619310e-01
6,0.3750000000,16.6673810544,1.0836773752e-01
6,0.3750000000,16.6973853408,9.2685377184e-02
6,0.3750000000,16.7273896271,8.0128632469e-02
6,0.3750000000,16.7573939134,6.9986190299e-02
6,0.3750000000,16.7873981997,6.1720705225e-02
6,0.3750000000,16.8174024861,5.4926734274e-02
6,0.3750000000,16.8474067724,4.9297461006e-02
6,0.3750000000,16.8774110587,4.4599587414e-02
6,0.3750000000,16.9074153450,4.0654699220e-02
6,0.3750000000,16.9374196314,3.7325566885e-02
6,0.3750000000,16.9674239177,3.4506138400e-02
6,0.3750000000,16.9974282040,3.2114261658e-02
6,0.3750000000,17.0274324904,3.0086421361e-02
6,0.3750000000,17.0574367767,2.8373977676e-02
6,0.3750000000,17.0874410630,2.6940551643e-02
6,0.3750000000,17.1174453493,2.5760323125e-02
6,0.3750000000,17.1474496357,2.4817098695e-02
6,0.3750000000,17.1774539220,2.4104072652e-02
6,0.3750000000,17.2074582083,2.3624235190e-02
6,0.3750000000,17.2374624946,2.3391340159e-02
6,0.3750000000,17.2674667810,2.3431125242e-02
6,0.3750000000,17.2974710673,2.3781822584e-02
6,0.3750000000,17.3274753536,2.4491353117e-02
6,0.3750000000,17.3574796399,2.5605033590e-02
6,0.3750000000,17.3874839263,2.7131705858e-02
6,0.3750000000,17.4174882126,2.8972894718e-02
6,0.3750000000,17.4474924989,3.0822022819e-02
6,0.3750000000,17.4774967853,3.2127258804e-02
6,0.3750000000,17.5075010716,3.2298991355e-02
6,0.3750000000,17.5375053579,3.1135060630e-02
6,0.3750000000,17.5675096442,2.8999152141e-02
6,0.3750000000,17.5975139306,2.6504589117e-02
6,0.3750000000,17.6275182169,2.4125567871e-02
6,0.3750000000,17.6575225032,2.2084780247e-02
6,0.3750000000,17.6875267895,2.0428854138e-02
6,0.3750000000,17.7175310759,1.9123871869e-02
6,0.3750000000,17.7475353622,1.8112854328e-02
6,0.3750000000,17.7775396485,1.7340644189e-02
6,0.3750000000,17.8075439348,1.6761501531e-02
6,0.3750000000,17.8375482212,1.6339094371e-02
6,0.3750000000,17.8675525075,1.6043184907e-02
6,0.3750000000,17.8975567938,1.5844996952e-02
6,0.3750000000,17.9275610802,1.5714238483e-02
6,0.3750000000,17.9575653665,1.5622882772e-02
6,0.3750000000,17.9875696528,1.5555764030e-02
6,0.3750000000,18.0175739391,1.5515710411e-02
6,0.3750000000,18.0475782255,1.5515067036e-02
6,0.3750000000,18.0775825118,1.5564290418e-02
6,0.3750000000,18.1075867981,1.5668020694e-02
6,0.3750000000,18.1375910844,1.5826774772e-02
6,0.3750000000,18.1675953708,1.6039487910e-02
6,0.3750000000,18.1975996571,1.6305086474e-02
6,0.3750000000,18.2276039434,1.6623170962e-02
6,0.3750000000,18.2576082297,1.6994231774e-02
6,0.3750000000,18.2876125161,1.7419681287e-02
6,0.3750000000,18.3176168024,1.7901838051e-02
6,0.3750000000,18.3476210887,1.8443917936e-02
6,0.3750000000,18.3776253751,1.9050051584e-02
6,0.3750000000,18.4076296614,1.9725334303e-02
6,0.3750000000,18.4376339477,2.0475910764e-02
6,0.3750000000,18.4676382340,2.1309096860e-02
6,0.3750000000,18.4976425204,2.2233542628e-02
6,0.3750000000,18.5276468067,2.3259442322e-02
6,0.3750000000,18.5576510930,2.4398800541e-02
6,0.3750000000,18.5876553793,2.5665766699e-02
6,0.3750000000,18.6176596657,2.7077054442e-02
6,0.3750000000,18.6476639520,2.8652468211e-02
6,0.3750000000,18.6776682383,3.0415566513e-02
6,0.3750000000,18.7076725246,3.2394501384e-02
6,0.3750000000,18.7376768110,3.4623086972e-02
6,0.3750000000,18.7676810973,3.7142168618e-02
6,0.3750000000,18.7976853836,4.0001389371e-02
6,0.3750000000,18.8276896700,4.3261486426e-02
6,0.3750000000,18.8576939563,4.6997299911e-02
6,0.3750000000,18.8876982426,5.1301746829e-02
6,0.3750000000,18.9177025289,5.6291112509e-02
6,0.3750000000,18.9477068153,6.2112152703e-02
6,0.3750000000,18.9777111016,6.8951697503e-02
6,0.3750000000,19.0077153879,7.7049722720e-02
6,0.3750000000,19.0377196742,8.6717222642e-02
6,0.3750000000,19.0677239606,9.8360678680e-02
6,0.3750000000,19.0977282469,1.1251540174e-01
6,0.3750000000,19.1277325332,1.2989026366e-01
6,0.3750000000,19.1577368195,1.5142552208e-01
6,0.3750000000,19.1877411059,1.7836142645e-01
6,0.3750000000,19.2177453922,2.1230265840e-01
6,0.3750000000,19.2477496785,2.5522984071e-01
6,0.3750000000,19.2777539649,3.0932886237e-01
6,0.3750000000,19.3077582512,3.7634549797e-01
6,0.3750000000,19.3377625375,4.5594257069e-01
6,0.3750000000,19.3677668238,5.4257968653e-01
6,0.3750000000,19.3977711102,6.2191409158e-01
6,0.3750000000,19.4277753965,6.7164030843e-01
6,0.3750000000,19.4577796828,6.7280566471e-01
6,0.3750000000,19.4877839691,6.2500795973e-01
6,0.3750000000,19.5177882555,5.4676207128e-01
6,0.3750000000,19.5477925418,4.6051963130e-01
6,0.3750000000,19.5777968281,3.8097838694e-01
6,0.3750000000,19.6078011144,3.1394315872e-01
6,0.3750000000,19.6378054008,2.5987857756e-01
6,0.3750000000,19.6678096871,2.1708071118e-01
6,0.3750000000,19.6978139734,1.8336764885e-01
6,0.3750000000,19.7278182598,1.5675053993e-01
6,0.3750000000,19.7578225461,1.3561504253e-01
6,0.3750000000,19.7878268324,1.1871348898e-01
6,0.3750000000,19.8178311187,1.0510129586e-01
6,0.3750000000,19.8478354051,9.4068256125e-02
6,0.3750000000,19.8778396914,8.5080390928e-02
6,0.3750000000,19.9078439777,7.7734933867e-02
6,0.3750000000,19.9378482640,7.1726822386e-02
6,0.3750000000,19.9678525504,6.6824195983e-02
6,0.3750000000,19.9978568367,6.2850621358e-02
6,0.3750000000,20.0278611230,5.9672248794e-02
6,0.3750000000,20.0578654093,5.7188572196e-02
6,0.3750000000,20.0878696957,5.5325843901e-02
6,0.3750000000,20.1178739820,5.4032482527e-02
6,0.3750000000,20.1478782683,5.3276025622e-02
6,0.3750000000,20.1778825547,5.3041339553e-02
6,0.3750000000,20.2078868410,5.3329924648e-02
6,0.3750000000,20.2378911273,5.4160258791e-02
6,0.3750000000,20.2678954136,5.5569218657e-02
6,0.3750000000,20.2978997000,5.7614712835e-02
6,0.3750000000,20.3279039863,6.0379760546e-02
6,0.3750000000,20.3579082726,6.3978357269e-02
6,0.3750000000,20.3879125589,6.8563592677e-02
6,0.3750000000,20.4179168453,7.4338611312e-02
6,0.3750000000,20.4479211316,8.1570885417e-02
6,0.3750000000,20.4779254179,9.0609195523e-02
6,0.3750000000,20.5079297042,1.0190076644e-01
6,0.3750000000,20.5379339906,1.1600682786e-01
6,0.3750000000,20.5679382769,1.3362563632e-01
6,0.3750000000,20.5979425632,1.5565259738e-01
6,0.3750000000,20.6279468495,1.8328874102e-01
6,0.3750000000,20.6579511359,2.1807080530e-01
6,0.3750000000,20.6879554222,2.6153712502e-01
6,0.3750000000,20.7179597085,3.1422659536e-01
6,0.3750000000,20.7479639949,3.7373205129e-01
6,0.3750000000,20.7779682812,4.3204972089e-01
6,0.3750000000,20.8079725675,4.7469649829e-01
6,0.3750000000,20.8379768538,4.8632537954e-01
6,0.3750000000,20.8679811402,4.6194159390e-01
6,0.3750000000,20.8979854265,4.1138922391e-01
6,0.3750000000,20.9279897128,3.5088147230e-01
6,0.3750000000,20.9579939991,2.9285427004e-01
6,0.3750000000,20.9879982855,2.4313275269e-01
6,0.3750000000,21.0180025718,2.0295661296e-01
6,0.3750000000,21.0480068581,1.7148427353e-01
6,0.3750000000,21.0780111444,1.4728914544e-01
6,0.3750000000,21.1080154308,1.2900021217e-01
6,0.3750000000,21.1380197171,1.1548127916e-01
6,0.3750000000,21.1680240034,1.0578690308e-01
6,0.3750000000,21.1980282898,9.8991784861e-02
6,0.3750000000,21.2280325761,9.3965676505e-02
6,0.3750000000,21.2580368624,8.9298120876e-02
6,0.3750000000,21.2880411487,8.3689044955e-02
6,0.3750000000,21.3180454351,7.6667416576e-02
6,0.3750000000,21.3480497214,6.8780592590e-02
6,0.3750000000,21.3780540077,6.0959646041e-02
6,0.3750000000,21.4080582940,5.3868292757e-02
6,0.3750000000,21.4380625804,4.7752606236e-02
6,0.3750000000,21.4680668667,4.2586495502e-02
6,0.3750000000,21.4980711530,3.8237846776e-02
6,0.3750000000,21.5280754393,3.4564341364e-02
6,0.3750000000,21.5580797257,3.1445100522e-02
6,0.3750000000,21.5880840120,2.8781242135e-02
6,0.3750000000,21.6180882983,2.6491238498e-02
6,0.3750000000,21.6480925847,2.4508246596e-02
6,0.3750000000,21.6780968710,2.2778246862e-02
6,0.3750000000,21.7081011573,2.1258035356e-02
6,0.3750000000,21.7381054436,1.9913163444e-02
6,0.3750000000,21.7681097300,1.8716088381e-02
6,0.3750000000,21.7981140163,1.7644652821e-02
6,0.3750000000,21.8281183026,1.6680892174e-02
6,0.3750000000,21.8581225889,1.5810119430e-02
6,0.3750000000,21.8881268753,1.5020228353e-02
6,0.3750000000,21.9181311616,1.4301162975e-02
6,0.3750000000,21.9481354479,1.3644512147e-02
6,0.3750000000,21.9781397342,1.3043198055e-02
6,0.3750000000,22.0081440206,1.2491235722e-02
6,0.3750000000,22.0381483069,1.1983546783e-02
6,0.3750000000,22.0681525932,1.1515815462e-02
6,0.3750000000,22.0981568796,1.1084378144e-02
6,0.3750000000,22.1281611659,1.0686140561e-02
6,0.3750000000,22.1581654522,1.0318518452e-02
6,0.3750000000,22.1881697385,9.9793986559e-03
6,0.3750000000,22.2181740249,9.6671172990e-03
6,0.3750000000,22.2481783112,9.3804489394e-03
6,0.3750000000,22.2781825975,9.1185934719e-03
6,0.3750000000,22.3081868838,8.8811367043e-03
6,0.3750000000,22.3381911702,8.6679530236e-03
6,0.3750000000,22.3681954565,8.4790107806e-03
6,0.3750000000,22.3981997428,8.3139319353e-03
6,0.3750000000,22.4282040291,8.1708201382e-03
6,0.3750000000,22.4582083155,8.0438834024e-03
6,0.3750000000,22.4882126018,7.9211667860e-03
6,0.3750000000,22.5182168881,7.7868265789e-03
6,0.3750000000,22.5482211745,7.6306986200e-03
6,0.3750000000,22.5782254608,7.4568549713e-03
6,0.3750000000,22.6082297471,7.2798412167e-03
6,0.3750000000,22.6382340334,7.1139149238e-03
6,0.3750000000,22.6682383198,6.9674011013e-03
6,0.3750000000,22.6982426061,6.8434609850e-03
6,0.3750000000,22.7282468924,6.7427059515e-03
6,0.3750000000,22.7582511787,6.6651158184e-03
6,0.3750000000,22.7882554651,6.6109912721e-03
6,0.3750000000,22.8182597514,6.5812623093e-03
6,0.3750000000,22.8482640377,6.5773093957e-03
6,0.3750000000,22.8782683240,6.6001227293e-03
6,0.3750000000,22.9082726104,6.6483392637e-03
6,0.3750000000,22.9382768967,6.7149669690e-03
6,0.3750000000,22.9682811830,6.7847082077e-03
6,0.3750000000,22.9982854694,6.8375814267e-03
6,0.3750000000,23.0282897557,6.8621619570e-03
6,0.3750000000,23.0582940420,6.8668654735e-03
6,0.3750000000,23.0882983283,6.8743793012e-03
6,0.3750000000,23.1183026147,6.9071332984e-03
6,0.3750000000,23.1483069010,6.9800457565e-03
6,0.3750000000,23.1783111873,7.1018964057e-03
6,0.3750000000,23.2083154736,7.2791266178e-03
6,0.3750000000,23.2383197600,7.5187650579e-03
6,0.3750000000,23.2683240463,7.8302336409e-03
6,0.3750000000,23.2983283326,8.2266225646e-03
6,0.3750000000,23.3283326189,8.7259406793e-03
6,0.3750000000,23.3583369053,9.3526641770e-03
6,0.3750000000,23.3883411916,1.0139790362e-02
6,0.3750000000,23.4183454779,1.1131500758e-02
6,0.3750000000,23.4483497643,1.2386309534e-02
6,0.3750000000,23.4783540506,1.3979932110e-02
6,0.3750000000,23.5083583369,1.6005429233e-02
6,0.3750000000,23.5383626232,1.8564230389e-02
6,0.3750000000,23.5683669096,2.1733768888e-02
6,0.3750000000,23.5983711959,2.5486942903e-02
6,0.3750000000,23.6283754822,2.9543331093e-02
6,0.3750000000,23.6583797685,3.3208836885e-02
6,0.3750000000,23.6883840549,3.5445974943e-02
6,0.3750000000,23.7183883412,3.5433042668e-02
6,0.3750000000,23.7483926275,3.3239645204e-02
6,0.3750000000,23.7783969138,2.9768293575e-02
6,0.3750000000,23.8084012002,2.6044691858e-02
6,0.3750000000,23.8384054865,2.2719377829e-02
6,0.3750000000,23.8684097728,2.0046345445e-02
6,0.3750000000,23.8984140592,1.8052040341e-02
6,0.3750000000,23.9284183455,1.6677471296e-02
6,0.3750000000,23.9584226318,1.5853120470e-02
6,0.3750000000,23.9884269181,1.5529735624e-02
6,0.3750000000,24.0184312045,1.5688477332e-02
6,0.3750000000,24.0484354908,1.6342643550e-02
6,0.3750000000,24.0784397771,1.7534185702e-02
6,0.3750000000,24.1084440634,1.9320740931e-02
6,0.3750000000,24.1384483498,2.1739844330e-02
6,0.3750000000,24.1684526361,2.4727270431e-02
6,0.3750000000,24.1984569224,2.7975027006e-02
6,0.3750000000,24.2284612087,3.0796296245e-02
6,0.3750000000,24.2584654951,3.2235374302e-02
6,0.3750000000,24.2884697814,3.1618099511e-02
6,0.3750000000,24.3184740677,2.9112579740e-02
6,0.3750000000,24.3484783541,2.5572287365e-02
6,0.3750000000,24.3784826404,2.1880945522e-02
6,0.3750000000,24.4084869267,1.8561168243e-02
6,0.3750000000,24.4384912130,1.5792308817e-02
6,0.3750000000,24.4684954994,1.3564431386e-02
6,0.3750000000,24.4984997857,1.1796088299e-02
6,0.3750000000,24.5285040720,1.0392525411e-02
6,0.3750000000,24.5585083583,9.2680621477e-03
6,0.3750000000,24.5885126447,8.3541107664e-03
6,0.3750000000,24.6185169310,7.6016118270e-03
6,0.3750000000,24.6485212173,6.9779748966e-03
6,0.3750000000,24.6785255036,6.4604749705e-03
6,0.3750000000,24.7085297900,6.0310202540e-03
6,0.3750000000,24.7385340763,5.6737308016e-03
6,0.3750000000,24.7685383626,5.3739375283e-03
6,0.3750000000,24.7985426489,5.1181504588e-03
6,0.3750000000,24.8285469353,4.8956116808e-03
6,0.3750000000,24.8585512216,4.7003196487e-03
6,0.3750000000,24.8885555079,4.5306395679e-03
6,0.3750000000,24.9185597943,4.3866279140e-03
6,0.3750000000,24.9485640806,4.2680492781e-03
6,0.3750000000,24.9785683669,4.1741194272e-03
6,0.3750000000,25.0085726532,4.1040078313e-03
6,0.3750000000,25.0385769396,4.0573176368e-03
6,0.3750000000,25.0685812259,4.0343870353e-03
6,0.3750000000,25.0985855122,4.0364946296e-03
6,0.3750000000,25.1285897985,4.0660627479e-03
6,0.3750000000,25.1585940849,4.1269193794e-03
6,0.3750000000,25.1885983712,4.2246505466e-03
6,0.3750000000,25.2186026575,4.3670401433e-03
6,0.3750000000,25.2486069438,4.5645152798e-03
6,0.3750000000,25.2786112302,4.8303112816e-03
6,0.3750000000,25.3086155165,5.1795800278e-03
6,0.3750000000,25.3386198028,5.6256415231e-03
6,0.3750000000,25.3686240892,6.1700137669e-03
6,0.3750000000,25.3986283755,6.7825571569e-03
6,0.3750000000,25.4286326618,7.3760809531e-03
6,0.3750000000,25.4586369481,7.8047056437e-03
6,0.3750000000,25.4886412345,7.9305566330e-03
6,0.3750000000,25.5186455208,7.7311711458e-03
6,0.3750000000,25.5486498071,7.3208722886e-03
6,0.3750000000,25.5786540934,6.8557723005e-03
6,0.3750000000,25.6086583798,6.4457635477e-03
6,0.3750000000,25.6386626661,6.1416182600e-03
6,0.3750000000,25.6686669524,5.9604816918e-03
6,0.3750000000,25.6986712387,5.9079891453e-03
6,0.3750000000,25.7286755251,5.9886959156e-03
6,0.3750000000,25.7586798114,6.2108567961e-03
6,0.3750000000,25.7886840977,6.5890799573e-03
6,0.3750000000,25.8186883841,7.1446576914e-03
6,0.3750000000,25.8486926704,7.9013280553e-03
6,0.3750000000,25.8786969567,8.8714291378e-03
6,0.3750000000,25.9087012430,1.0024541851e-02
6,0.3750000000,25.9387055294,1.1236631046e-02
6,0.3750000000,25.9687098157,1.2252743753e-02
6,0.3750000000,25.9987141020,1.2752958749e-02
6,0.3750000000,26.0287183883,1.2560273818e-02
6,0.3750000000,26.0587226747,1.1796212387e-02
6,0.3750000000,26.0887269610,1.0772944240e-02
6,0.3750000000,26.1187312473,9.7671247357e-03
6,0.3750000000,26.1487355336,8.9125072503e-03
6,0.3750000000,26.1787398200,8.2208520408e-03
6,0.3750000000,26.2087441063,7.6477158535e-03
6,0.3750000000,26.2387483926,7.1551642875e-03
6,0.3750000000,26.2687526790,6.7399800973e-03
6,0.3750000000,26.2987569653,6.4204183642e-03
6,0.3750000000,26.3287612516,6.2136140955e-03
6,0.3750000000,26.3587655379,6.1278546223e-03
6,0.3750000000,26.3887698243,6.1653533316e-03
6,0.3750000000,26.4187741106,6.3246698226e-03
6,0.3750000000,26.4487783969,6.5969501726e-03
6,0.3750000000,26.4787826832,6.9538750918e-03
6,0.3750000000,26.5087869696,7.3315134909e-03
6,0.3750000000,26.5387912559,7.6305533124e-03
6,0.3750000000,26.5687955422,7.7614689915e-03
6,0.3750000000,26.5987998285,7.7132476375e-03
6,0.3750000000,26.6288041149,7.5632828264e-03
6,0.3750000000,26.6588084012,7.4146589289e-03
6,0.3750000000,26.6888126875,7.3414222397e-03
6,0.3750000000,26.7188169739,7.3808375588e-03
6,0.3750000000,26.7488212602,7.5483783232e-03
6,0.3750000000,26.7788255465,7.8520263692e-03
6,0.3750000000,26.8088298328,8.3008491363e-03
6,0.3750000000,26.8388341192,8.9097231653e-03
6,0.3750000000,26.8688384055,9.7023431679e-03
6,0.3750000000,26.8988426918,1.0713920317e-02
6,0.3750000000,26.9288469781,1.1994416956e-02
6,0.3750000000,26.9588512645,1.3612792422e-02
6,0.3750000000,26.9888555508,1.5662352430e-02
6,0.3750000000,27.0188598371,1.8266500788e-02
6,0.3750000000,27.0488641234,2.1582144892e-02
6,0.3750000000,27.0788684098,2.5792968386e-02
6,0.3750000000,27.1088726961,3.1073811720e-02
6,0.3750000000,27.1388769824,3.7488733512e-02
6,0.3750000000,27.1688812688,4.4772829694e-02
6,0.3750000000,27.1988855551,5.2010647280e-02
6,0.3750000000,27.2288898414,5.7487471520e-02
6,0.3750000000,27.2588941277,5.9292737713e-02
6,0.3750000000,27.2888984141,5.6674163817e-02
6,0.3750000000,27.3189027004,5.0709049994e-02
6,0.3750000000,27.3489069867,4.3365243315e-02
6,0.3750000000,27.3789112730,3.6216521419e-02
6,0.3750000000,27.4089155594,3.0021146310e-02
6,0.3750000000,27.4389198457,2.4944340158e-02
6,0.3750000000,27.4689241320,2.0875505423e-02
6,0.3750000000,27.4989284183,1.7630122626e-02
6,0.3750000000,27.5289327047,1.5036762757e-02
6,0.3750000000,27.5589369910,1.2956703734e-02
6,0.3750000000,27.5889412773,1.1279972520e-02
6,0.3750000000,27.6189455637,9.9195314585e-03
6,0.3750000000,27.6489498500,8.8071990693e-03
6,0.3750000000,27.6789541363,7.8902875522e-03
6,0.3750000000,27.7089584226,7.1285472415e-03
6,0.3750000000,27.7389627090,6.4913880342e-03
6,0.3750000000,27.7689669953,5.9554416584e-03
6,0.3750000000,27.7989712816,5.5025877272e-03
6,0.3750000000,27.8289755679,5.1183776384e-03
6,0.3750000000,27.8589798543,4.7906479661e-03
6,0.3750000000,27.8889841406,4.5083544140e-03
6,0.3750000000,27.9189884269,4.2612689802e-03
6,0.3750000000,27.9489927132,4.0412577555e-03
6,0.3750000000,27.9789969996,3.8439876108e-03
6,0.3750000000,28.0090012859,3.6685162261e-03
6,0.3750000000,28.0390055722,3.5150160142e-03
6,0.3750000000,28.0690098586,3.3831819593e-03
6,0.3750000000,28.0990141449,3.2720871074e-03
6,0.3750000000,28.1290184312,3.1806177213e-03
6,0.3750000000,28.1590227175,3.1078233072e-03
6,0.3750000000,28.1890270039,3.0530182134e-03
6,0.3750000000,28.2190312902,3.0156188095e-03
6,0.3750000000,28.2490355765,2.9946786248e-03
6,0.3750000000,28.2790398628,2.9882011878e-03
6,0.3750000000,28.3090441492,2.9928672342e-03
6,0.3750000000,28.3390484355,3.0053927289e-03
6,0.3750000000,28.3690527218,3.0253626568e-03
6,0.3750000000,28.3990570081,3.0564645955e-03
6,0.3750000000,28.4290612945,3.1045176740e-03
6,0.3750000000,28.4590655808,3.1753503825e-03
6,0.3750000000,28.4890698671,3.2748779034e-03
6,0.3750000000,28.5190741535,3.4101294176e-03
6,0.3750000000,28.5490784398,3.5898566114e-03
6,0.3750000000,28.5790827261,3.8250523114e-03
6,0.3750000000,28.6090870124,4.1298783140e-03
6,0.3750000000,28.6390912988,4.5228864076e-03
6,0.3750000000,28.6690955851,5.0281391650e-03
6,0.3750000000,28.6990998714,5.6754683607e-03
6,0.3750000000,28.7291041577,6.4979808928e-03
6,0.3750000000,28.7591084441,7.5225260828e-03
6,0.3750000000,28.7891127304,8.7455384243e-03
6,0.3750000000,28.8191170167,1.0087719483e-02
6,0.3750000000,28.8491213030,1.1343639056e-02
6,0.3750000000,28.8791255894,1.2199410625e-02
6,0.3750000000,28.9091298757,1.2401834188e-02
6,0.3750000000,28.9391341620,1.1972757018e-02
6,0.3750000000,28.9691384483,1.1201109753e-02
6,0.3750000000,28.9991427347,1.0421297441e-02
6,0.3750000000,29.0291470210,9.8430915362e-03
6,0.3750000000,29.0591513073,9.5215185499e-03
6,0.3750000000,29.0891555937,9.3816236516e-03
6,0.3750000000,29.1191598800,9.2531969154e-03
6,0.3750000000,29.1491641663,8.9500805997e-03
6,0.3750000000,29.1791684526,8.3938382251e-03
6,0.3750000000,29.2091727390,7.6643894253e-03
6,0.3750000000,29.2391770253,6.9149184253e-03
6,0.3750000000,29.2691813116,6.2659033720e-03
6,0.3750000000,29.2991855979,5.7721335669e-03
6,0.3750000000,29.3291898843,5.4381049647e-03
6,0.3750000000,29.3591941706,5.2358138478e-03
6,0.3750000000,29.3891984569,5.1108074610e-03
6,0.3750000000,29.4192027432,4.9875142184e-03
6,0.3750000000,29.4492070296,4.7951684981e-03
6,0.3750000000,29.4792113159,4.5105474241e-03
6,0.3750000000,29.5092156022,4.1698822550e-03
6,0.3750000000,29.5392198886,3.8321423417e-03
6,0.3750000000,29.5692241749,3.5406159154e-03
6,0.3750000000,29.5992284612,3.3134262411e-03
6,0.3750000000,29.6292327475,3.1505014821e-03
6,0.3750000000,29.6592370339,3.0403008292e-03
6,0.3750000000,29.6892413202,2.9623230032e-03
6,0.3750000000,29.7192456065,2.8899527671e-03
6,0.3750000000,29.7492498928,2.7997723299e-03
6,0.3750000000,29.7792541792,2.6846547940e-03
6,0.3750000000,29.8092584655,2.5563838624e-03
6,0.3750000000,29.8392627518,2.4335912981e-03
6,0.3750000000,29.8692670381,2.3297406953e-03
6,0.3750000000,29.8992713245,2.2504824593e-03
6,0.3750000000,29.9292756108,2.1964465211e-03
6,0.3750000000,29.9592798971,2.1662554794e-03
6,0.3750000000,29.9892841835,2.1581947273e-03
6,0.3750000000,30.0192884698,2.1708862101e-03
6,0.3750000000,30.0492927561,2.2036707957e-03
6,0.3750000000,30.0792970424,2.2571722623e-03
6,0.3750000000,30.1093013288,2.3338446676e-03
6,0.3750000000,30.1393056151,2.4379936820e-03
6,0.3750000000,30.1693099014,2.5755400002e-03
6,0.3750000000,30.1993141877,2.7542716585e-03
6,0.3750000000,30.2293184741,2.9847217469e-03
6,0.3750000000,30.2593227604,3.2811637850e-03
6,0.3750000000,30.2893270467,3.6622134913e-03
6,0.3750000000,30.3193313330,4.1506108060e-03
6,0.3750000000,30.3493356194,4.7708080913e-03
6,0.3750000000,30.3793399057,5.5408004838e-03
6,0.3750000000,30.4093441920,6.4521209760e-03
6,0.3750000000,30.4393484784,7.4337805345e-03
6,0.3750000000,30.4693527647,8.3160899142e-03
6,0.3750000000,30.4993570510,8.8548277815e-03
6,0.3750000000,30.5293613373,8.8711308498e-03
6,0.3750000000,30.5593656237,8.4036891211e-03
6,0.3750000000,30.5893699100,7.6770343804e-03
6,0.3750000000,30.6193741963,6.9276777388e-03
6,0.3750000000,30.6493784826,6.2892143170e-03
6,0.3750000000,30.6793827690,5.7857956282e-03
6,0.3750000000,30.7093870553,5.3727633717e-03
6,0.3750000000,30.7393913416,4.9884019883e-03
6,0.3750000000,30.7693956279,4.5981006738e-03
6,0.3750000000,30.7993999143,4.2044916971e-03
6,0.3750000000,30.8294042006,3.8288685487e-03
6,0.3750000000,30.8594084869,3.4937063310e-03
6,0.3750000000,30.8894127733,3.2143462075e-03
6,0.3750000000,30.9194170596,2.9965776184e-03
6,0.3750000000,30.9494213459,2.8390495833e-03
6,0.3750000000,30.9794256322,2.7374647017e-03
6,0.3750000000,31.0094299186,2.6877022142e-03
6,0.3750000000,31.0394342049,2.6873103686e-03
6,0.3750000000,31.0694384912,2.7359443697e-03
6,0.3750000000,31.0994427775,2.8354990306e-03
6,0.3750000000,31.1294470639,2.9905960668e-03
6,0.3750000000,31.1594513502,3.2091558898e-03
6,0.3750000000,31.1894556365,3.5007862950e-03
6,0.3750000000,31.2194599228,3.8700869939e-03
6,0.3750000000,31.2494642092,4.3039152939e-03
6,0.3750000000,31.2794684955,4.7568527661e-03
6,0.3750000000,31.3094727818,5.1524631039e-03
6,0.3750000000,31.3394770682,5.4237939661e-03
6,0.3750000000,31.3694813545,5.5705901845e-03
6,0.3750000000,31.3994856408,5.6575880009e-03
6,0.3750000000,31.4294899271,5.7426741939e-03
6,0.3750000000,31.4594942135,5.8140181188e-03
6,0.3750000000,31.4894984998,5.7955605873e-03
6,0.3750000000,31.5195027861,5.6202530268e-03
6,0.3750000000,31.5495070724,5.3017362094e-03
6,0.3750000000,31.5795113588,4.9193866174e-03
6,0.3750000000,31.6095156451,4.5441329290e-03
6,0.3750000000,31.6395199314,4.1960380262e-03
6,0.3750000000,31.6695242177,3.8596442304e-03
6,0.3750000000,31.6995285041,3.5234372840e-03
6,0.3750000000,31.7295327904,3.1987785782e-03
6,0.3750000000,31.7595370767,2.9070484064e-03
6,0.3750000000,31.7895413631,2.6623366444e-03
6,0.3750000000,31.8195456494,2.4676148076e-03
6,0.3750000000,31.8495499357,2.3191092405e-03
6,0.3750000000,31.8795542220,2.2109207650e-03
6,0.3750000000,31.9095585084,2.1375752527e-03
6,0.3750000000,31.9395627947,2.0950234297e-03
6,0.3750000000,31.9695670810,2.0809107818e-03
6,0.3750000000,31.9995713673,2.0946080551e-03
6,0.3750000000,32.0295756537,2.1372126714e-03
6,0.3750000000,32.0595799400,2.2115585584e-03
6,0.3750000000,32.0895842263,2.3221190441e-03
6,0.3750000000,32.1195885126,2.4744393228e-03
6,0.3750000000,32.1495927990,2.6732646027e-03
6,0.3750000000,32.1795970853,2.9178589488e-03
6,0.3750000000,32.2096013716,3.1930498262e-03
6,0.3750000000,32.2396056580,3.4585091087e-03
6,0.3750000000,32.2696099443,3.6498405060e-03
6,0.3750000000,32.2996142306,3.7096556892e-03
6,0.3750000000,32.3296185169,3.6329836915e-03
6,0.3750000000,32.3596228033,3.4727510156e-03
6,0.3750000000,32.3896270896,3.2976272772e-03
6,0.3750000000,32.4196313759,3.1554667561e-03
6,0.3750000000,32.4496356622,3.0679859417e-03
6,0.3750000000,32.4796399486,3.0410295066e-03
6,0.3750000000,32.5096442349,3.0745209499e-03
6,0.3750000000,32.5396485212,3.1681153845e-03
6,0.3750000000,32.5696528075,3.3238031482e-03
6,0.3750000000,32.5996570939,3.5471249631e-03
6,0.3750000000,32.6296613802,3.8479553413e-03
6,0.3750000000,32.6596656665,4.2412261401e-03
6,0.3750000000,32.6896699529,4.7475283767e-03
6,0.3750000000,32.7196742392,5.3929871214e-03
6,0.3750000000,32.7496785255,6.2068737640e-03
6,0.3750000000,32.7796828118,7.2141530145e-03
6,0.3750000000,32.8096870982,8.4201644487e-03
6,0.3750000000,32.8396913845,9.7904788755e-03
6,0.3750000000,32.8696956708,1.1242066849e-02
6,0.3750000000,32.8996999571,1.2662779052e-02
6,0.3750000000,32.9297042435,1.3943609200e-02
6,0.3750000000,32.9597085298,1.4985915919e-02
6,0.3750000000,32.9897128161,1.5679260203e-02
6,0.3750000000,33.0197171024,1.5877591384e-02
6,0.3750000000,33.0497213888,1.5427523628e-02
6,0.3750000000,33.0797256751,1.4304945081e-02
6,0.3750000000,33.1097299614,1.2720175223e-02
6,0.3750000000,33.1397342477,1.1005489148e-02
6,0.3750000000,33.1697385341,9.4228063962e-03
6,0.3750000000,33.1997428204,8.0943153215e-03
6,0.3750000000,33.2297471067,7.0402044849e-03
6,0.3750000000,33.2597513931,6.2336188544e-03
6,0.3750000000,33.2897556794,5.6353801279e-03
6,0.3750000000,33.3197599657,5.2100634087e-03
6,0.3750000000,33.3497642520,4.9321497087e-03
6,0.3750000000,33.3797685384,4.7871798538e-03
6,0.3750000000,33.4097728247,4.7701175826e-03
6,0.3750000000,33.4397771110,4.8823717739e-03
6,0.3750000000,33.4697813973,5.1270433271e-03
6,0.3750000000,33.4997856837,5.4991685198e-03
6,0.3750000000,33.5297899700,5.9667672012e-03
6,0.3750000000,33.5597942563,6.4452722237e-03
6,0.3750000000,33.5897985426,6.7909325739e-03
6,0.3750000000,33.6198028290,6.8576138853e-03
6,0.3750000000,33.6498071153,6.6013066056e-03
6,0.3750000000,33.6798114016,6.1141018717e-03
6,0.3750000000,33.7098156880,5.5420773381e-03
6,0.3750000000,33.7398199743,4.9961277472e-03
6,0.3750000000,33.7698242606,4.5287537927e-03
6,0.3750000000,33.7998285469,4.1520894462e-03
6,0.3750000000,33.8298328333,3.8612551690e-03
6,0.3750000000,33.8598371196,3.6483733764e-03
6,0.3750000000,33.8898414059,3.5065432620e-03
6,0.3750000000,33.9198456922,3.4296270779e-03
6,0.3750000000,33.9498499786,3.4118671591e-03
6,0.3750000000,33.9798542649,3.4475421589e-03
6,0.3750000000,34.0098585512,3.5304610579e-03
6,0.3750000000,34.0398628375,3.6541531501e-03
6,0.3750000000,34.0698671239,3.8128100847e-03
6,0.3750000000,34.0998714102,4.0012245429e-03
6,0.3750000000,34.1298756965,4.2154903332e-03
6,0.3750000000,34.1598799829,4.4592920907e-03
6,0.3750000000,34.1898842692,4.7503903169e-03
6,0.3750000000,34.2198885555,5.1168532034e-03
6,0.3750000000,34.2498928418,5.5868068194e-03
6,0.3750000000,34.2798971282,6.1807769697e-03
6,0.3750000000,34.3099014145,6.9071161973e-03
6,0.3750000000,34.3399057008,7.7614067236e-03
6,0.3750000000,34.3699099871,8.7397721677e-03
6,0.3750000000,34.3999142735,9.8680135418e-03
6,0.3750000000,34.4299185598,1.1215145279e-02
6,0.3750000000,34.4599228461,1.2860489480e-02
6,0.3750000000,34.4899271324,1.4835338054e-02
6,0.3750000000,34.5199314188,1.7084585701e-02
6,0.3750000000,34.5499357051,1.9482540458e-02
6,0.3750000000,34.5799399914,2.1881302899e-02
6,0.3750000000,34.6099442778,2.4074078527e-02
6,0.3750000000,34.6399485641,2.5656576895e-02
6,0.3750000000,34.6699528504,2.6059630062e-02
6,0.3750000000,34.6999571367,2.4947578839e-02
6,0.3750000000,34.7299614231,2.2586226485e-02
6,0.3750000000,34.7599657094,1.9660422846e-02
6,0.3750000000,34.7899699957,1.6798551697e-02
6,0.3750000000,34.8199742820,1.4337936687e-02
6,0.3750000000,34.8499785684,1.2370044691e-02
6,0.3750000000,34.8799828547,1.0857915692e-02
6,0.3750000000,34.9099871410,9.7142917779e-03
6,0.3750000000,34.9399914273,8.8354741293e-03
6,0.3750000000,34.9699957137,8.1237778664e-03
6,0.3750000000,35.0000000000,7.5146169235e-03
7,0.5000000000,-35.0000000000,4.5540451752e-05
7,0.5000000000,-34.9699957137,4.6923424345e-05
7,0.5000000000,-34.9399914273,4.8544853037e-05
7,0.5000000000,-34.9099871410,5.0315591542e-05
7,0.5000000000,-34.8799828547,5.2045174669e-05
7,0.5000000000,-34.8499785684,5.3514980799e-05
7,0.5000000000,-34.8199742820,5.4656645433e-05
7,0.5000000000,-34.7899699957,5.5655850234e-05
7,0.5000000000,-34.7599657094,5.6843895875e-05
7,0.5000000000,-34.7299614231,5.8528205678e-05
7,0.5000000000,-34.6999571367,6.0926814068e-05
7,0.5000000000,-34.6699528504,6.4178568813e-05
7,0.5000000000,-34.6399485641,6.8342500136e-05
7,0.5000000000,-34.6099442778,7.3352147492e-05
7,0.5000000000,-34.5799399914,7.8973645661e-05
7,0.5000000000,-34.5499357051,8.4906790063e-05
7,0.5000000000,-34.5199314188,9.1080014513e-05
7,0.5000000000,-34.4899271324,9.7809053529e-05
7,0.5000000000,-34.4599228461,1.0544939060e-04
7,0.5000000000,-34.4299185598,1.1379752564e-04
7,0.5000000000,-34.3999142735,1.2184895966e-04
7,0.5000000000,-34.3699099871,1.2823205185e-04
7,0.5000000000,-34.3399057008,1.3186978101e-04
7,0.5000000000,-34.3099014145,1.3205411115e-04
7,0.5000000000,-34.2798971282,1.2837986118e-04
7,0.5000000000,-34.2498928418,1.2134520949e-04
7,0.5000000000,-34.2198885555,1.1259935216e-04
7,0.5000000000,-34.1898842692,1.0406303216e-04
7,0.5000000000,-34.1598799829,9.7034402703e-05
7,0.5000000000,-34.1298756965,9.2067789990e-05
7,0.5000000000,-34.0998714102,8.9276749777e-05
7,0.5000000000,-34.0698671239,8.8620790559e-05
7,0.5000000000,-34.0398628375,9.0048768627e-05
7,0.5000000000,-34.0098585512,9.3512532940e-05
7,0.5000000000,-33.9798542649,9.8865028448e-05
7,0.5000000000,-33.9498499786,1.0565685916e-04
7,0.5000000000,-33.9198456922,1.1296331760e-04
7,0.5000000000,-33.8898414059,1.1959867043e-04
7,0.5000000000,-33.8598371196,1.2489268736e-04
7,0.5000000000,-33.8298328333,1.2922523115e-04
7,0.5000000000,-33.7998285469,1.3332463331e-04
7,0.5000000000,-33.7698242606,1.3692903301e-04
7,0.5000000000,-33.7398199743,1.3831992731e-04
7,0.5000000000,-33.7098156880,1.3550198869e-04
7,0.5000000000,-33.6798114016,1.2812570387e-04
7,0.5000000000,-33.6498071153,1.1790792211e-04
7,0.5000000000,-33.6198028290,1.0715111016e-04
7,0.5000000000,-33.5897985426,9.7393195909e-05
7,0.5000000000,-33.5597942563,8.9237109215e-05
7,0.5000000000,-33.5297899700,8.2760995029e-05
7,0.5000000000,-33.4997856837,7.7856059946e-05
7,0.5000000000,-33.4697813973,7.4369670057e-05
7,0.5000000000,-33.4397771110,7.2159044980e-05
7,0.5000000000,-33.4097728247,7.1118790526e-05
7,0.5000000000,-33.3797685384,7.1189893142e-05
7,0.5000000000,-33.3497642520,7.2345384928e-05
7,0.5000000000,-33.3197599657,7.4544871242e-05
7,0.5000000000,-33.2897556794,7.7654024918e-05
7,0.5000000000,-33.2597513931,8.1357451155e-05
7,0.5000000000,-33.2297471067,8.5133291123e-05
7,0.5000000000,-33.1997428204,8.8296186900e-05
7,0.5000000000,-33.1697385341,9.0048503743e-05
7,0.5000000000,-33.1397342477,8.9722779717e-05
7,0.5000000000,-33.1097299614,8.7320930655e-05
7,0.5000000000,-33.0797256751,8.3690978764e-05
7,0.5000000000,-33.0497213888,7.9968231212e-05
7,0.5000000000,-33.0197171024,7.6980231628e-05
7,0.5000000000,-32.9897128161,7.5119769334e-05
7,0.5000000000,-32.9597085298,7.4489859682e-05
7,0.5000000000,-32.9297042435,7.5046128018e-05
7,0.5000000000,-32.8996999571,7.6665379416e-05
7,0.5000000000,-32.8696956708,7.9197452686e-05
7,0.5000000000,-32.8396913845,8.2559939309e-05
7,0.5000000000,-32.8096870982,8.6787899815e-05
7,0.5000000000,-32.7796828118,9.1847417846e-05
7,0.5000000000,-32.7496785255,9.7235224391e-05
7,0.5000000000,-32.7196742392,1.0171062572e-04
7,0.5000000000,-32.6896699529,1.0367303871e-04
7,0.5000000000,-32.6596656665,1.0228463774e-04
7,0.5000000000,-32.6296613802,9.8245693928e-05
7,0.5000000000,-32.5996570939,9.3201351428e-05
7,0.5000000000,-32.5696528075,8.8620599825e-05
7,0.5000000000,-32.5396485212,8.5321441916e-05
7,0.5000000000,-32.5096442349,8.3602216649e-05
7,0.5000000000,-32.4796399486,8.3484673363e-05
7,0.5000000000,-32.4496356622,8.4828043014e-05
7,0.5000000000,-32.4196313759,8.7290180437e-05
7,0.5000000000,-32.3896270896,9.0221898464e-05
7,0.5000000000,-32.3596228033,9.2723710874e-05
7,0.5000000000,-32.3296185169,9.4103282318e-05
7,0.5000000000,-32.2996142306,9.4444087757e-05
7,0.5000000000,-32.2696099443,9.4554201542e-05
7,0.5000000000,-32.2396056580,9.5307004822e-05
7,0.5000000000,-32.2096013716,9.7071078706e-05
7,0.5000000000,-32.1795970853,9.9487953487e-05
7,0.5000000000,-32.1495927990,1.0153655545e-04
7,0.5000000000,-32.1195885126,1.0204155414e-04
7,0.5000000000,-32.0895842263,1.0054909493e-04
7,0.5000000000,-32.0595799400,9.7708380191e-05
7,0.5000000000,-32.0295756537,9.4686705763e-05
7,0.5000000000,-31.9995713673,9.2424155408e-05
7,0.5000000000,-31.9695670810,9.1412908732e-05
7,0.5000000000,-31.9395627947,9.1842332049e-05
7,0.5000000000,-31.9095585084,9.3787271998e-05
7,0.5000000000,-31.8795542220,9.7324178150e-05
7,0.5000000000,-31.8495499357,1.0258086017e-04
7,0.5000000000,-31.8195456494,1.0974307972e-04
7,0.5000000000,-31.7895413631,1.1903487432e-04
7,0.5000000000,-31.7595370767,1.3070641996e-04
7,0.5000000000,-31.7295327904,1.4510041101e-04
7,0.5000000000,-31.6995285041,1.6280744722e-04
7,0.5000000000,-31.6695242177,1.8467685593e-04
7,0.5000000000,-31.6395199314,2.1135945747e-04
7,0.5000000000,-31.6095156451,2.4235405208e-04
7,0.5000000000,-31.5795113588,2.7489455989e-04
7,0.5000000000,-31.5495070724,3.0359130396e-04
7,0.5000000000,-31.5195027861,3.2198717355e-04
7,0.5000000000,-31.4894984998,3.2534421966e-04
7,0.5000000000,-31.4594942135,3.1251171729e-04
7,0.5000000000,-31.4294899271,2.8658026314e-04
7,0.5000000000,-31.3994856408,2.5387109148e-04
7,0.5000000000,-31.3694813545,2.2081782369e-04
7,0.5000000000,-31.3394770682,1.9144559526e-04
7,0.5000000000,-31.3094727818,1.6720311139e-04
7,0.5000000000,-31.2794684955,1.4799990800e-04
7,0.5000000000,-31.2494642092,1.3314536178e-04
7,0.5000000000,-31.2194599228,1.2185632813e-04
7,0.5000000000,-31.1894556365,1.1345807030e-04
7,0.5000000000,-31.1594513502,1.0743666124e-04
7,0.5000000000,-31.1294470639,1.0343484488e-04
7,0.5000000000,-31.0994427775,1.0123169007e-04
7,0.5000000000,-31.0694384912,1.0071864808e-04
7,0.5000000000,-31.0394342049,1.0186993476e-04
7,0.5000000000,-31.0094299186,1.0469631744e-04
7,0.5000000000,-30.9794256322,1.0917133463e-04
7,0.5000000000,-30.9494213459,1.1514582918e-04
7,0.5000000000,-30.9194170596,1.2233347454e-04
7,0.5000000000,-30.8894127733,1.3044684981e-04
7,0.5000000000,-30.8594084869,1.3926521773e-04
7,0.5000000000,-30.8294042006,1.4819463670e-04
7,0.5000000000,-30.7993999143,1.5557909030e-04
7,0.5000000000,-30.7693956279,1.5895252566e-04
7,0.5000000000,-30.7393913416,1.5679256260e-04
7,0.5000000000,-30.7093870553,1.5001636155e-04
7,0.5000000000,-30.6793827690,1.4115009557e-04
7,0.5000000000,-30.6493784826,1.3233023422e-04
7,0.5000000000,-30.6193741963,1.2441951421e-04
7,0.5000000000,-30.5893699100,1.1748523336e-04
7,0.5000000000,-30.5593656237,1.1158587286e-04
7,0.5000000000,-30.5293613373,1.0702712571e-04
7,0.5000000000,-30.4993570510,1.0415511170e-04
7,0.5000000000,-30.4693527647,1.0317629770e-04
7,0.5000000000,-30.4393484784,1.0413809132e-04
7,0.5000000000,-30.4093441920,1.0692654767e-04
7,0.5000000000,-30.3793399057,1.1119231566e-04
7,0.5000000000,-30.3493356194,1.1629493889e-04
7,0.5000000000,-30.3193313330,1.2152265835e-04
7,0.5000000000,-30.2893270467,1.2664285256e-04
7,0.5000000000,-30.2593227604,1.3216574283e-04
7,0.5000000000,-30.2293184741,1.3873937316e-04
7,0.5000000000,-30.1993141877,1.4611339285e-04
7,0.5000000000,-30.1693099014,1.5251201501e-04
7,0.5000000000,-30.1393056151,1.5513564761e-04
7,0.5000000000,-30.1093013288,1.5205895510e-04
7,0.5000000000,-30.0792970424,1.4394650823e-04
7,0.5000000000,-30.0492927561,1.3345237251e-04
7,0.5000000000,-30.0192884698,1.2322762377e-04
7,0.5000000000,-29.9892841835,1.1482997207e-04
7,0.5000000000,-29.9592798971,1.0884033312e-04
7,0.5000000000,-29.9292756108,1.0533985712e-04
7,0.5000000000,-29.8992713245,1.0425441204e-04
7,0.5000000000,-29.8692670381,1.0549723576e-04
7,0.5000000000,-29.8392627518,1.0894692976e-04
7,0.5000000000,-29.8092584655,1.1426797516e-04
7,0.5000000000,-29.7792541792,1.2058558402e-04
7,0.5000000000,-29.7492498928,1.2622128276e-04
7,0.5000000000,-29.7192456065,1.2905170673e-04
7,0.5000000000,-29.6892413202,1.2777754392e-04
7,0.5000000000,-29.6592370339,1.2292393008e-04
7,0.5000000000,-29.6292327475,1.1618559288e-04
7,0.5000000000,-29.5992284612,1.0903796200e-04
7,0.5000000000,-29.5692241749,1.0223965532e-04
7,0.5000000000,-29.5392198886,9.6160608073e-05
7,0.5000000000,-29.5092156022,9.1066501596e-05
7,0.5000000000,-29.4792113159,8.7121403885e-05
7,0.5000000000,-29.4492070296,8.4359956421e-05
7,0.5000000000,-29.4192027432,8.2735981017e-05
7,0.5000000000,-29.3891984569,8.2190440285e-05
7,0.5000000000,-29.3591941706,8.2696784433e-05
7,0.5000000000,-29.3291898843,8.4282865215e-05
7,0.5000000000,-29.2991855979,8.7038206157e-05
7,0.5000000000,-29.2691813116,9.1107945345e-05
7,0.5000000000,-29.2391770253,9.6660736048e-05
7,0.5000000000,-29.2091727390,1.0379842647e-04
7,0.5000000000,-29.1791684526,1.1236178105e-04
7,0.5000000000,-29.1491641663,1.2163936086e-04
7,0.5000000000,-29.1191598800,1.3022219742e-04
7,0.5000000000,-29.0891555937,1.3653665864e-04
7,0.5000000000,-29.0591513073,1.4009238370e-04
7,0.5000000000,-29.0291470210,1.4213414356e-04
7,0.5000000000,-28.9991427347,1.4472725245e-04
7,0.5000000000,-28.9691384483,1.4932092504e-04
7,0.5000000000,-28.9391341620,1.5588743527e-04
7,0.5000000000,-28.9091298757,1.6260314692e-04
7,0.5000000000,-28.8791255894,1.6623744926e-04
7,0.5000000000,-28.8491213030,1.6391339338e-04
7,0.5000000000,-28.8191170167,1.5536132824e-04
7,0.5000000000,-28.7891127304,1.4305461098e-04
7,0.5000000000,-28.7591084441,1.3010845206e-04
7,0.5000000000,-28.7291041577,1.1859236019e-04
7,0.5000000000,-28.6990998714,1.0934259578e-04
7,0.5000000000,-28.6690955851,1.0245876681e-04
7,0.5000000000,-28.6390912988,9.7750278404e-05
7,0.5000000000,-28.6090870124,9.4959976283e-05
7,0.5000000000,-28.5790827261,9.3811458689e-05
7,0.5000000000,-28.5490784398,9.3932931872e-05
7,0.5000000000,-28.5190741535,9.4708489942e-05
7,0.5000000000,-28.4890698671,9.5206897659e-05
7,0.5000000000,-28.4590655808,9.4459629402e-05
7,0.5000000000,-28.4290612945,9.2072199716e-05
7,0.5000000000,-28.3990570081,8.8503387495e-05
7,0.5000000000,-28.3690527218,8.4616963461e-05
7,0.5000000000,-28.3390484355,8.1101310158e-05
7,0.5000000000,-28.3090441492,7.8288346925e-05
7,0.5000000000,-28.2790398628,7.6255705547e-05
7,0.5000000000,-28.2490355765,7.4960104659e-05
7,0.5000000000,-28.2190312902,7.4306439394e-05
7,0.5000000000,-28.1890270039,7.4153649454e-05
7,0.5000000000,-28.1590227175,7.4288150372e-05
7,0.5000000000,-28.1290184312,7.4427048182e-05
7,0.5000000000,-28.0990141449,7.4324295084e-05
7,0.5000000000,-28.0690098586,7.3929765221e-05
7,0.5000000000,-28.0390055722,7.3407989625e-05
7,0.5000000000,-28.0090012859,7.2987192953e-05
7,0.5000000000,-27.9789969996,7.2828397304e-05
7,0.5000000000,-27.9489927132,7.3005733433e-05
7,0.5000000000,-27.9189884269,7.3542091506e-05
7,0.5000000000,-27.8889841406,7.4443889340e-05
7,0.5000000000,-27.8589798543,7.5721048793e-05
7,0.5000000000,-27.8289755679,7.7396579849e-05
7,0.5000000000,-27.7989712816,7.9511625883e-05
7,0.5000000000,-27.7689669953,8.2129565535e-05
7,0.5000000000,-27.7389627090,8.5341082476e-05
7,0.5000000000,-27.7089584226,8.9271357618e-05
7,0.5000000000,-27.6789541363,9.4090325472e-05
7,0.5000000000,-27.6489498500,1.0002691510e-04
7,0.5000000000,-27.6189455637,1.0738800684e-04
7,0.5000000000,-27.5889412773,1.1658182053e-04
7,0.5000000000,-27.5589369910,1.2814206344e-04
7,0.5000000000,-27.5289327047,1.4273978079e-04
7,0.5000000000,-27.4989284183,1.6114678306e-04
7,0.5000000000,-27.4689241320,1.8406522654e-04
7,0.5000000000,-27.4389198457,2.1165806735e-04
7,0.5000000000,-27.4089155594,2.4257894532e-04
7,0.5000000000,-27.3789112730,2.7263352093e-04
7,0.5000000000,-27.3489069867,2.9440495824e-04
7,0.5000000000,-27.3189027004,3.0024168358e-04
7,0.5000000000,-27.2888984141,2.8792719246e-04
7,0.5000000000,-27.2588941277,2.6268090219e-04
7,0.5000000000,-27.2288898414,2.3270112797e-04
7,0.5000000000,-27.1988855551,2.0414223136e-04
7,0.5000000000,-27.1688812688,1.7982786458e-04
7,0.5000000000,-27.1388769824,1.6031744939e-04
7,0.5000000000,-27.1088726961,1.4515699752e-04
7,0.5000000000,-27.0788684098,1.3361581847e-04
7,0.5000000000,-27.0488641234,1.2500266905e-04
7,0.5000000000,-27.0188598371,1.1876396084e-04
7,0.5000000000,-26.9888555508,1.1448914703e-04
7,0.5000000000,-26.9588512645,1.1187582257e-04
7,0.5000000000,-26.9288469781,1.1066396236e-04
7,0.5000000000,-26.8988426918,1.1053006202e-04
7,0.5000000000,-26.8688384055,1.1095551833e-04
7,0.5000000000,-26.8388341192,1.1118572159e-04
7,0.5000000000,-26.8088298328,1.1048334134e-04
7,0.5000000000,-26.7788255465,1.0860587870e-04
7,0.5000000000,-26.7488212602,1.0595908767e-04
7,0.5000000000,-26.7188169739,1.0320453495e-04
7,0.5000000000,-26.6888126875,1.0083275169e-04
7,0.5000000000,-26.6588084012,9.9057934954e-05
7,0.5000000000,-26.6288041149,9.7909512720e-05
7,0.5000000000,-26.5987998285,9.7337250016e-05
7,0.5000000000,-26.5687955422,9.7272487575e-05
7,0.5000000000,-26.5387912559,9.7654117948e-05
7,0.5000000000,-26.5087869696,9.8436612756e-05
7,0.5000000000,-26.4787826832,9.9590910029e-05
7,0.5000000000,-26.4487783969,1.0110321505e-04
7,0.5000000000,-26.4187741106,1.0297373978e-04
7,0.5000000000,-26.3887698243,1.0521608806e-04
7,0.5000000000,-26.3587655379,1.0785745973e-04
7,0.5000000000,-26.3287612516,1.1093956355e-04
7,0.5000000000,-26.2987569653,1.1451973809e-04
7,0.5000000000,-26.2687526790,1.1867086214e-04
7,0.5000000000,-26.2387483926,1.2347651474e-04
7,0.5000000000,-26.2087441063,1.2901374493e-04
7,0.5000000000,-26.1787398200,1.3531093829e-04
7,0.5000000000,-26.1487355336,1.4227348329e-04
7,0.5000000000,-26.1187312473,1.4961537657e-04
7,0.5000000000,-26.0887269610,1.5692736106e-04
7,0.5000000000,-26.0587226747,1.6398376371e-04
7,0.5000000000,-26.0287183883,1.7104777257e-04
7,0.5000000000,-25.9987141020,1.7878700547e-04
7,0.5000000000,-25.9687098157,1.8793137524e-04
7,0.5000000000,-25.9387055294,1.9908385783e-04
7,0.5000000000,-25.9087012430,2.1275644099e-04
7,0.5000000000,-25.8786969567,2.2948501380e-04
7,0.5000000000,-25.8486926704,2.4993462964e-04
7,0.5000000000,-25.8186883841,2.7498530713e-04
7,0.5000000000,-25.7886840977,3.0580955438e-04
7,0.5000000000,-25.7586798114,3.4394140784e-04
7,0.5000000000,-25.7286755251,3.9130486688e-04
7,0.5000000000,-25.6986712387,4.5010200052e-04
7,0.5000000000,-25.6686669524,5.2232813739e-04
7,0.5000000000,-25.6386626661,6.0849353967e-04
7,0.5000000000,-25.6086583798,7.0515269212e-04
7,0.5000000000,-25.5786540934,8.0197936704e-04
7,0.5000000000,-25.5486498071,8.8213093673e-04
7,0.5000000000,-25.5186455208,9.3041885346e-04
7,0.5000000000,-25.4886412345,9.4426851208e-04
7,0.5000000000,-25.4586369481,9.3433850562e-04
7,0.5000000000,-25.4286326618,9.1593975782e-04
7,0.5000000000,-25.3986283755,9.0337174630e-04
7,0.5000000000,-25.3686240892,9.0855440316e-04
7,0.5000000000,-25.3386198028,9.4033403550e-04
7,0.5000000000,-25.3086155165,1.0038842441e-03
7,0.5000000000,-25.2786112302,1.0991440562e-03
7,0.5000000000,-25.2486069438,1.2167844276e-03
7,0.5000000000,-25.2186026575,1.3328696989e-03
7,0.5000000000,-25.1885983712,1.4098812214e-03
7,0.5000000000,-25.1585940849,1.4145529590e-03
7,0.5000000000,-25.1285897985,1.3435572027e-03
7,0.5000000000,-25.0985855122,1.2261552804e-03
7,0.5000000000,-25.0685812259,1.1001535326e-03
7,0.5000000000,-25.0385769396,9.9160187111e-04
7,0.5000000000,-25.0085726532,9.1211142476e-04
7,0.5000000000,-24.9785683669,8.6468115931e-04
7,0.5000000000,-24.9485640806,8.4922402268e-04
7,0.5000000000,-24.9185597943,8.6565390295e-04
7,0.5000000000,-24.8885555079,9.1515232832e-04
7,0.5000000000,-24.8585512216,1.0002715576e-03
7,0.5000000000,-24.8285469353,1.1238243326e-03
7,0.5000000000,-24.7985426489,1.2856769565e-03
7,0.5000000000,-24.7685383626,1.4761058711e-03
7,0.5000000000,-24.7385340763,1.6663671797e-03
7,0.5000000000,-24.7085297900,1.8050893261e-03
7,0.5000000000,-24.6785255036,1.8372745434e-03
7,0.5000000000,-24.6485212173,1.7436804422e-03
7,0.5000000000,-24.6185169310,1.5576502186e-03
7,0.5000000000,-24.5885126447,1.3359912499e-03
7,0.5000000000,-24.5585083583,1.1227870637e-03
7,0.5000000000,-24.5285040720,9.3878493503e-04
7,0.5000000000,-24.4984997857,7.8832685282e-04
7,0.5000000000,-24.4684954994,6.6821737506e-04
7,0.5000000000,-24.4384912130,5.7307614012e-04
7,0.5000000000,-24.4084869267,4.9766615793e-04
7,0.5000000000,-24.3784826404,4.3763415782e-04
7,0.5000000000,-24.3484783541,3.8959417438e-04
7,0.5000000000,-24.3184740677,3.5099417058e-04
7,0.5000000000,-24.2884697814,3.1993829005e-04
7,0.5000000000,-24.2584654951,2.9501586458e-04
7,0.5000000000,-24.2284612087,2.7513573165e-04
7,0.5000000000,-24.1984569224,2.5934758168e-04
7,0.5000000000,-24.1684526361,2.4666358729e-04
7,0.5000000000,-24.1384483498,2.3600127212e-04
7,0.5000000000,-24.1084440634,2.2642380141e-04
7,0.5000000000,-24.0784397771,2.1751704786e-04
7,0.5000000000,-24.0484354908,2.0932273706e-04
7,0.5000000000,-24.0184312045,2.0174693304e-04
7,0.5000000000,-23.9884269181,1.9417063396e-04
7,0.5000000000,-23.9584226318,1.8580972294e-04
7,0.5000000000,-23.9284183455,1.7646694556e-04
7,0.5000000000,-23.8984140592,1.6672460559e-04
7,0.5000000000,-23.8684097728,1.5739631701e-04
7,0.5000000000,-23.8384054865,1.4901404758e-04
7,0.5000000000,-23.8084012002,1.4174830083e-04
7,0.5000000000,-23.7783969138,1.3554918663e-04
7,0.5000000000,-23.7483926275,1.3028223089e-04
7,0.5000000000,-23.7183883412,1.2580192309e-04
7,0.5000000000,-23.6883840549,1.2198040695e-04
7,0.5000000000,-23.6583797685,1.1871442908e-04
7,0.5000000000,-23.6283754822,1.1592401225e-04
7,0.5000000000,-23.5983711959,1.1354889195e-04
7,0.5000000000,-23.5683669096,1.1154500800e-04
7,0.5000000000,-23.5383626232,1.0988176194e-04
7,0.5000000000,-23.5083583369,1.0854017096e-04
7,0.5000000000,-23.4783540506,1.0751188187e-04
7,0.5000000000,-23.4483497643,1.0679900077e-04
7,0.5000000000,-23.4183454779,1.0641474508e-04
7,0.5000000000,-23.3883411916,1.0638499987e-04
7,0.5000000000,-23.3583369053,1.0675094897e-04
7,0.5000000000,-23.3283326189,1.0757304358e-04
7,0.5000000000,-23.2983283326,1.0893664440e-04
7,0.5000000000,-23.2683240463,1.1095964535e-04
7,0.5000000000,-23.2383197600,1.1380203917e-04
7,0.5000000000,-23.2083154736,1.1767614206e-04
7,0.5000000000,-23.1783111873,1.2285268222e-04
7,0.5000000000,-23.1483069010,1.2964919592e-04
7,0.5000000000,-23.1183026147,1.3836805287e-04
7,0.5000000000,-23.0882983283,1.4911886588e-04
7,0.5000000000,-23.0582940420,1.6143811348e-04
7,0.5000000000,-23.0282897557,1.7372780665e-04
7,0.5000000000,-22.9982854694,1.8299401647e-04
7,0.5000000000,-22.9682811830,1.8589628332e-04
7,0.5000000000,-22.9382768967,1.8111077151e-04
7,0.5000000000,-22.9082726104,1.7050882116e-04
7,0.5000000000,-22.8782683240,1.5752419887e-04
7,0.5000000000,-22.8482640377,1.4491143779e-04
7,0.5000000000,-22.8182597514,1.3401013638e-04
7,0.5000000000,-22.7882554651,1.2513223393e-04
7,0.5000000000,-22.7582511787,1.1810609278e-04
7,0.5000000000,-22.7282468924,1.1261348019e-04
7,0.5000000000,-22.6982426061,1.0833864289e-04
7,0.5000000000,-22.6682383198,1.0501685162e-04
7,0.5000000000,-22.6382340334,1.0244083406e-04
7,0.5000000000,-22.6082297471,1.0045311096e-04
7,0.5000000000,-22.5782254608,9.8935520218e-05
7,0.5000000000,-22.5482211745,9.7799770319e-05
7,0.5000000000,-22.5182168881,9.6979941406e-05
7,0.5000000000,-22.4882126018,9.6426844936e-05
7,0.5000000000,-22.4582083155,9.6103885998e-05
7,0.5000000000,-22.4282040291,9.5984064123e-05
7,0.5000000000,-22.3981997428,9.6047813749e-05
7,0.5000000000,-22.3681954565,9.6281458967e-05
7,0.5000000000,-22.3381911702,9.6676119471e-05
7,0.5000000000,-22.3081868838,9.7226952506e-05
7,0.5000000000,-22.2781825975,9.7932651008e-05
7,0.5000000000,-22.2481783112,9.8795144177e-05
7,0.5000000000,-22.2181740249,9.9819466041e-05
7,0.5000000000,-22.1881697385,1.0101377251e-04
7,0.5000000000,-22.1581654522,1.0238949964e-04
7,0.5000000000,-22.1281611659,1.0396166664e-04
7,0.5000000000,-22.0981568796,1.0574933818e-04
7,0.5000000000,-22.0681525932,1.0777627209e-04
7,0.5000000000,-22.0381483069,1.1007179294e-04
7,0.5000000000,-22.0081440206,1.1267194981e-04
7,0.5000000000,-21.9781397342,1.1562104045e-04
7,0.5000000000,-21.9481354479,1.1897361654e-04
7,0.5000000000,-21.9181311616,1.2279712935e-04
7,0.5000000000,-21.8881268753,1.2717543836e-04
7,0.5000000000,-21.8581225889,1.3221349313e-04
7,0.5000000000,-21.8281183026,1.3804362281e-04
7,0.5000000000,-21.7981140163,1.4483403949e-04
7,0.5000000000,-21.7681097300,1.5280039464e-04
7,0.5000000000,-21.7381054436,1.6222152713e-04
7,0.5000000000,-21.7081011573,1.7346087997e-04
7,0.5000000000,-21.6780968710,1.8699531524e-04
7,0.5000000000,-21.6480925847,2.0345282896e-04
7,0.5000000000,-21.6180882983,2.2365887675e-04
7,0.5000000000,-21.5880840120,2.4868490517e-04
7,0.5000000000,-21.5580797257,2.7987573941e-04
7,0.5000000000,-21.5280754393,3.1879116664e-04
7,0.5000000000,-21.4980711530,3.6691064951e-04
7,0.5000000000,-21.4680668667,4.2481856555e-04
7,0.5000000000,-21.4380625804,4.9056459793e-04
7,0.5000000000,-21.4080582940,5.5756788471e-04
7,0.5000000000,-21.3780540077,6.1447616463e-04
7,0.5000000000,-21.3480497214,6.5045436167e-04
7,0.5000000000,-21.3180454351,6.6314143774e-04
7,0.5000000000,-21.2880411487,6.5884809675e-04
7,0.5000000000,-21.2580368624,6.4399712127e-04
7,0.5000000000,-21.2280325761,6.2027861646e-04
7,0.5000000000,-21.1980282898,5.8891839125e-04
7,0.5000000000,-21.1680240034,5.5550244593e-04
7,0.5000000000,-21.1380197171,5.2819453841e-04
7,0.5000000000,-21.1080154308,5.1330524050e-04
7,0.5000000000,-21.0780111444,5.1325188274e-04
7,0.5000000000,-21.0480068581,5.2616532963e-04
7,0.5000000000,-21.0180025718,5.4517525806e-04
7,0.5000000000,-20.9879982855,5.5833769631e-04
7,0.5000000000,-20.9579939991,5.5283660797e-04
7,0.5000000000,-20.9279897128,5.2343054042e-04
7,0.5000000000,-20.8979854265,4.7630077934e-04
7,0.5000000000,-20.8679811402,4.2302668608e-04
7,0.5000000000,-20.8379768538,3.7275228017e-04
7,0.5000000000,-20.8079725675,3.2974024802e-04
7,0.5000000000,-20.7779682812,2.9477186047e-04
7,0.5000000000,-20.7479639949,2.6703028607e-04
7,0.5000000000,-20.7179597085,2.4524877725e-04
7,0.5000000000,-20.6879554222,2.2821006070e-04
7,0.5000000000,-20.6579511359,2.1490275188e-04
7,0.5000000000,-20.6279468495,2.0453586974e-04
7,0.5000000000,-20.5979425632,1.9650704517e-04
7,0.5000000000,-20.5679382769,1.9036257709e-04
7,0.5000000000,-20.5379339906,1.8576209332e-04
7,0.5000000000,-20.5079297042,1.8245067355e-04
7,0.5000000000,-20.4779254179,1.8023792552e-04
7,0.5000000000,-20.4479211316,1.7898265393e-04
7,0.5000000000,-20.4179168453,1.7858177695e-04
7,0.5000000000,-20.3879125589,1.7896240204e-04
7,0.5000000000,-20.3579082726,1.8007624941e-04
7,0.5000000000,-20.3279039863,1.8189584570e-04
7,0.5000000000,-20.2978997000,1.8441209336e-04
7,0.5000000000,-20.2678954136,1.8763296117e-04
7,0.5000000000,-20.2378911273,1.9158315130e-04
7,0.5000000000,-20.2078868410,1.9630468706e-04
7,0.5000000000,-20.1778825547,2.0185844014e-04
7,0.5000000000,-20.1478782683,2.0832667385e-04
7,0.5000000000,-20.1178739820,2.1581669813e-04
7,0.5000000000,-20.0878696957,2.2446564727e-04
7,0.5000000000,-20.0578654093,2.3444602682e-04
7,0.5000000000,-20.0278611230,2.4597062734e-04
7,0.5000000000,-19.9978568367,2.5929285137e-04
7,0.5000000000,-19.9678525504,2.7469335420e-04
7,0.5000000000,-19.9378482640,2.9243702509e-04
7,0.5000000000,-19.9078439777,3.1268773257e-04
7,0.5000000000,-19.8778396914,3.3542002969e-04
7,0.5000000000,-19.8478354051,3.6049191299e-04
7,0.5000000000,-19.8178311187,3.8805437445e-04
7,0.5000000000,-19.7878268324,4.1905171630e-04
7,0.5000000000,-19.7578225461,4.5524713116e-04
7,0.5000000000,-19.7278182598,4.9883496825e-04
7,0.5000000000,-19.6978139734,5.5222688749e-04
7,0.5000000000,-19.6678096871,6.1820104622e-04
7,0.5000000000,-19.6378054008,7.0023288847e-04
7,0.5000000000,-19.6078011144,8.0286548754e-04
7,0.5000000000,-19.5777968281,9.3206886489e-04
7,0.5000000000,-19.5477925418,1.0955003412e-03
7,0.5000000000,-19.5177882555,1.3023729464e-03
7,0.5000000000,-19.4877839691,1.5621648394e-03
7,0.5000000000,-19.4577796828,1.8805290898e-03
7,0.5000000000,-19.4277753965,2.2498477395e-03
7,0.5000000000,-19.3977711102,2.6334675270e-03
7,0.5000000000,-19.3677668238,2.9530525704e-03
7,0.5000000000,-19.3377625375,3.1066826036e-03
7,0.5000000000,-19.3077582512,3.0328764151e-03
7,0.5000000000,-19.2777539649,2.7635725334e-03
7,0.5000000000,-19.2477496785,2.3954737477e-03
7,0.5000000000,-19.2177453922,2.0195745162e-03
7,0.5000000000,-19.1877411059,1.6862431410e-03
7,0.5000000000,-19.1577368195,1.4110751355e-03
7,0.5000000000,-19.1277325332,1.1915586695e-03
7,0.5000000000,-19.0977282469,1.0188452820e-03
7,0.5000000000,-19.0677239606,8.8337040998e-04
7,0.5000000000,-19.0377196742,7.7686375970e-04
7,0.5000000000,-19.0077153879,6.9275994310e-04
7,0.5000000000,-18.9777111016,6.2603605558e-04
7,0.5000000000,-18.9477068153,5.7290715184e-04
7,0.5000000000,-18.9177025289,5.3053398166e-04
7,0.5000000000,-18.8876982426,4.9678536788e-04
7,0.5000000000,-18.8576939563,4.7005743555e-04
7,0.5000000000,-18.8276896700,4.4914014979e-04
7,0.5000000000,-18.7976853836,4.3312010826e-04
7,0.5000000000,-18.7676810973,4.2131016278e-04
7,0.5000000000,-18.7376768110,4.1319863970e-04
7,0.5000000000,-18.7076725246,4.0841287527e-04
7,0.5000000000,-18.6776682383,4.0669330433e-04
7,0.5000000000,-18.6476639520,4.0787547416e-04
7,0.5000000000,-18.6176596657,4.1187818651e-04
7,0.5000000000,-18.5876553793,4.1869658570e-04
7,0.5000000000,-18.5576510930,4.2839947853e-04
7,0.5000000000,-18.5276468067,4.4113055038e-04
7,0.5000000000,-18.4976425204,4.5711347343e-04
7,0.5000000000,-18.4676382340,4.7666122813e-04
7,0.5000000000,-18.4376339477,5.0019031422e-04
7,0.5000000000,-18.4076296614,5.2824095424e-04
7,0.5000000000,-18.3776253751,5.6150494109e-04
7,0.5000000000,-18.3476210887,6.0086351769e-04
7,0.5000000000,-18.3176168024,6.4743869188e-04
7,0.5000000000,-18.2876125161,7.0266280360e-04
7,0.5000000000,-18.2576082297,7.6837313447e-04
7,0.5000000000,-18.2276039434,8.4694106861e-04
7,0.5000000000,-18.1975996571,9.4144894457e-04
7,0.5000000000,-18.1675953708,1.0559322465e-03
7,0.5000000000,-18.1375910844,1.1957094388e-03
7,0.5000000000,-18.1075867981,1.3678237864e-03
7,0.5000000000,-18.0775825118,1.5816127499e-03
7,0.5000000000,-18.0475782255,1.8493791601e-03
7,0.5000000000,-18.0175739391,2.1870101427e-03
7,0.5000000000,-17.9875696528,2.6140510080e-03
7,0.5000000000,-17.9575653665,3.1519515114e-03
7,0.5000000000,-17.9275610802,3.8176660438e-03
7,0.5000000000,-17.8975567938,4.6078812911e-03
7,0.5000000000,-17.8675525075,5.4705612169e-03
7,0.5000000000,-17.8375482212,6.2754529579e-03
7,0.5000000000,-17.8075439348,6.8261625004e-03
7,0.5000000000,-17.7775396485,6.9513095205e-03
7,0.5000000000,-17.7475353622,6.6147951336e-03
7,0.5000000000,-17.7175310759,5.9326906056e-03
7,0.5000000000,-17.6875267895,5.0925200049e-03
7,0.5000000000,-17.6575225032,4.2573620059e-03
7,0.5000000000,-17.6275182169,3.5193918590e-03
7,0.5000000000,-17.5975139306,2.9077760690e-03
7,0.5000000000,-17.5675096442,2.4165431435e-03
7,0.5000000000,-17.5375053579,2.0266963447e-03
7,0.5000000000,-17.5075010716,1.7176161099e-03
7,0.5000000000,-17.4774967853,1.4713613938e-03
7,0.5000000000,-17.4474924989,1.2736123022e-03
7,0.5000000000,-17.4174882126,1.1133574453e-03
7,0.5000000000,-17.3874839263,9.8225332409e-04
7,0.5000000000,-17.3574796399,8.7399860128e-04
7,0.5000000000,-17.3274753536,7.8382105438e-04
7,0.5000000000,-17.2974710673,7.0808499814e-04
7,0.5000000000,-17.2674667810,6.4399985117e-04
7,0.5000000000,-17.2374624946,5.8940645736e-04
7,0.5000000000,-17.2074582083,5.4262093535e-04
7,0.5000000000,-17.1774539220,5.0232040741e-04
7,0.5000000000,-17.1474496357,4.6745907793e-04
7,0.5000000000,-17.1174453493,4.3720636254e-04
7,0.5000000000,-17.0874410630,4.1090116642e-04
7,0.5000000000,-17.0574367767,3.8801814887e-04
7,0.5000000000,-17.0274324904,3.6814306916e-04
7,0.5000000000,-16.9974282040,3.5095522997e-04
7,0.5000000000,-16.9674239177,3.3621573112e-04
7,0.5000000000,-16.9374196314,3.2376079911e-04
7,0.5000000000,-16.9074153450,3.1349992411e-04
7,0.5000000000,-16.8774110587,3.0541894238e-04
7,0.5000000000,-16.8474067724,2.9958851885e-04
7,0.5000000000,-16.8174024861,2.9617855049e-04
7,0.5000000000,-16.7873981997,2.9547833514e-04
7,0.5000000000,-16.7573939134,2.9791963554e-04
7,0.5000000000,-16.7273896271,3.0409186173e-04
7,0.5000000000,-16.6973853408,3.1471856559e-04
7,0.5000000000,-16.6673810544,3.3051993667e-04
7,0.5000000000,-16.6373767681,3.5180723596e-04
7,0.5000000000,-16.6073724818,3.7758916963e-04
7,0.5000000000,-16.5773681955,4.0418341685e-04
7,0.5000000000,-16.5473639091,4.2437137147e-04
7,0.5000000000,-16.5173596228,4.2958320130e-04
7,0.5000000000,-16.4873553365,4.1568058317e-04
7,0.5000000000,-16.4573510502,3.8657564874e-04
7,0.5000000000,-16.4273467638,3.5074851369e-04
7,0.5000000000,-16.3973424775,3.1542663917e-04
7,0.5000000000,-16.3673381912,2.8430382713e-04
7,0.5000000000,-16.3373339048,2.5834639430e-04
7,0.5000000000,-16.3073296185,2.3718564068e-04
7,0.5000000000,-16.2773253322,2.2002315613e-04
7,0.5000000000,-16.2473210459,2.0604333604e-04
7,0.5000000000,-16.2173167595,1.9455299358e-04
7,0.5000000000,-16.1873124732,1.8500411818e-04
7,0.5000000000,-16.1573081869,1.7697640011e-04
7,0.5000000000,-16.1273039006,1.7015088693e-04
7,0.5000000000,-16.0972996142,1.6428567465e-04
7,0.5000000000,-16.0672953279,1.5919640329e-04
7,0.5000000000,-16.0372910416,1.5474147592e-04
7,0.5000000000,-16.0072867553,1.5081113154e-04
7,0.5000000000,-15.9772824689,1.4731944187e-04
7,0.5000000000,-15.9472781826,1.4419845664e-04
7,0.5000000000,-15.9172738963,1.4139390612e-04
7,0.5000000000,-15.8872696099,1.3886202777e-04
7,0.5000000000,-15.8572653236,1.3656720577e-04
7,0.5000000000,-15.8272610373,1.3448020063e-04
7,0.5000000000,-15.7972567510,1.3257681021e-04
7,0.5000000000,-15.7672524646,1.3083684818e-04
7,0.5000000000,-15.7372481783,1.2924335816e-04
7,0.5000000000,-15.7072438920,1.2778200401e-04
7,0.5000000000,-15.6772396057,1.2644059311e-04
7,0.5000000000,-15.6472353193,1.2520870072e-04
7,0.5000000000,-15.6172310330,1.2407737183e-04
7,0.5000000000,-15.5872267467,1.2303888286e-04
7,0.5000000000,-15.5572224604,1.2208655010e-04
7,0.5000000000,-15.5272181740,1.2121457459e-04
7,0.5000000000,-15.4972138877,1.2041791611e-04
7,0.5000000000,-15.4672096014,1.1969219013e-04
7,0.5000000000,-15.4372053150,1.1903358329e-04
7,0.5000000000,-15.4072010287,1.1843878391e-04
7,0.5000000000,-15.3771967424,1.1790492466e-04
7,0.5000000000,-15.3471924561,1.1742953530e-04
7,0.5000000000,-15.3171881697,1.1701050377e-04
7,0.5000000000,-15.2871838834,1.1664604429e-04
7,0.5000000000,-15.2571795971,1.1633467131e-04
7,0.5000000000,-15.2271753108,1.1607517861e-04
7,0.5000000000,-15.1971710244,1.1586662282e-04
7,0.5000000000,-15.1671667381,1.1570831080e-04
7,0.5000000000,-15.1371624518,1.1559979054e-04
7,0.5000000000,-15.1071581655,1.1554084535e-04
7,0.5000000000,-15.0771538791,1.1553149101e-04
7,0.5000000000,-15.0471495928,1.1557197578e-04
7,0.5000000000,-15.0171453065,1.1566278341e-04
7,0.5000000000,-14.9871410201,1.1580463885e-04
7,0.5000000000,-14.9571367338,1.1599851697e-04
7,0.5000000000,-14.9271324475,1.1624565447e-04
7,0.5000000000,-14.8971281612,1.1654756494e-04
7,0.5000000000,-14.8671238748,1.1690605770e-04
7,0.5000000000,-14.8371195885,1.1732326059e-04
7,0.5000000000,-14.8071153022,1.1780164725e-04
7,0.5000000000,-14.7771110159,1.1834406959e-04
7,0.5000000000,-14.7471067295,1.1895379605e-04
7,0.5000000000,-14.7171024432,1.1963455669e-04
7,0.5000000000,-14.6870981569,1.2039059620e-04
7,0.5000000000,-14.6570938706,1.2122673612e-04
7,0.5000000000,-14.6270895842,1.2214844806e-04
7,0.5000000000,-14.5970852979,1.2316193992e-04
7,0.5000000000,-14.5670810116,1.2427425759e-04
7,0.5000000000,-14.5370767252,1.2549340532e-04
7,0.5000000000,-14.5070724389,1.2682848853e-04
7,0.5000000000,-14.4770681526,1.2828988397e-04
7,0.5000000000,-14.4470638663,1.2988944314e-04
7,0.5000000000,-14.4170595799,1.3164073659e-04
7,0.5000000000,-14.3870552936,1.3355934867e-04
7,0.5000000000,-14.3570510073,1.3566323482e-04
7,0.5000000000,-14.3270467210,1.3797315718e-04
7,0.5000000000,-14.2970424346,1.4051321844e-04
7,0.5000000000,-14.2670381483,1.4331152017e-04
7,0.5000000000,-14.2370338620,1.4640097965e-04
7,0.5000000000,-14.2070295757,1.4982035029e-04
7,0.5000000000,-14.1770252893,1.5361550509e-04
7,0.5000000000,-14.1470210030,1.5784106307e-04
7,0.5000000000,-14.1170167167,1.6256246593e-04
7,0.5000000000,-14.0870124303,1.6785865103e-04
7,0.5000000000,-14.0570081440,1.7382552029e-04
7,0.5000000000,-14.0270038577,1.8058048029e-04
7,0.5000000000,-13.9969995714,1.8826843540e-04
7,0.5000000000,-13.9669952850,1.9706976624e-04
7,0.5000000000,-13.9369909987,2.0721103726e-04
7,0.5000000000,-13.9069867124,2.1897947168e-04
7,0.5000000000,-13.8769824261,2.3274262961e-04
7,0.5000000000,-13.8469781397,2.4897523330e-04
7,0.5000000000,-13.8169738534,2.6829564728e-04
7,0.5000000000,-13.7869695671,2.9151490695e-04
7,0.5000000000,-13.7569652808,3.1970067208e-04
7,0.5000000000,-13.7269609944,3.5425507581e-04
7,0.5000000000,-13.6969567081,3.9699409655e-04
7,0.5000000000,-13.6669524218,4.5018485159e-04
7,0.5000000000,-13.6369481354,5.1642096068e-04
7,0.5000000000,-13.6069438491,5.9805492938e-04
7,0.5000000000,-13.5769395628,6.9565248805e-04
7,0.5000000000,-13.5469352765,8.0485037327e-04
7,0.5000000000,-13.5169309901,9.1217544430e-04
7,0.5000000000,-13.4869267038,9.9432172261e-04
7,0.5000000000,-13.4569224175,1.0283512327e-03
7,0.5000000000,-13.4269181312,1.0095385195e-03
7,0.5000000000,-13.3969138448,9.5642098953e-04
7,0.5000000000,-13.3669095585,8.9608170050e-04
7,0.5000000000,-13.3369052722,8.4900852526e-04
7,0.5000000000,-13.3069009859,8.2587259489e-04
7,0.5000000000,-13.2768966995,8.3124458211e-04
7,0.5000000000,-13.2468924132,8.6762606889e-04
7,0.5000000000,-13.2168881269,9.3773001048e-04
7,0.5000000000,-13.1868838405,1.0450696362e-03
7,0.5000000000,-13.1568795542,1.1927936665e-03
7,0.5000000000,-13.1268752679,1.3798509774e-03
7,0.5000000000,-13.0968709816,1.5932198202e-03
7,0.5000000000,-13.0668666952,1.7978698596e-03
7,0.5000000000,-13.0368624089,1.9357367590e-03
7,0.5000000000,-13.0068581226,1.9512695003e-03
7,0.5000000000,-12.9768538363,1.8336075237e-03
7,0.5000000000,-12.9468495499,1.6260475508e-03
7,0.5000000000,-12.9168452636,1.3894820825e-03
7,0.5000000000,-12.8868409773,1.1670852909e-03
7,0.5000000000,-12.8568366910,9.7744995661e-04
7,0.5000000000,-12.8268324046,8.2329879761e-04
7,0.5000000000,-12.7968281183,7.0051042321e-04
7,0.5000000000,-12.7668238320,6.0321129894e-04
7,0.5000000000,-12.7368195456,5.2588745383e-04
7,0.5000000000,-12.7068152593,4.6400509399e-04
7,0.5000000000,-12.6768109730,4.1403557803e-04
7,0.5000000000,-12.6468066867,3.7329463349e-04
7,0.5000000000,-12.6168024003,3.3975518447e-04
7,0.5000000000,-12.5867981140,3.1188523961e-04
7,0.5000000000,-12.5567938277,2.8852102963e-04
7,0.5000000000,-12.5267895414,2.6877193013e-04
7,0.5000000000,-12.4967852550,2.5195050968e-04
7,0.5000000000,-12.4667809687,2.3752137932e-04
7,0.5000000000,-12.4367766824,2.2506377173e-04
7,0.5000000000,-12.4067723961,2.1424404945e-04
7,0.5000000000,-12.3767681097,2.0479537984e-04
7,0.5000000000,-12.3467638234,1.9650259615e-04
7,0.5000000000,-12.3167595371,1.8919083043e-04
7,0.5000000000,-12.2867552508,1.8271690798e-04
7,0.5000000000,-12.2567509644,1.7696277825e-04
7,0.5000000000,-12.2267466781,1.7183045957e-04
7,0.5000000000,-12.1967423918,1.6723811781e-04
7,0.5000000000,-12.1667381054,1.6311700151e-04
7,0.5000000000,-12.1367338191,1.5940902858e-04
7,0.5000000000,-12.1067295328,1.5606487266e-04
7,0.5000000000,-12.0767252465,1.5304243558e-04
7,0.5000000000,-12.0467209601,1.5030561993e-04
7,0.5000000000,-12.0167166738,1.4782333688e-04
7,0.5000000000,-11.9867123875,1.4556869935e-04
7,0.5000000000,-11.9567081012,1.4351836233e-04
7,0.5000000000,-11.9267038148,1.4165198048e-04
7,0.5000000000,-11.8966995285,1.3995176009e-04
7,0.5000000000,-11.8666952422,1.3840208695e-04
7,0.5000000000,-11.8366909559,1.3698921611e-04
7,0.5000000000,-11.8066866695,1.3570101178e-04
7,0.5000000000,-11.7766823832,1.3452672866e-04
7,0.5000000000,-11.7466780969,1.3345682709e-04
7,0.5000000000,-11.7166738105,1.3248281636e-04
7,0.5000000000,-11.6866695242,1.3159712132e-04
7,0.5000000000,-11.6566652379,1.3079296845e-04
7,0.5000000000,-11.6266609516,1.3006428818e-04
7,0.5000000000,-11.5966566652,1.2940563100e-04
7,0.5000000000,-11.5666523789,1.2881209494e-04
7,0.5000000000,-11.5366480926,1.2827926299e-04
7,0.5000000000,-11.5066438063,1.2780314876e-04
7,0.5000000000,-11.4766395199,1.2738014912e-04
7,0.5000000000,-11.4466352336,1.2700700305e-04
7,0.5000000000,-11.4166309473,1.2668075555e-04
7,0.5000000000,-11.3866266610,1.2639872603e-04
7,0.5000000000,-11.3566223746,1.2615848056e-04
7,0.5000000000,-11.3266180883,1.2595780744e-04
7,0.5000000000,-11.2966138020,1.2579469564e-04
7,0.5000000000,-11.2666095156,1.2566731576e-04
7,0.5000000000,-11.2366052293,1.2557400313e-04
7,0.5000000000,-11.2066009430,1.2551324286e-04
7,0.5000000000,-11.1765966567,1.2548365655e-04
7,0.5000000000,-11.1465923703,1.2548399045e-04
7,0.5000000000,-11.1165880840,1.2551310494e-04
7,0.5000000000,-11.0865837977,1.2556996509e-04
7,0.5000000000,-11.0565795114,1.2565363226e-04
7,0.5000000000,-11.0265752250,1.2576325664e-04
7,0.5000000000,-10.9965709387,1.2589807047e-04
7,0.5000000000,-10.9665666524,1.2605738208e-04
7,0.5000000000,-10.9365623661,1.2624057044e-04
7,0.5000000000,-10.9065580797,1.2644708039e-04
7,0.5000000000,-10.8765537934,1.2667641829e-04
7,0.5000000000,-10.8465495071,1.2692814814e-04
7,0.5000000000,-10.8165452207,1.2720188813e-04
7,0.5000000000,-10.7865409344,1.2749730756e-04
7,0.5000000000,-10.7565366481,1.2781412403e-04
7,0.5000000000,-10.7265323618,1.2815210102e-04
7,0.5000000000,-10.6965280754,1.2851104567e-04
7,0.5000000000,-10.6665237891,1.2889080689e-04
7,0.5000000000,-10.6365195028,1.2929127362e-04
7,0.5000000000,-10.6065152165,1.2971237335e-04
7,0.5000000000,-10.5765109301,1.3015407084e-04
7,0.5000000000,-10.5465066438,1.3061636699e-04
7,0.5000000000,-10.5165023575,1.3109929793e-04
7,0.5000000000,-10.4864980712,1.3160293422e-04
7,0.5000000000,-10.4564937848,1.3212738019e-04
7,0.5000000000,-10.4264894985,1.3267277352e-04
7,0.5000000000,-10.3964852122,1.3323928485e-04
7,0.5000000000,-10.3664809258,1.3382711756e-04
7,0.5000000000,-10.3364766395,1.3443650765e-04
7,0.5000000000,-10.3064723532,1.3506772385e-04
7,0.5000000000,-10.2764680669,1.3572106764e-04
7,0.5000000000,-10.2464637805,1.3639687363e-04
7,0.5000000000,-10.2164594942,1.3709550986e-04
7,0.5000000000,-10.1864552079,1.3781737831e-04
7,0.5000000000,-10.1564509216,1.3856291552e-04
7,0.5000000000,-10.1264466352,1.3933259330e-04
7,0.5000000000,-10.0964423489,1.4012691955e-04
7,0.5000000000,-10.0664380626,1.4094643926e-04
7,0.5000000000,-10.0364337763,1.4179173557e-04
7,0.5000000000,-10.0064294899,1.4266343096e-04
7,0.5000000000,-9.9764252036,1.4356218861e-04
7,0.5000000000,-9.9464209173,1.4448871390e-04
7,0.5000000000,-9.9164166309,1.4544375595e-04
7,0.5000000000,-9.8864123446,1.4642810947e-04
7,0.5000000000,-9.8564080583,1.4744261663e-04
7,0.5000000000,-9.8264037720,1.4848816917e-04
7,0.5000000000,-9.7963994856,1.4956571066e-04
7,0.5000000000,-9.7663951993,1.5067623894e-04
7,0.5000000000,-9.7363909130,1.5182080878e-04
7,0.5000000000,-9.7063866267,1.5300053472e-04
7,0.5000000000,-9.6763823403,1.5421659416e-04
7,0.5000000000,-9.6463780540,1.5547023070e-04
7,0.5000000000,-9.6163737677,1.5676275768e-04
7,0.5000000000,-9.5863694814,1.5809556206e-04
7,0.5000000000,-9.5563651950,1.5947010859e-04
7,0.5000000000,-9.5263609087,1.6088794426e-04
7,0.5000000000,-9.4963566224,1.6235070313e-04
7,0.5000000000,-9.4663523360,1.6386011154e-04
7,0.5000000000,-9.4363480497,1.6541799371e-04
7,0.5000000000,-9.4063437634,1.6702627775e-04
7,0.5000000000,-9.3763394771,1.6868700223e-04
7,0.5000000000,-9.3463351907,1.7040232319e-04
7,0.5000000000,-9.3163309044,1.7217452171e-04
7,0.5000000000,-9.2863266181,1.7400601217e-04
7,0.5000000000,-9.2563223318,1.7589935108e-04
7,0.5000000000,-9.2263180454,1.7785724670e-04
7,0.5000000000,-9.1963137591,1.7988256941e-04
7,0.5000000000,-9.1663094728,1.8197836302e-04
7,0.5000000000,-9.1363051865,1.8414785693e-04
7,0.5000000000,-9.1063009001,1.8639447937e-04
7,0.5000000000,-9.0762966138,1.8872187186e-04
7,0.5000000000,-9.0462923275,1.9113390475e-04
7,0.5000000000,-9.0162880411,1.9363469431e-04
7,0.5000000000,-8.9862837548,1.9622862126e-04
7,0.5000000000,-8.9562794685,1.9892035090e-04
7,0.5000000000,-8.9262751822,2.0171485525e-04
7,0.5000000000,-8.8962708958,2.0461743705e-04
7,0.5000000000,-8.8662666095,2.0763375612e-04
7,0.5000000000,-8.8362623232,2.1076985819e-04
7,0.5000000000,-8.8062580369,2.1403220650e-04
7,0.5000000000,-8.7762537505,2.1742771640e-04
7,0.5000000000,-8.7462494642,2.2096379350e-04
7,0.5000000000,-8.7162451779,2.2464837551e-04
7,0.5000000000,-8.6862408916,2.2848997837e-04
7,0.5000000000,-8.6562366052,2.3249774712e-04
7,0.5000000000,-8.6262323189,2.3668151207e-04
7,0.5000000000,-8.5962280326,2.4105185091e-04
7,0.5000000000,-8.5662237462,2.4562015748e-04
7,0.5000000000,-8.5362194599,2.5039871807e-04
7,0.5000000000,-8.5062151736,2.5540079614e-04
7,0.5000000000,-8.4762108873,2.6064072656e-04
7,0.5000000000,-8.4462066009,2.6613402064e-04
7,0.5000000000,-8.4162023146,2.7189748334e-04
7,0.5000000000,-8.3861980283,2.7794934433e-04
7,0.5000000000,-8.3561937420,2.8430940474e-04
7,0.5000000000,-8.3261894556,2.9099920184e-04
7,0.5000000000,-8.2961851693,2.9804219421e-04
7,0.5000000000,-8.2661808830,3.0546397020e-04
7,0.5000000000,-8.2361765967,3.1329248333e-04
7,0.5000000000,-8.2061723103,3.2155831838e-04
7,0.5000000000,-8.1761680240,3.3029499312e-04
7,0.5000000000,-8.1461637377,3.3953930091e-04
7,0.5000000000,-8.1161594514,3.4933170089e-04
7,0.5000000000,-8.0861551650,3.5971676318e-04
7,0.5000000000,-8.0561508787,3.7074367831e-04
7,0.5000000000,-8.0261465924,3.8246684146e-04
7,0.5000000000,-7.9961423060,3.9494652450e-04
7,0.5000000000,-7.9661380197,4.0824965084e-04
7,0.5000000000,-7.9361337334,4.2245069179e-04
7,0.5000000000,-7.9061294471,4.3763270620e-04
7,0.5000000000,-7.8761251607,4.5388855030e-04
7,0.5000000000,-7.8461208744,4.7132228994e-04
7,0.5000000000,-7.8161165881,4.9005085482e-04
7,0.5000000000,-7.7861123018,5.1020598291e-04
7,0.5000000000,-7.7561080154,5.3193651416e-04
7,0.5000000000,-7.7261037291,5.5541110689e-04
7,0.5000000000,-7.6960994428,5.8082146721e-04
7,0.5000000000,-7.6660951565,6.0838620466e-04
7,0.5000000000,-7.6360908701,6.3835545519e-04
7,0.5000000000,-7.6060865838,6.7101644980e-04
7,0.5000000000,-7.5760822975,7.0670025383e-04
7,0.5000000000,-7.5460780111,7.4578996394e-04
7,0.5000000000,-7.5160737248,7.8873073010e-04
7,0.5000000000,-7.4860694385,8.3604207583e-04
7,0.5000000000,-7.4560651522,8.8833313081e-04
7,0.5000000000,-7.4260608658,9.4632157744e-04
7,0.5000000000,-7.3960565795,1.0108573653e-03
7,0.5000000000,-7.3660522932,1.0829525891e-03
7,0.5000000000,-7.3360480069,1.1638193920e-03
7,0.5000000000,-7.3060437205,1.2549183951e-03
7,0.5000000000,-7.2760394342,1.3580210425e-03
7,0.5000000000,-7.2460351479,1.4752904812e-03
7,0.5000000000,-7.2160308616,1.6093873292e-03
7,0.5000000000,-7.1860265752,1.7636091195e-03
7,0.5000000000,-7.1560222889,1.9420756568e-03
7,0.5000000000,-7.1260180026,2.1499773978e-03
7,0.5000000000,-7.0960137162,2.3939108405e-03
7,0.5000000000,-7.0660094299,2.6823344660e-03
7,0.5000000000,-7.0360051436,3.0261917179e-03
7,0.5000000000,-7.0060008573,3.4397639951e-03
7,0.5000000000,-6.9759965709,3.9418348452e-03
7,0.5000000000,-6.9459922846,4.5572586291e-03
7,0.5000000000,-6.9159879983,5.3190086654e-03
7,0.5000000000,-6.8859837120,6.2706650808e-03
7,0.5000000000,-6.8559794256,7.4689231279e-03
7,0.5000000000,-6.8259751393,8.9846609942e-03
7,0.5000000000,-6.7959708530,1.0898566550e-02
7,0.5000000000,-6.7659665667,1.3281961693e-02
7,0.5000000000,-6.7359622803,1.6145039861e-02
7,0.5000000000,-6.7059579940,1.9332065172e-02
7,0.5000000000,-6.6759537077,2.2382436349e-02
7,0.5000000000,-6.6459494213,2.4507391998e-02
7,0.5000000000,-6.6159451350,2.4929071971e-02
7,0.5000000000,-6.5859408487,2.3469473211e-02
7,0.5000000000,-6.5559365624,2.0711311160e-02
7,0.5000000000,-6.5259322760,1.7505646853e-02
7,0.5000000000,-6.4959279897,1.4468733975e-02
7,0.5000000000,-6.4659237034,1.1872594815e-02
7,0.5000000000,-6.4359194171,9.7626379120e-03
7,0.5000000000,-6.4059151307,8.0849208465e-03
7,0.5000000000,-6.3759108444,6.7590578433e-03
7,0.5000000000,-6.3459065581,5.7088155186e-03
7,0.5000000000,-6.3159022718,4.8713025026e-03
7,0.5000000000,-6.2858979854,4.1975336879e-03
7,0.5000000000,-6.2558936991,3.6502650175e-03
7,0.5000000000,-6.2258894128,3.2014061089e-03
7,0.5000000000,-6.1958851264,2.8297635358e-03
7,0.5000000000,-6.1658808401,2.5192703665e-03
7,0.5000000000,-6.1358765538,2.2576583073e-03
7,0.5000000000,-6.1058722675,2.0354808923e-03
7,0.5000000000,-6.0758679811,1.8453996829e-03
7,0.5000000000,-6.0458636948,1.6816625749e-03
7,0.5000000000,-6.0158594085,1.5397209879e-03
7,0.5000000000,-5.9858551222,1.4159472339e-03
7,0.5000000000,-5.9558508358,1.3074243140e-03
7,0.5000000000,-5.9258465495,1.2117883381e-03
7,0.5000000000,-5.8958422632,1.1271094249e-03
7,0.5000000000,-5.8658379769,1.0518009456e-03
7,0.5000000000,-5.8358336905,9.8454980625e-04
7,0.5000000000,-5.8058294042,9.2426247009e-04
7,0.5000000000,-5.7758251179,8.7002284746e-04
7,0.5000000000,-5.7458208315,8.2105920320e-04
7,0.5000000000,-5.7158165452,7.7671796800e-04
7,0.5000000000,-5.6858122589,7.3644287371e-04
7,0.5000000000,-5.6558079726,6.9975822365e-04
7,0.5000000000,-5.6258036862,6.6625539606e-04
7,0.5000000000,-5.5957993999,6.3558189208e-04
7,0.5000000000,-5.5657951136,6.0743239901e-04
7,0.5000000000,-5.5357908273,5.8154145902e-04
7,0.5000000000,-5.5057865409,5.5767742438e-04
7,0.5000000000,-5.4757822546,5.3563744925e-04
7,0.5000000000,-5.4457779683,5.1524332094e-04
7,0.5000000000,-5.4157736820,4.9633797463e-04
7,0.5000000000,-5.3857693956,4.7878256708e-04
7,0.5000000000,-5.3557651093,4.6245400975e-04
7,0.5000000000,-5.3257608230,4.4724288107e-04
7,0.5000000000,-5.2957565366,4.3305165307e-04
7,0.5000000000,-5.2657522503,4.1979317960e-04
7,0.5000000000,-5.2357479640,4.0738940316e-04
7,0.5000000000,-5.2057436777,3.9577024512e-04
7,0.5000000000,-5.1757393913,3.8487265028e-04
7,0.5000000000,-5.1457351050,3.7463976181e-04
7,0.5000000000,-5.1157308187,3.6502020668e-04
7,0.5000000000,-5.0857265324,3.5596747516e-04
7,0.5000000000,-5.0557222460,3.4743938032e-04
7,0.5000000000,-5.0257179597,3.3939758627e-04
7,0.5000000000,-4.9957136734,3.3180719510e-04
7,0.5000000000,-4.9657093871,3.2463638453e-04
7,0.5000000000,-4.9357051007,3.1785608919e-04
7,0.5000000000,-4.9057008144,3.1143971967e-04
7,0.5000000000,-4.8756965281,3.0536291438e-04
7,0.5000000000,-4.8456922417,2.9960331986e-04
7,0.5000000000,-4.8156879554,2.9414039581e-04
7,0.5000000000,-4.7856836691,2.8895524197e-04
7,0.5000000000,-4.7556793828,2.8403044377e-04
7,0.5000000000,-4.7256750964,2.7934993478e-04
7,0.5000000000,-4.6956708101,2.7489887363e-04
7,0.5000000000,-4.6656665238,2.7066353392e-04
7,0.5000000000,-4.6356622375,2.6663120540e-04
7,0.5000000000,-4.6056579511,2.6279010528e-04
7,0.5000000000,-4.5756536648,2.5912929837e-04
7,0.5000000000,-4.5456493785,2.5563862512e-04
7,0.5000000000,-4.5156450922,2.5230863670e-04
7,0.5000000000,-4.4856408058,2.4913053631e-04
7,0.5000000000,-4.4556365195,2.4609612606e-04
7,0.5000000000,-4.4256322332,2.4319775881e-04
7,0.5000000000,-4.3956279468,2.4042829449e-04
7,0.5000000000,-4.3656236605,2.3778106039e-04
7,0.5000000000,-4.3356193742,2.3524981502e-04
7,0.5000000000,-4.3056150879,2.3282871519e-04
7,0.5000000000,-4.2756108015,2.3051228598e-04
7,0.5000000000,-4.2456065152,2.2829539333e-04
7,0.5000000000,-4.2156022289,2.2617321896e-04
7,0.5000000000,-4.1855979426,2.2414123742e-04
7,0.5000000000,-4.1555936562,2.2219519507e-04
7,0.5000000000,-4.1255893699,2.2033109078e-04
7,0.5000000000,-4.0955850836,2.1854515823e-04
7,0.5000000000,-4.0655807973,2.1683384962e-04
7,0.5000000000,-4.0355765109,2.1519382070e-04
7,0.5000000000,-4.0055722246,2.1362191697e-04
7,0.5000000000,-3.9755679383,2.1211516097e-04
7,0.5000000000,-3.9455636520,2.1067074052e-04
7,0.5000000000,-3.9155593656,2.0928599794e-04
7,0.5000000000,-3.8855550793,2.0795841995e-04
7,0.5000000000,-3.8555507930,2.0668562848e-04
7,0.5000000000,-3.8255465066,2.0546537204e-04
7,0.5000000000,-3.7955422203,2.0429551779e-04
7,0.5000000000,-3.7655379340,2.0317404416e-04
7,0.5000000000,-3.7355336477,2.0209903400e-04
7,0.5000000000,-3.7055293613,2.0106866821e-04
7,0.5000000000,-3.6755250750,2.0008121985e-04
7,0.5000000000,-3.6455207887,1.9913504865e-04
7,0.5000000000,-3.6155165024,1.9822859582e-04
7,0.5000000000,-3.5855122160,1.9736037938e-04
7,0.5000000000,-3.5555079297,1.9652898962e-04
7,0.5000000000,-3.5255036434,1.9573308503e-04
7,0.5000000000,-3.4954993571,1.9497138835e-04
7,0.5000000000,-3.4654950707,1.9424268301e-04
7,0.5000000000,-3.4354907844,1.9354580971e-04
7,0.5000000000,-3.4054864981,1.9287966329e-04
7,0.5000000000,-3.3754822117,1.9224318972e-04
7,0.5000000000,-3.3454779254,1.9163538337e-04
7,0.5000000000,-3.3154736391,1.9105528438e-04
7,0.5000000000,-3.2854693528,1.9050197625e-04
7,0.5000000000,-3.2554650664,1.8997458352e-04
7,0.5000000000,-3.2254607801,1.8947226965e-04
7,0.5000000000,-3.1954564938,1.8899423498e-04
7,0.5000000000,-3.1654522075,1.8853971487e-04
7,0.5000000000,-3.1354479211,1.8810797786e-04
7,0.5000000000,-3.1054436348,1.8769832406e-04
7,0.5000000000,-3.0754393485,1.8731008351e-04
7,0.5000000000,-3.0454350622,1.8694261475e-04
7,0.5000000000,-3.0154307758,1.8659530336e-04
7,0.5000000000,-2.9854264895,1.8626756070e-04
7,0.5000000000,-2.9554222032,1.8595882262e-04
7,0.5000000000,-2.9254179168,1.8566854830e-04
7,0.5000000000,-2.8954136305,1.8539621913e-04
7,0.5000000000,-2.8654093442,1.8514133771e-04
7,0.5000000000,-2.8354050579,1.8490342678e-04
7,0.5000000000,-2.8054007715,1.8468202834e-04
7,0.5000000000,-2.7753964852,1.8447670276e-04
7,0.5000000000,-2.7453921989,1.8428702793e-04
7,0.5000000000,-2.7153879126,1.8411259847e-04
7,0.5000000000,-2.6853836262,1.8395302497e-04
7,0.5000000000,-2.6553793399,1.8380793330e-04
7,0.5000000000,-2.6253750536,1.8367696392e-04
7,0.5000000000,-2.5953707673,1.8355977124e-04
7,0.5000000000,-2.5653664809,1.8345602304e-04
7,0.5000000000,-2.5353621946,1.8336539985e-04
7,0.5000000000,-2.5053579083,1.8328759444e-04
7,0.5000000000,-2.4753536219,1.8322231130e-04
7,0.5000000000,-2.4453493356,1.8316926611e-04
7,0.5000000000,-2.4153450493,1.8312818534e-04
7,0.5000000000,-2.3853407630,1.8309880572e-04
7,0.5000000000,-2.3553364766,1.8308087391e-04
7,0.5000000000,-2.3253321903,1.8307414602e-04
7,0.5000000000,-2.2953279040,1.8307838726e-04
7,0.5000000000,-2.2653236177,1.8309337160e-04
7,0.5000000000,-2.2353193313,1.8311888137e-04
7,0.5000000000,-2.2053150450,1.8315470697e-04
7,0.5000000000,-2.1753107587,1.8320064655e-04
7,0.5000000000,-2.1453064724,1.8325650568e-04
7,0.5000000000,-2.1153021860,1.8332209713e-04
7,0.5000000000,-2.0852978997,1.8339724051e-04
7,0.5000000000,-2.0552936134,1.8348176209e-04
7,0.5000000000,-2.0252893270,1.8357549450e-04
7,0.5000000000,-1.9952850407,1.8367827652e-04
7,0.5000000000,-1.9652807544,1.8378995284e-04
7,0.5000000000,-1.9352764681,1.8391037388e-04
7,0.5000000000,-1.9052721817,1.8403939550e-04
7,0.5000000000,-1.8752678954,1.8417687891e-04
7,0.5000000000,-1.8452636091,1.8432269041e-04
7,0.5000000000,-1.8152593228,1.8447670123e-04
7,0.5000000000,-1.7852550364,1.8463878737e-04
7,0.5000000000,-1.7552507501,1.8480882942e-04
7,0.5000000000,-1.7252464638,1.8498671240e-04
7,0.5000000000,-1.6952421775,1.8517232564e-04
7,0.5000000000,-1.6652378911,1.8536556261e-04
7,0.5000000000,-1.6352336048,1.8556632078e-04
7,0.5000000000,-1.6052293185,1.8577450150e-04
7,0.5000000000,-1.5752250321,1.8599000988e-04
7,0.5000000000,-1.5452207458,1.8621275466e-04
7,0.5000000000,-1.5152164595,1.8644264809e-04
7,0.5000000000,-1.4852121732,1.8667960584e-04
7,0.5000000000,-1.4552078868,1.8692354687e-04
7,0.5000000000,-1.4252036005,1.8717439334e-04
7,0.5000000000,-1.3951993142,1.8743207052e-04
7,0.5000000000,-1.3651950279,1.8769650669e-04
7,0.5000000000,-1.3351907415,1.8796763304e-04
7,0.5000000000,-1.3051864552,1.8824538361e-04
7,0.5000000000,-1.2751821689,1.8852969519e-04
7,0.5000000000,-1.2451778826,1.8882050725e-04
7,0.5000000000,-1.2151735962,1.8911776186e-04
7,0.5000000000,-1.1851693099,1.8942140362e-04
7,0.5000000000,-1.1551650236,1.8973137958e-04
7,0.5000000000,-1.1251607372,1.9004763922e-04
7,0.5000000000,-1.0951564509,1.9037013431e-04
7,0.5000000000,-1.0651521646,1.9069881893e-04
7,0.5000000000,-1.0351478783,1.9103364935e-04
7,0.5000000000,-1.0051435919,1.9137458401e-04
7,0.5000000000,-0.9751393056,1.9172158345e-04
7,0.5000000000,-0.9451350193,1.9207461027e-04
7,0.5000000000,-0.9151307330,1.9243362908e-04
7,0.5000000000,-0.8851264466,1.9279860644e-04
7,0.5000000000,-0.8551221603,1.9316951083e-04
7,0.5000000000,-0.8251178740,1.9354631261e-04
7,0.5000000000,-0.7951135877,1.9392898396e-04
7,0.5000000000,-0.7651093013,1.9431749886e-04
7,0.5000000000,-0.7351050150,1.9471183304e-04
7,0.5000000000,-0.7051007287,1.9511196397e-04
7,0.5000000000,-0.6750964423,1.9551787077e-04
7,0.5000000000,-0.6450921560,1.9592953425e-04
7,0.5000000000,-0.6150878697,1.9634693682e-04
7,0.5000000000,-0.5850835834,1.9677006248e-04
7,0.5000000000,-0.5550792970,1.9719889682e-04
7,0.5000000000,-0.5250750107,1.9763342695e-04
7,0.5000000000,-0.4950707244,1.9807364148e-04
7,0.5000000000,-0.4650664381,1.9851953054e-04
7,0.5000000000,-0.4350621517,1.9897108571e-04
7,0.5000000000,-0.4050578654,1.9942830000e-04
7,0.5000000000,-0.3750535791,1.9989116786e-04
7,0.5000000000,-0.3450492928,2.0035968514e-04
7,0.5000000000,-0.3150450064,2.0083384908e-04
7,0.5000000000,-0.2850407201,2.0131365827e-04
7,0.5000000000,-0.2550364338,2.0179911267e-04
7,0.5000000000,-0.2250321474,2.0229021357e-04
7,0.5000000000,-0.1950278611,2.0278696357e-04
7,0.5000000000,-0.1650235748,2.0328936661e-04
7,0.5000000000,-0.1350192885,2.0379742789e-04
7,0.5000000000,-0.1050150021,2.0431115390e-04
7,0.5000000000,-0.0750107158,2.0483055244e-04
7,0.5000000000,-0.0450064295,2.0535563253e-04
7,0.5000000000,-0.0150021432,2.0588640446e-04
7,0.5000000000,0.0150021432,2.0642287977e-04
7,0.5000000000,0.0450064295,2.0696507124e-04
7,0.5000000000,0.0750107158,2.0751299289e-04
7,0.5000000000,0.1050150021,2.0806665995e-04
7,0.5000000000,0.1350192885,2.0862608888e-04
7,0.5000000000,0.1650235748,2.0919129737e-04
7,0.5000000000,0.1950278611,2.0976230431e-04
7,0.5000000000,0.2250321474,2.1033912981e-04
7,0.5000000000,0.2550364338,2.1092179519e-04
7,0.5000000000,0.2850407201,2.1151032298e-04
7,0.5000000000,0.3150450064,2.1210473692e-04
7,0.5000000000,0.3450492928,2.1270506196e-04
7,0.5000000000,0.3750535791,2.1331132427e-04
7,0.5000000000,0.4050578654,2.1392355121e-04
7,0.5000000000,0.4350621517,2.1454177137e-04
7,0.5000000000,0.4650664381,2.1516601457e-04
7,0.5000000000,0.4950707244,2.1579631183e-04
7,0.5000000000,0.5250750107,2.1643269542e-04
7,0.5000000000,0.5550792970,2.1707519881e-04
7,0.5000000000,0.5850835834,2.1772385675e-04
7,0.5000000000,0.6150878697,2.1837870521e-04
7,0.5000000000,0.6450921560,2.1903978141e-04
7,0.5000000000,0.6750964423,2.1970712385e-04
7,0.5000000000,0.7051007287,2.2038077229e-04
7,0.5000000000,0.7351050150,2.2106076777e-04
7,0.5000000000,0.7651093013,2.2174715261e-04
7,0.5000000000,0.7951135877,2.2243997046e-04
7,0.5000000000,0.8251178740,2.2313926625e-04
7,0.5000000000,0.8551221603,2.2384508626e-04
7,0.5000000000,0.8851264466,2.2455747810e-04
7,0.5000000000,0.9151307330,2.2527649073e-04
7,0.5000000000,0.9451350193,2.2600217450e-04
7,0.5000000000,0.9751393056,2.2673458111e-04
7,0.5000000000,1.0051435919,2.2747376368e-04
7,0.5000000000,1.0351478783,2.2821977675e-04
7,0.5000000000,1.0651521646,2.2897267630e-04
7,0.5000000000,1.0951564509,2.2973251975e-04
7,0.5000000000,1.1251607372,2.3049936600e-04
7,0.5000000000,1.1551650236,2.3127327546e-04
7,0.5000000000,1.1851693099,2.3205431003e-04
7,0.5000000000,1.2151735962,2.3284253319e-04
7,0.5000000000,1.2451778826,2.3363800993e-04
7,0.5000000000,1.2751821689,2.3444080689e-04
7,0.5000000000,1.3051864552,2.3525099226e-04
7,0.5000000000,1.3351907415,2.3606863592e-04
7,0.5000000000,1.3651950279,2.3689380939e-04
7,0.5000000000,1.3951993142,2.3772658589e-04
7,0.5000000000,1.4252036005,2.3856704037e-04
7,0.5000000000,1.4552078868,2.3941524953e-04
7,0.5000000000,1.4852121732,2.4027129187e-04
7,0.5000000000,1.5152164595,2.4113524769e-04
7,0.5000000000,1.5452207458,2.4200719915e-04
7,0.5000000000,1.5752250321,2.4288723031e-04
7,0.5000000000,1.6052293185,2.4377542714e-04
7,0.5000000000,1.6352336048,2.4467187759e-04
7,0.5000000000,1.6652378911,2.4557667160e-04
7,0.5000000000,1.6952421775,2.4648990115e-04
7,0.5000000000,1.7252464638,2.4741166032e-04
7,0.5000000000,1.7552507501,2.4834204531e-04
7,0.5000000000,1.7852550364,2.4928115449e-04
7,0.5000000000,1.8152593228,2.5022908846e-04
7,0.5000000000,1.8452636091,2.5118595006e-04
7,0.5000000000,1.8752678954,2.5215184449e-04
7,0.5000000000,1.9052721817,2.5312687928e-04
7,0.5000000000,1.9352764681,2.5411116439e-04
7,0.5000000000,1.9652807544,2.5510481228e-04
7,0.5000000000,1.9952850407,2.5610793790e-04
7,0.5000000000,2.0252893270,2.5712065884e-04
7,0.5000000000,2.0552936134,2.5814309530e-04
7,0.5000000000,2.0852978997,2.5917537022e-04
7,0.5000000000,2.1153021860,2.6021760931e-04
7,0.5000000000,2.1453064724,2.6126994112e-04
7,0.5000000000,2.1753107587,2.6233249713e-04
7,0.5000000000,2.2053150450,2.6340541180e-04
7,0.5000000000,2.2353193313,2.6448882265e-04
7,0.5000000000,2.2653236177,2.6558287034e-04
7,0.5000000000,2.2953279040,2.6668769875e-04
7,0.5000000000,2.3253321903,2.6780345506e-04
7,0.5000000000,2.3553364766,2.6893028983e-04
7,0.5000000000,2.3853407630,2.7006835709e-04
7,0.5000000000,2.4153450493,2.7121781444e-04
7,0.5000000000,2.4453493356,2.7237882314e-04
7,0.5000000000,2.4753536219,2.7355154820e-04
7,0.5000000000,2.5053579083,2.7473615849e-04
7,0.5000000000,2.5353621946,2.7593282683e-04
7,0.5000000000,2.5653664809,2.7714173012e-04
7,0.5000000000,2.5953707673,2.7836304943e-04
7,0.5000000000,2.6253750536,2.7959697014e-04
7,0.5000000000,2.6553793399,2.8084368203e-04
7,0.5000000000,2.6853836262,2.8210337944e-04
7,0.5000000000,2.7153879126,2.8337626136e-04
7,0.5000000000,2.7453921989,2.8466253160e-04
7,0.5000000000,2.7753964852,2.8596239890e-04
7,0.5000000000,2.8054007715,2.8727607710e-04
7,0.5000000000,2.8354050579,2.8860378526e-04
7,0.5000000000,2.8654093442,2.8994574783e-04
7,0.5000000000,2.8954136305,2.9130219483e-04
7,0.5000000000,2.9254179168,2.9267336196e-04
7,0.5000000000,2.9554222032,2.9405949085e-04
7,0.5000000000,2.9854264895,2.9546082917e-04
7,0.5000000000,3.0154307758,2.9687763085e-04
7,0.5000000000,3.0454350622,2.9831015626e-04
7,0.5000000000,3.0754393485,2.9975867243e-04
7,0.5000000000,3.1054436348,3.0122345323e-04
7,0.5000000000,3.1354479211,3.0270477962e-04
7,0.5000000000,3.1654522075,3.0420293984e-04
7,0.5000000000,3.1954564938,3.0571822966e-04
7,0.5000000000,3.2254607801,3.0725095264e-04
7,0.5000000000,3.2554650664,3.0880142033e-04
7,0.5000000000,3.2854693528,3.1036995262e-04
7,0.5000000000,3.3154736391,3.1195687790e-04
7,0.5000000000,3.3454779254,3.1356253346e-04
7,0.5000000000,3.3754822117,3.1518726570e-04
7,0.5000000000,3.4054864981,3.1683143047e-04
7,0.5000000000,3.4354907844,3.1849539341e-04
7,0.5000000000,3.4654950707,3.2017953025e-04
7,0.5000000000,3.4954993571,3.2188422717e-04
7,0.5000000000,3.5255036434,3.2360988119e-04
7,0.5000000000,3.5555079297,3.2535690049e-04
7,0.5000000000,3.5855122160,3.2712570486e-04
7,0.5000000000,3.6155165024,3.2891672610e-04
7,0.5000000000,3.6455207887,3.3073040841e-04
7,0.5000000000,3.6755250750,3.3256720890e-04
7,0.5000000000,3.7055293613,3.3442759801e-04
7,0.5000000000,3.7355336477,3.3631206001e-04
7,0.5000000000,3.7655379340,3.3822109354e-04
7,0.5000000000,3.7955422203,3.4015521208e-04
7,0.5000000000,3.8255465066,3.4211494458e-04
7,0.5000000000,3.8555507930,3.4410083598e-04
7,0.5000000000,3.8855550793,3.4611344786e-04
7,0.5000000000,3.9155593656,3.4815335908e-04
7,0.5000000000,3.9455636520,3.5022116639e-04
7,0.5000000000,3.9755679383,3.5231748521e-04
7,0.5000000000,4.0055722246,3.5444295029e-04
7,0.5000000000,4.0355765109,3.5659821652e-04
7,0.5000000000,4.0655807973,3.5878395972e-04
7,0.5000000000,4.0955850836,3.6100087745e-04
7,0.5000000000,4.1255893699,3.6324968996e-04
7,0.5000000000,4.1555936562,3.6553114105e-04
7,0.5000000000,4.1855979426,3.6784599907e-04
7,0.5000000000,4.2156022289,3.7019505792e-04
7,0.5000000000,4.2456065152,3.7257913815e-04
7,0.5000000000,4.2756108015,3.7499908807e-04
7,0.5000000000,4.3056150879,3.7745578490e-04
7,0.5000000000,4.3356193742,3.7995013605e-04
7,0.5000000000,4.3656236605,3.8248308043e-04
7,0.5000000000,4.3956279468,3.8505558978e-04
7,0.5000000000,4.4256322332,3.8766867015e-04
7,0.5000000000,4.4556365195,3.9032336341e-04
7,0.5000000000,4.4856408058,3.9302074886e-04
7,0.5000000000,4.5156450922,3.9576194491e-04
7,0.5000000000,4.5456493785,3.9854811085e-04
7,0.5000000000,4.5756536648,4.0138044877e-04
7,0.5000000000,4.6056579511,4.0426020549e-04
7,0.5000000000,4.6356622375,4.0718867469e-04
7,0.5000000000,4.6656665238,4.1016719908e-04
7,0.5000000000,4.6956708101,4.1319717279e-04
7,0.5000000000,4.7256750964,4.1628004377e-04
7,0.5000000000,4.7556793828,4.1941731647e-04
7,0.5000000000,4.7856836691,4.2261055453e-04
7,0.5000000000,4.8156879554,4.2586138377e-04
7,0.5000000000,4.8456922417,4.2917149523e-04
7,0.5000000000,4.8756965281,4.3254264848e-04
7,0.5000000000,4.9057008144,4.3597667510e-04
7,0.5000000000,4.9357051007,4.3947548233e-04
7,0.5000000000,4.9657093871,4.4304105705e-04
7,0.5000000000,4.9957136734,4.4667546989e-04
7,0.5000000000,5.0257179597,4.5038087965e-04
7,0.5000000000,5.0557222460,4.5415953802e-04
7,0.5000000000,5.0857265324,4.5801379454e-04
7,0.5000000000,5.1157308187,4.6194610197e-04
7,0.5000000000,5.1457351050,4.6595902187e-04
7,0.5000000000,5.1757393913,4.7005523074e-04
7,0.5000000000,5.2057436777,4.7423752633e-04
7,0.5000000000,5.2357479640,4.7850883462e-04
7,0.5000000000,5.2657522503,4.8287221704e-04
7,0.5000000000,5.2957565366,4.8733087839e-04
7,0.5000000000,5.3257608230,4.9188817513e-04
7,0.5000000000,5.3557651093,4.9654762436e-04
7,0.5000000000,5.3857693956,5.0131291340e-04
7,0.5000000000,5.4157736820,5.0618791005e-04
7,0.5000000000,5.4457779683,5.1117667355e-04
7,0.5000000000,5.4757822546,5.1628346643e-04
7,0.5000000000,5.5057865409,5.2151276712e-04
7,0.5000000000,5.5357908273,5.2686928359e-04
7,0.5000000000,5.5657951136,5.3235796792e-04
7,0.5000000000,5.5957993999,5.3798403209e-04
7,0.5000000000,5.6258036862,5.4375296488e-04
7,0.5000000000,5.6558079726,5.4967055012e-04
7,0.5000000000,5.6858122589,5.5574288640e-04
7,0.5000000000,5.7158165452,5.6197640830e-04
7,0.5000000000,5.7458208315,5.6837790935e-04
7,0.5000000000,5.7758251179,5.7495456686e-04
7,0.5000000000,5.8058294042,5.8171396876e-04
7,0.5000000000,5.8358336905,5.8866414277e-04
7,0.5000000000,5.8658379769,5.9581358787e-04
7,0.5000000000,5.8958422632,6.0317130862e-04
7,0.5000000000,5.9258465495,6.1074685234e-04
7,0.5000000000,5.9558508358,6.1855034959e-04
7,0.5000000000,5.9858551222,6.2659255823e-04
7,0.5000000000,6.0158594085,6.3488491143e-04
7,0.5000000000,6.0458636948,6.4343957005e-04
7,0.5000000000,6.0758679811,6.5226947985e-04
7,0.5000000000,6.1058722675,6.6138843408e-04
7,0.5000000000,6.1358765538,6.7081114192e-04
7,0.5000000000,6.1658808401,6.8055330354e-04
7,0.5000000000,6.1958851264,6.9063169253e-04
7,0.5000000000,6.2258894128,7.0106424631e-04
7,0.5000000000,6.2558936991,7.1187016577e-04
7,0.5000000000,6.2858979854,7.2307002493e-04
7,0.5000000000,6.3159022718,7.3468589189e-04
7,0.5000000000,6.3459065581,7.4674146256e-04
7,0.5000000000,6.3759108444,7.5926220847e-04
7,0.5000000000,6.4059151307,7.7227554056e-04
7,0.5000000000,6.4359194171,7.8581099098e-04
7,0.5000000000,6.4659237034,7.9990041505e-04
7,0.5000000000,6.4959279897,8.1457821604e-04
7,0.5000000000,6.5259322760,8.2988159589e-04
7,0.5000000000,6.5559365624,8.4585083508e-04
7,0.5000000000,6.5859408487,8.6252960589e-04
7,0.5000000000,6.6159451350,8.7996532335e-04
7,0.5000000000,6.6459494213,8.9820953946e-04
7,0.5000000000,6.6759537077,9.1731838667e-04
7,0.5000000000,6.7059579940,9.3735307777e-04
7,0.5000000000,6.7359622803,9.5838047065e-04
7,0.5000000000,6.7659665667,9.8047370763e-04
7,0.5000000000,6.7959708530,1.0037129408e-03
7,0.5000000000,6.8259751393,1.0281861566e-03
7,0.5000000000,6.8559794256,1.0539901163e-03
7,0.5000000000,6.8859837120,1.0812314296e-03
7,0.5000000000,6.9159879983,1.1100277854e-03
7,0.5000000000,6.9459922846,1.1405093645e-03
7,0.5000000000,6.9759965709,1.1728204670e-03
7,0.5000000000,7.0060008573,1.2071213915e-03
7,0.5000000000,7.0360051436,1.2435906113e-03
7,0.5000000000,7.0660094299,1.2824273038e-03
7,0.5000000000,7.0960137162,1.3238542969e-03
7,0.5000000000,7.1260180026,1.3681215152e-03
7,0.5000000000,7.1560222889,1.4155100238e-03
7,0.5000000000,7.1860265752,1.4663367889e-03
7,0.5000000000,7.2160308616,1.5209603063e-03
7,0.5000000000,7.2460351479,1.5797872780e-03
7,0.5000000000,7.2760394342,1.6432805687e-03
7,0.5000000000,7.3060437205,1.7119687243e-03
7,0.5000000000,7.3360480069,1.7864574119e-03
7,0.5000000000,7.3660522932,1.8674432325e-03
7,0.5000000000,7.3960565795,1.9557304804e-03
7,0.5000000000,7.4260608658,2.0522515805e-03
7,0.5000000000,7.4560651522,2.1580921466e-03
7,0.5000000000,7.4860694385,2.2745218751e-03
7,0.5000000000,7.5160737248,2.4030328584e-03
7,0.5000000000,7.5460780111,2.5453873933e-03
7,0.5000000000,7.5760822975,2.7036780209e-03
7,0.5000000000,7.6060865838,2.8804034377e-03
7,0.5000000000,7.6360908701,3.0785651502e-03
7,0.5000000000,7.6660951565,3.3017914469e-03
7,0.5000000000,7.6960994428,3.5544976241e-03
7,0.5000000000,7.7261037291,3.8420947033e-03
7,0.5000000000,7.7561080154,4.1712635207e-03
7,0.5000000000,7.7861123018,4.5503176248e-03
7,0.5000000000,7.8161165881,4.9896876909e-03
7,0.5000000000,7.8461208744,5.5025732708e-03
7,0.5000000000,7.8761251607,6.1058260639e-03
7,0.5000000000,7.9061294471,6.8211541643e-03
7,0.5000000000,7.9361337334,7.6767700730e-03
7,0.5000000000,7.9661380197,8.7096453939e-03
7,0.5000000000,7.9961423060,9.9685726512e-03
7,0.5000000000,8.0261465924,1.1518237274e-02
7,0.5000000000,8.0561508787,1.3444377888e-02
7,0.5000000000,8.0861551650,1.5859617497e-02
7,0.5000000000,8.1161594514,1.8908085351e-02
7,0.5000000000,8.1461637377,2.2763179113e-02
7,0.5000000000,8.1761680240,2.7604214873e-02
7,0.5000000000,8.2061723103,3.3541586244e-02
7,0.5000000000,8.2361765967,4.0442581348e-02
7,0.5000000000,8.2661808830,4.7637412209e-02
7,0.5000000000,8.2961851693,5.3674478338e-02
7,0.5000000000,8.3261894556,5.6637333588e-02
7,0.5000000000,8.3561937420,5.5331858299e-02
7,0.5000000000,8.3861980283,5.0310709660e-02
7,0.5000000000,8.4162023146,4.3376429459e-02
7,0.5000000000,8.4462066009,3.6255071871e-02
7,0.5000000000,8.4762108873,2.9914353224e-02
7,0.5000000000,8.5062151736,2.4660530530e-02
7,0.5000000000,8.5362194599,2.0451756521e-02
7,0.5000000000,8.5662237462,1.7122779618e-02
7,0.5000000000,8.5962280326,1.4493100249e-02
7,0.5000000000,8.6262323189,1.2405988772e-02
7,0.5000000000,8.6562366052,1.0736685162e-02
7,0.5000000000,8.6862408916,9.3894881186e-03
7,0.5000000000,8.7162451779,8.2920413396e-03
7,0.5000000000,8.7462494642,7.3898066814e-03
7,0.5000000000,8.7762537505,6.6415541165e-03
7,0.5000000000,8.8062580369,6.0159205862e-03
7,0.5000000000,8.8362623232,5.4888603262e-03
7,0.5000000000,8.8662666095,5.0417778144e-03
7,0.5000000000,8.8962708958,4.6601641756e-03
7,0.5000000000,8.9262751822,4.3325988815e-03
7,0.5000000000,8.9562794685,4.0500150428e-03
7,0.5000000000,8.9862837548,3.8051549815e-03
7,0.5000000000,9.0162880411,3.5921636955e-03
7,0.5000000000,9.0462923275,3.4062828295e-03
7,0.5000000000,9.0762966138,3.2436184158e-03
7,0.5000000000,9.1063009001,3.1009631691e-03
7,0.5000000000,9.1363051865,2.9756594427e-03
7,0.5000000000,9.1663094728,2.8654927305e-03
7,0.5000000000,9.1963137591,2.7686082959e-03
7,0.5000000000,9.2263180454,2.6834454455e-03
7,0.5000000000,9.2563223318,2.6086853664e-03
7,0.5000000000,9.2863266181,2.5432094650e-03
7,0.5000000000,9.3163309044,2.4860658940e-03
7,0.5000000000,9.3463351907,2.4364425089e-03
7,0.5000000000,9.3763394771,2.3936449032e-03
7,0.5000000000,9.4063437634,2.3570784859e-03
7,0.5000000000,9.4363480497,2.3262337918e-03
7,0.5000000000,9.4663523360,2.3006743963e-03
7,0.5000000000,9.4963566224,2.2800269406e-03
7,0.5000000000,9.5263609087,2.2639728775e-03
7,0.5000000000,9.5563651950,2.2522416278e-03
7,0.5000000000,9.5863694814,2.2446049030e-03
7,0.5000000000,9.6163737677,2.2408719962e-03
7,0.5000000000,9.6463780540,2.2408858854e-03
7,0.5000000000,9.6763823403,2.2445200211e-03
7,0.5000000000,9.7063866267,2.2516756988e-03
7,0.5000000000,9.7363909130,2.2622799335e-03
7,0.5000000000,9.7663951993,2.2762837723e-03
7,0.5000000000,9.7963994856,2.2936609933e-03
7,0.5000000000,9.8264037720,2.3144071511e-03
7,0.5000000000,9.8564080583,2.3385389381e-03
7,0.5000000000,9.8864123446,2.3660938393e-03
7,0.5000000000,9.9164166309,2.3971300661e-03
7,0.5000000000,9.9464209173,2.4317267597e-03
7,0.5000000000,9.9764252036,2.4699844633e-03
7,0.5000000000,10.0064294899,2.5120258654e-03
7,0.5000000000,10.0364337763,2.5579968248e-03
7,0.5000000000,10.0664380626,2.6080676925e-03
7,0.5000000000,10.0964423489,2.6624349530e-03
7,0.5000000000,10.1264466352,2.7213232138e-03
7,0.5000000000,10.1564509216,2.7849875810e-03
7,0.5000000000,10.1864552079,2.8537164669e-03
7,0.5000000000,10.2164594942,2.9278348850e-03
7,0.5000000000,10.2464637805,3.0077083040e-03
7,0.5000000000,10.2764680669,3.0937471404e-03
7,0.5000000000,10.3064723532,3.1864119941e-03
7,0.5000000000,10.3364766395,3.2862197455e-03
7,0.5000000000,10.3664809258,3.3937506626e-03
7,0.5000000000,10.3964852122,3.5096566952e-03
7,0.5000000000,10.4264894985,3.6346711716e-03
7,0.5000000000,10.4564937848,3.7696201611e-03
7,0.5000000000,10.4864980712,3.9154358201e-03
7,0.5000000000,10.5165023575,4.0731721170e-03
7,0.5000000000,10.5465066438,4.2440234152e-03
7,0.5000000000,10.5765109301,4.4293465115e-03
7,0.5000000000,10.6065152165,4.6306868684e-03
7,0.5000000000,10.6365195028,4.8498099611e-03
7,0.5000000000,10.6665237891,5.0887388935e-03
7,0.5000000000,10.6965280754,5.3497997362e-03
7,0.5000000000,10.7265323618,5.6356764263e-03
7,0.5000000000,10.7565366481,5.9494775728e-03
7,0.5000000000,10.7865409344,6.2948181697e-03
7,0.5000000000,10.8165452207,6.6759200851e-03
7,0.5000000000,10.8465495071,7.0977363494e-03
7,0.5000000000,10.8765537934,7.5661057969e-03
7,0.5000000000,10.9065580797,8.0879466862e-03
7,0.5000000000,10.9365623661,8.6715007214e-03
7,0.5000000000,10.9665666524,9.3266427139e-03
7,0.5000000000,10.9965709387,1.0065276375e-02
7,0.5000000000,11.0265752250,1.0901843987e-02
7,0.5000000000,11.0565795114,1.1853987830e-02
7,0.5000000000,11.0865837977,1.2943415413e-02
7,0.5000000000,11.1165880840,1.4197040594e-02
7,0.5000000000,11.1465923703,1.5648500899e-02
7,0.5000000000,11.1765966567,1.7340191426e-02
7,0.5000000000,11.2066009430,1.9326012024e-02
7,0.5000000000,11.2366052293,2.1675102843e-02
7,0.5000000000,11.2666095156,2.4476949212e-02
7,0.5000000000,11.2966138020,2.7848371275e-02
7,0.5000000000,11.3266180883,3.1943060921e-02
7,0.5000000000,11.3566223746,3.6964421607e-02
7,0.5000000000,11.3866266610,4.3182301266e-02
7,0.5000000000,11.4166309473,5.0953228114e-02
7,0.5000000000,11.4466352336,6.0740553074e-02
7,0.5000000000,11.4766395199,7.3122147105e-02
7,0.5000000000,11.5066438063,8.8752058925e-02
7,0.5000000000,11.5366480926,1.0819803602e-01
7,0.5000000000,11.5666523789,1.3150824365e-01
7,0.5000000000,11.5966566652,1.5734489315e-01
7,0.5000000000,11.6266609516,1.8186465786e-01
7,0.5000000000,11.6566652379,1.9861174893e-01
7,0.5000000000,11.6866695242,2.0139693124e-01
7,0.5000000000,11.7166738105,1.8904318212e-01
7,0.5000000000,11.7466780969,1.6645130567e-01
7,0.5000000000,11.7766823832,1.4049133281e-01
7,0.5000000000,11.8066866695,1.1603532250e-01
7,0.5000000000,11.8366909559,9.5188079962e-02
7,0.5000000000,11.8666952422,7.8267623272e-02
7,0.5000000000,11.8966995285,6.4820431360e-02
7,0.5000000000,11.9267038148,5.4194255835e-02
7,0.5000000000,11.9567081012,4.5775835159e-02
7,0.5000000000,11.9867123875,3.9060935337e-02
7,0.5000000000,12.0167166738,3.3657382541e-02
7,0.5000000000,12.0467209601,2.9267169270e-02
7,0.5000000000,12.0767252465,2.5665556927e-02
7,0.5000000000,12.1067295328,2.2682965751e-02
7,0.5000000000,12.1367338191,2.0190803877e-02
7,0.5000000000,12.1667381054,1.8090851210e-02
7,0.5000000000,12.1967423918,1.6307453464e-02
7,0.5000000000,12.2267466781,1.4781818543e-02
7,0.5000000000,12.2567509644,1.3467847547e-02
7,0.5000000000,12.2867552508,1.2329074967e-02
7,0.5000000000,12.3167595371,1.1336409001e-02
7,0.5000000000,12.3467638234,1.0466450416e-02
7,0.5000000000,12.3767681097,9.7002318781e-03
7,0.5000000000,12.4067723961,9.0222648064e-03
7,0.5000000000,12.4367766824,8.4198128354e-03
7,0.5000000000,12.4667809687,7.8823335214e-03
7,0.5000000000,12.4967852550,7.4010459608e-03
7,0.5000000000,12.5267895414,6.9685933763e-03
7,0.5000000000,12.5567938277,6.5787778851e-03
7,0.5000000000,12.5867981140,6.2263505466e-03
7,0.5000000000,12.6168024003,5.9068440518e-03
7,0.5000000000,12.6468066867,5.6164385416e-03
7,0.5000000000,12.6768109730,5.3518533347e-03
7,0.5000000000,12.7068152593,5.1102590534e-03
7,0.5000000000,12.7368195456,4.8892059078e-03
7,0.5000000000,12.7668238320,4.6865648570e-03
7,0.5000000000,12.7968281183,4.5004790915e-03
7,0.5000000000,12.8268324046,4.3293238334e-03
7,0.5000000000,12.8568366910,4.1716728754e-03
7,0.5000000000,12.8868409773,4.0262706074e-03
7,0.5000000000,12.9168452636,3.8920085337e-03
7,0.5000000000,12.9468495499,3.7679054800e-03
7,0.5000000000,12.9768538363,3.6530908499e-03
7,0.5000000000,13.0068581226,3.5467904082e-03
7,0.5000000000,13.0368624089,3.4483141697e-03
7,0.5000000000,13.0668666952,3.3570460480e-03
7,0.5000000000,13.0968709816,3.2724349822e-03
7,0.5000000000,13.1268752679,3.1939873084e-03
7,0.5000000000,13.1568795542,3.1212601845e-03
7,0.5000000000,13.1868838405,3.0538559087e-03
7,0.5000000000,13.2168881269,2.9914169998e-03
7,0.5000000000,13.2468924132,2.9336219290e-03
7,0.5000000000,13.2768966995,2.8801814098e-03
7,0.5000000000,13.3069009859,2.8308351703e-03
7,0.5000000000,13.3369052722,2.7853491410e-03
7,0.5000000000,13.3669095585,2.7435130045e-03
7,0.5000000000,13.3969138448,2.7051380602e-03
7,0.5000000000,13.4269181312,2.6700553649e-03
7,0.5000000000,13.4569224175,2.6381141165e-03
7,0.5000000000,13.4869267038,2.6091802528e-03
7,0.5000000000,13.5169309901,2.5831352419e-03
7,0.5000000000,13.5469352765,2.5598750448e-03
7,0.5000000000,13.5769395628,2.5393092329e-03
7,0.5000000000,13.6069438491,2.5213602484e-03
7,0.5000000000,13.6369481354,2.5059627946e-03
7,0.5000000000,13.6669524218,2.4930633492e-03
7,0.5000000000,13.6969567081,2.4826197926e-03
7,0.5000000000,13.7269609944,2.4746011474e-03
7,0.5000000000,13.7569652808,2.4689874250e-03
7,0.5000000000,13.7869695671,2.4657695802e-03
7,0.5000000000,13.8169738534,2.4649495720e-03
7,0.5000000000,13.8469781397,2.4665405347e-03
7,0.5000000000,13.8769824261,2.4705670639e-03
7,0.5000000000,13.9069867124,2.4770656221e-03
7,0.5000000000,13.9369909987,2.4860850749e-03
7,0.5000000000,13.9669952850,2.4976873666e-03
7,0.5000000000,13.9969995714,2.5119483516e-03
7,0.5000000000,14.0270038577,2.5289587967e-03
7,0.5000000000,14.0570081440,2.5488255770e-03
7,0.5000000000,14.0870124303,2.5716730899e-03
7,0.5000000000,14.1170167167,2.5976449191e-03
7,0.5000000000,14.1470210030,2.6269057841e-03
7,0.5000000000,14.1770252893,2.6596438222e-03
7,0.5000000000,14.2070295757,2.6960732542e-03
7,0.5000000000,14.2370338620,2.7364375013e-03
7,0.5000000000,14.2670381483,2.7810128297e-03
7,0.5000000000,14.2970424346,2.8301126203e-03
7,0.5000000000,14.3270467210,2.8840923764e-03
7,0.5000000000,14.3570510073,2.9433556134e-03
7,0.5000000000,14.3870552936,3.0083608015e-03
7,0.5000000000,14.4170595799,3.0796295744e-03
7,0.5000000000,14.4470638663,3.1577564658e-03
7,0.5000000000,14.4770681526,3.2434204993e-03
7,0.5000000000,14.5070724389,3.3373990355e-03
7,0.5000000000,14.5370767252,3.4405843833e-03
7,0.5000000000,14.5670810116,3.5540038133e-03
7,0.5000000000,14.5970852979,3.6788437785e-03
7,0.5000000000,14.6270895842,3.8164793699e-03
7,0.5000000000,14.6570938706,3.9685103178e-03
7,0.5000000000,14.6870981569,4.1368052318e-03
7,0.5000000000,14.7171024432,4.3235562686e-03
7,0.5000000000,14.7471067295,4.5313470880e-03
7,0.5000000000,14.7771110159,4.7632378499e-03
7,0.5000000000,14.8071153022,5.0228722211e-03
7,0.5000000000,14.8371195885,5.3146130120e-03
7,0.5000000000,14.8671238748,5.6437153289e-03
7,0.5000000000,14.8971281612,6.0165492681e-03
7,0.5000000000,14.9271324475,6.4408885348e-03
7,0.5000000000,14.9571367338,6.9262874904e-03
7,0.5000000000,14.9871410201,7.4845777334e-03
7,0.5000000000,15.0171453065,8.1305274936e-03
7,0.5000000000,15.0471495928,8.8827243348e-03
7,0.5000000000,15.0771538791,9.7647659482e-03
7,0.5000000000,15.1071581655,1.0806877686e-02
7,0.5000000000,15.1371624518,1.2048121546e-02
7,0.5000000000,15.1671667381,1.3539420643e-02
7,0.5000000000,15.1971710244,1.5347690555e-02
7,0.5000000000,15.2271753108,1.7561419600e-02
7,0.5000000000,15.2571795971,2.0297996092e-02
7,0.5000000000,15.2871838834,2.3712726354e-02
7,0.5000000000,15.3171881697,2.8008270115e-02
7,0.5000000000,15.3471924561,3.3439819319e-02
7,0.5000000000,15.3771967424,4.0302930469e-02
7,0.5000000000,15.4072010287,4.8872741282e-02
7,0.5000000000,15.4372053150,5.9233070075e-02
7,0.5000000000,15.4672096014,7.0916685060e-02
7,0.5000000000,15.4972138877,8.2391160570e-02
7,0.5000000000,15.5272181740,9.0864894035e-02
7,0.5000000000,15.5572224604,9.3338357895e-02
7,0.5000000000,15.5872267467,8.8776602320e-02
7,0.5000000000,15.6172310330,7.9036714395e-02
7,0.5000000000,15.6472353193,6.7263198397e-02
7,0.5000000000,15.6772396057,5.5895438680e-02
7,0.5000000000,15.7072438920,4.6084527732e-02
7,0.5000000000,15.7372481783,3.8075946316e-02
7,0.5000000000,15.7672524646,3.1698437349e-02
7,0.5000000000,15.7972567510,2.6659010643e-02
7,0.5000000000,15.8272610373,2.2671259379e-02
7,0.5000000000,15.8572653236,1.9496140595e-02
7,0.5000000000,15.8872696099,1.6946538564e-02
7,0.5000000000,15.9172738963,1.4879907009e-02
7,0.5000000000,15.9472781826,1.3188687130e-02
7,0.5000000000,15.9772824689,1.1791759653e-02
7,0.5000000000,16.0072867553,1.0627678231e-02
7,0.5000000000,16.0372910416,9.6495744770e-03
7,0.5000000000,16.0672953279,8.8214040445e-03
7,0.5000000000,16.0972996142,8.1152025644e-03
7,0.5000000000,16.1273039006,7.5090808809e-03
7,0.5000000000,16.1573081869,6.9857552482e-03
7,0.5000000000,16.1873124732,6.5314635069e-03
7,0.5000000000,16.2173167595,6.1351603323e-03
7,0.5000000000,16.2473210459,5.7879152974e-03
7,0.5000000000,16.2773253322,5.4824593901e-03
7,0.5000000000,16.3073296185,5.2128411376e-03
7,0.5000000000,16.3373339048,4.9741644662e-03
7,0.5000000000,16.3673381912,4.7623881338e-03
7,0.5000000000,16.3973424775,4.5741718343e-03
7,0.5000000000,16.4273467638,4.4067571645e-03
7,0.5000000000,16.4573510502,4.2578720883e-03
7,0.5000000000,16.4873553365,4.1256436600e-03
7,0.5000000000,16.5173596228,4.0084923564e-03
7,0.5000000000,16.5473639091,3.9049606335e-03
7,0.5000000000,16.5773681955,3.8134150666e-03
7,0.5000000000,16.6073724818,3.7316375538e-03
7,0.5000000000,16.6373767681,3.6566322256e-03
7,0.5000000000,16.6673810544,3.5853222659e-03
7,0.5000000000,16.6973853408,3.5161116681e-03
7,0.5000000000,16.7273896271,3.4496253559e-03
7,0.5000000000,16.7573939134,3.3875821836e-03
7,0.5000000000,16.7873981997,3.3312990225e-03
7,0.5000000000,16.8174024861,3.2812093469e-03
7,0.5000000000,16.8474067724,3.2371202295e-03
7,0.5000000000,16.8774110587,3.1985672639e-03
7,0.5000000000,16.9074153450,3.1650312255e-03
7,0.5000000000,16.9374196314,3.1360312176e-03
7,0.5000000000,16.9674239177,3.1111523651e-03
7,0.5000000000,16.9974282040,3.0900465121e-03
7,0.5000000000,17.0274324904,3.0724242629e-03
7,0.5000000000,17.0574367767,3.0580457082e-03
7,0.5000000000,17.0874410630,3.0467122997e-03
7,0.5000000000,17.1174453493,3.0382604396e-03
7,0.5000000000,17.1474496357,3.0325567050e-03
7,0.5000000000,17.1774539220,3.0294944722e-03
7,0.5000000000,17.2074582083,3.0289917210e-03
7,0.5000000000,17.2374624946,3.0309898625e-03
7,0.5000000000,17.2674667810,3.0354535158e-03
7,0.5000000000,17.2974710673,3.0423712321e-03
7,0.5000000000,17.3274753536,3.0517572484e-03
7,0.5000000000,17.3574796399,3.0636544443e-03
7,0.5000000000,17.3874839263,3.0781387845e-03
7,0.5000000000,17.4174882126,3.0953256761e-03
7,0.5000000000,17.4474924989,3.1153788622e-03
7,0.5000000000,17.4774967853,3.1385227460e-03
7,0.5000000000,17.5075010716,3.1650594063e-03
7,0.5000000000,17.5375053579,3.1953920696e-03
7,0.5000000000,17.5675096442,3.2300574531e-03
7,0.5000000000,17.5975139306,3.2697701338e-03
7,0.5000000000,17.6275182169,3.3154826909e-03
7,0.5000000000,17.6575225032,3.3684650028e-03
7,0.5000000000,17.6875267895,3.4304025286e-03
7,0.5000000000,17.7175310759,3.5035009323e-03
7,0.5000000000,17.7475353622,3.5905492292e-03
7,0.5000000000,17.7775396485,3.6948059004e-03
7,0.5000000000,17.8075439348,3.8193807911e-03
7,0.5000000000,17.8375482212,3.9654585293e-03
7,0.5000000000,17.8675525075,4.1284858419e-03
7,0.5000000000,17.8975567938,4.2925277051e-03
7,0.5000000000,17.9275610802,4.4275919114e-03
7,0.5000000000,17.9575653665,4.5000877886e-03
7,0.5000000000,17.9875696528,4.4965789040e-03
7,0.5000000000,18.0175739391,4.4357947203e-03
7,0.5000000000,18.0475782255,4.3523320893e-03
7,0.5000000000,18.0775825118,4.2740507021e-03
7,0.5000000000,18.1075867981,4.2145763298e-03
7,0.5000000000,18.1375910844,4.1771641215e-03
7,0.5000000000,18.1675953708,4.1601802771e-03
7,0.5000000000,18.1975996571,4.1605060540e-03
7,0.5000000000,18.2276039434,4.1750462687e-03
7,0.5000000000,18.2576082297,4.2012218328e-03
7,0.5000000000,18.2876125161,4.2370361945e-03
7,0.5000000000,18.3176168024,4.2809989114e-03
7,0.5000000000,18.3476210887,4.3320205470e-03
7,0.5000000000,18.3776253751,4.3893178058e-03
7,0.5000000000,18.4076296614,4.4523382427e-03
7,0.5000000000,18.4376339477,4.5207036741e-03
7,0.5000000000,18.4676382340,4.5941687097e-03
7,0.5000000000,18.4976425204,4.6725907265e-03
7,0.5000000000,18.5276468067,4.7559082623e-03
7,0.5000000000,18.5576510930,4.8441255379e-03
7,0.5000000000,18.5876553793,4.9373014406e-03
7,0.5000000000,18.6176596657,5.0355417760e-03
7,0.5000000000,18.6476639520,5.1389939419e-03
7,0.5000000000,18.6776682383,5.2478434258e-03
7,0.5000000000,18.7076725246,5.3623117068e-03
7,0.5000000000,18.7376768110,5.4826552665e-03
7,0.5000000000,18.7676810973,5.6091655055e-03
7,0.5000000000,18.7976853836,5.7421694271e-03
7,0.5000000000,18.8276896700,5.8820309999e-03
7,0.5000000000,18.8576939563,6.0291531470e-03
7,0.5000000000,18.8876982426,6.1839803384e-03
7,0.5000000000,18.9177025289,6.3470017888e-03
7,0.5000000000,18.9477068153,6.5187552827e-03
7,0.5000000000,18.9777111016,6.6998316671e-03
7,0.5000000000,19.0077153879,6.8908800724e-03
7,0.5000000000,19.0377196742,7.0926139396e-03
7,0.5000000000,19.0677239606,7.3058179537e-03
7,0.5000000000,19.0977282469,7.5313560036e-03
7,0.5000000000,19.1277325332,7.7701803179e-03
7,0.5000000000,19.1577368195,8.0233419524e-03
7,0.5000000000,19.1877411059,8.2920028445e-03
7,0.5000000000,19.2177453922,8.5774496872e-03
7,0.5000000000,19.2477496785,8.8811099327e-03
7,0.5000000000,19.2777539649,9.2045702890e-03
7,0.5000000000,19.3077582512,9.5495981568e-03
7,0.5000000000,19.3377625375,9.9181665379e-03
7,0.5000000000,19.3677668238,1.0312483065e-02
7,0.5000000000,19.3977711102,1.0735023936e-02
7,0.5000000000,19.4277753965,1.1188573724e-02
7,0.5000000000,19.4577796828,1.1676272220e-02
7,0.5000000000,19.4877839691,1.2201669775e-02
7,0.5000000000,19.5177882555,1.2768792928e-02
7,0.5000000000,19.5477925418,1.3382222519e-02
7,0.5000000000,19.5777968281,1.4047187098e-02
7,0.5000000000,19.6078011144,1.4769675071e-02
7,0.5000000000,19.6378054008,1.5556569988e-02
7,0.5000000000,19.6678096871,1.6415814528e-02
7,0.5000000000,19.6978139734,1.7356610268e-02
7,0.5000000000,19.7278182598,1.8389662344e-02
7,0.5000000000,19.7578225461,1.9527480741e-02
7,0.5000000000,19.7878268324,2.0784753496e-02
7,0.5000000000,19.8178311187,2.2178811781e-02
7,0.5000000000,19.8478354051,2.3730213199e-02
7,0.5000000000,19.8778396914,2.5463478235e-02
7,0.5000000000,19.9078439777,2.7408026570e-02
7,0.5000000000,19.9378482640,2.9599376188e-02
7,0.5000000000,19.9678525504,3.2080690682e-02
7,0.5000000000,19.9978568367,3.4904791544e-02
7,0.5000000000,20.0278611230,3.8136796299e-02
7,0.5000000000,20.0578654093,4.1857605501e-02
7,0.5000000000,20.0878696957,4.6168549597e-02
7,0.5000000000,20.1178739820,5.1197630978e-02
7,0.5000000000,20.1478782683,5.7107971276e-02
7,0.5000000000,20.1778825547,6.4109315367e-02
7,0.5000000000,20.2078868410,7.2473765499e-02
7,0.5000000000,20.2378911273,8.2557316165e-02
7,0.5000000000,20.2678954136,9.4829161237e-02
7,0.5000000000,20.2978997000,1.0991088789e-01
7,0.5000000000,20.3279039863,1.2862679106e-01
7,0.5000000000,20.3579082726,1.5206260627e-01
7,0.5000000000,20.3879125589,1.8161793012e-01
7,0.5000000000,20.4179168453,2.1900588807e-01
7,0.5000000000,20.4479211316,2.6607903885e-01
7,0.5000000000,20.4779254179,3.2421235661e-01
7,0.5000000000,20.5079297042,3.9278015423e-01
7,0.5000000000,20.5379339906,4.6637216143e-01
7,0.5000000000,20.5679382769,5.3187510967e-01
7,0.5000000000,20.5979425632,5.6999956464e-01
7,0.5000000000,20.6279468495,5.6585677523e-01
7,0.5000000000,20.6579511359,5.2122292971e-01
7,0.5000000000,20.6879554222,4.5292703459e-01
7,0.5000000000,20.7179597085,3.7962892931e-01
7,0.5000000000,20.7479639949,3.1289143477e-01
7,0.5000000000,20.7779682812,2.5697255411e-01
7,0.5000000000,20.8079725675,2.1194915826e-01
7,0.5000000000,20.8379768538,1.7627499550e-01
7,0.5000000000,20.8679811402,1.4809421184e-01
7,0.5000000000,20.8979854265,1.2574617564e-01
7,0.5000000000,20.9279897128,1.0789237956e-01
7,0.5000000000,20.9579939991,9.3500624269e-02
7,0.5000000000,20.9879982855,8.1789068975e-02
7,0.5000000000,21.0180025718,7.2168384514e-02
7,0.5000000000,21.0480068581,6.4193457030e-02
7,0.5000000000,21.0780111444,5.7526176536e-02
7,0.5000000000,21.1080154308,5.1907748468e-02
7,0.5000000000,21.1380197171,4.7138387748e-02
7,0.5000000000,21.1680240034,4.3062487841e-02
7,0.5000000000,21.1980282898,3.9557771417e-02
7,0.5000000000,21.2280325761,3.6527315614e-02
7,0.5000000000,21.2580368624,3.3893651526e-02
7,0.5000000000,21.2880411487,3.1594365321e-02
7,0.5000000000,21.3180454351,2.9578792425e-02
7,0.5000000000,21.3480497214,2.7805512769e-02
7,0.5000000000,21.3780540077,2.6240437507e-02
7,0.5000000000,21.4080582940,2.4855335842e-02
7,0.5000000000,21.4380625804,2.3626691931e-02
7,0.5000000000,21.4680668667,2.2534811299e-02
7,0.5000000000,21.4980711530,2.1563117311e-02
7,0.5000000000,21.5280754393,2.0697593502e-02
7,0.5000000000,21.5580797257,1.9926338684e-02
7,0.5000000000,21.5880840120,1.9239209844e-02
7,0.5000000000,21.6180882983,1.8627533876e-02
7,0.5000000000,21.6480925847,1.8083873621e-02
7,0.5000000000,21.6780968710,1.7601837057e-02
7,0.5000000000,21.7081011573,1.7175920964e-02
7,0.5000000000,21.7381054436,1.6801382325e-02
7,0.5000000000,21.7681097300,1.6474132174e-02
7,0.5000000000,21.7981140163,1.6190647723e-02
7,0.5000000000,21.8281183026,1.5947899482e-02
7,0.5000000000,21.8581225889,1.5743290747e-02
7,0.5000000000,21.8881268753,1.5574607390e-02
7,0.5000000000,21.9181311616,1.5439976298e-02
7,0.5000000000,21.9481354479,1.5337831152e-02
7,0.5000000000,21.9781397342,1.5266884521e-02
7,0.5000000000,22.0081440206,1.5226105487e-02
7,0.5000000000,22.0381483069,1.5214702194e-02
7,0.5000000000,22.0681525932,1.5232108896e-02
7,0.5000000000,22.0981568796,1.5277977143e-02
7,0.5000000000,22.1281611659,1.5352170706e-02
7,0.5000000000,22.1581654522,1.5454763432e-02
7,0.5000000000,22.1881697385,1.5586037961e-02
7,0.5000000000,22.2181740249,1.5746480093e-02
7,0.5000000000,22.2481783112,1.5936757160e-02
7,0.5000000000,22.2781825975,1.6157659473e-02
7,0.5000000000,22.3081868838,1.6409985035e-02
7,0.5000000000,22.3381911702,1.6694405589e-02
7,0.5000000000,22.3681954565,1.7011509571e-02
7,0.5000000000,22.3981997428,1.7362271814e-02
7,0.5000000000,22.4282040291,1.7748701290e-02
7,0.5000000000,22.4582083155,1.8173907126e-02
7,0.5000000000,22.4882126018,1.8641534376e-02
7,0.5000000000,22.5182168881,1.9155323729e-02
7,0.5000000000,22.5482211745,1.9719109668e-02
7,0.5000000000,22.5782254608,2.0337026275e-02
7,0.5000000000,22.6082297471,2.1013712599e-02
7,0.5000000000,22.6382340334,2.1754472597e-02
7,0.5000000000,22.6682383198,2.2565410984e-02
7,0.5000000000,22.6982426061,2.3453570671e-02
7,0.5000000000,22.7282468924,2.4427089173e-02
7,0.5000000000,22.7582511787,2.5495385867e-02
7,0.5000000000,22.7882554651,2.6669390259e-02
7,0.5000000000,22.8182597514,2.7961822183e-02
7,0.5000000000,22.8482640377,2.9387537192e-02
7,0.5000000000,22.8782683240,3.0963953973e-02
7,0.5000000000,22.9082726104,3.2711585639e-02
7,0.5000000000,22.9382768967,3.4654704370e-02
7,0.5000000000,22.9682811830,3.6822181384e-02
7,0.5000000000,22.9982854694,3.9248562581e-02
7,0.5000000000,23.0282897557,4.1975455292e-02
7,0.5000000000,23.0582940420,4.5053307158e-02
7,0.5000000000,23.0882983283,4.8543689025e-02
7,0.5000000000,23.1183026147,5.2522273532e-02
7,0.5000000000,23.1483069010,5.7082781979e-02
7,0.5000000000,23.1783111873,6.2342251101e-02
7,0.5000000000,23.2083154736,6.8448101045e-02
7,0.5000000000,23.2383197600,7.5587685931e-02
7,0.5000000000,23.2683240463,8.4001283897e-02
7,0.5000000000,23.2983283326,9.3999847472e-02
7,0.5000000000,23.3283326189,1.0598928491e-01
7,0.5000000000,23.3583369053,1.2050350372e-01
7,0.5000000000,23.3883411916,1.3824863519e-01
7,0.5000000000,23.4183454779,1.6015993420e-01
7,0.5000000000,23.4483497643,1.8746856901e-01
7,0.5000000000,23.4783540506,2.2176228831e-01
7,0.5000000000,23.5083583369,2.6498888629e-01
7,0.5000000000,23.5383626232,3.1926877549e-01
7,0.5000000000,23.5683669096,3.8621838938e-01
7,0.5000000000,23.5983711959,4.6526621148e-01
7,0.5000000000,23.6283754822,5.5054178160e-01
7,0.5000000000,23.6583797685,6.2752260623e-01
7,0.5000000000,23.6883840549,6.7450313836e-01
7,0.5000000000,23.7183883412,6.7428511242e-01
7,0.5000000000,23.7483926275,6.2830028350e-01
7,0.5000000000,23.7783969138,5.5538782619e-01
7,0.5000000000,23.8084012002,4.7695357245e-01
7,0.5000000000,23.8384054865,4.0654743829e-01
7,0.5000000000,23.8684097728,3.4941249335e-01
7,0.5000000000,23.8984140592,3.0601286879e-01
7,0.5000000000,23.9284183455,2.7499760598e-01
7,0.5000000000,23.9584226318,2.5475697693e-01
7,0.5000000000,23.9884269181,2.4405363849e-01
7,0.5000000000,24.0184312045,2.4222021615e-01
7,0.5000000000,24.0484354908,2.4918295606e-01
7,0.5000000000,24.0784397771,2.6539128032e-01
7,0.5000000000,24.1084440634,2.9159628266e-01
7,0.5000000000,24.1384483498,3.2827000558e-01
7,0.5000000000,24.1684526361,3.7430052488e-01
7,0.5000000000,24.1984569224,4.2473290369e-01
7,0.5000000000,24.2284612087,4.6862227241e-01
7,0.5000000000,24.2584654951,4.9077241938e-01
7,0.5000000000,24.2884697814,4.8045866758e-01
7,0.5000000000,24.3184740677,4.4031479276e-01
7,0.5000000000,24.3484783541,3.8384374850e-01
7,0.5000000000,24.3784826404,3.2503098714e-01
7,0.5000000000,24.4084869267,2.7214020356e-01
7,0.5000000000,24.4384912130,2.2799805048e-01
7,0.5000000000,24.4684954994,1.9244066890e-01
7,0.5000000000,24.4984997857,1.6419238500e-01
7,0.5000000000,24.5285040720,1.4180147318e-01
7,0.5000000000,24.5585083583,1.2398941251e-01
7,0.5000000000,24.5885126447,1.0973204743e-01
7,0.5000000000,24.6185169310,9.8241648151e-02
7,0.5000000000,24.6485212173,8.8922432346e-02
7,0.5000000000,24.6785255036,8.1326171004e-02
7,0.5000000000,24.7085297900,7.5115592139e-02
7,0.5000000000,24.7385340763,7.0036385640e-02
7,0.5000000000,24.7685383626,6.5896509862e-02
7,0.5000000000,24.7985426489,6.2551157188e-02
7,0.5000000000,24.8285469353,5.9891949853e-02
7,0.5000000000,24.8585512216,5.7839268269e-02
7,0.5000000000,24.8885555079,5.6336919399e-02
7,0.5000000000,24.9185597943,5.5348599515e-02
7,0.5000000000,24.9485640806,5.4855798396e-02
7,0.5000000000,24.9785683669,5.4856945463e-02
7,0.5000000000,25.0085726532,5.5367728169e-02
7,0.5000000000,25.0385769396,5.6422634015e-02
7,0.5000000000,25.0685812259,5.8077892185e-02
7,0.5000000000,25.0985855122,6.0416128162e-02
7,0.5000000000,25.1285897985,6.3553194048e-02
7,0.5000000000,25.1585940849,6.7647771195e-02
7,0.5000000000,25.1885983712,7.2914358841e-02
7,0.5000000000,25.2186026575,7.9639871832e-02
7,0.5000000000,25.2486069438,8.8202516088e-02
7,0.5000000000,25.2786112302,9.9087088280e-02
7,0.5000000000,25.3086155165,1.1287955012e-01
7,0.5000000000,25.3386198028,1.3019962874e-01
7,0.5000000000,25.3686240892,1.5149216859e-01
7,0.5000000000,25.3986283755,1.7658529310e-01
7,0.5000000000,25.4286326618,2.0409315674e-01
7,0.5000000000,25.4586369481,2.3128224085e-01
7,0.5000000000,25.4886412345,2.5531106034e-01
7,0.5000000000,25.5186455208,2.7503044867e-01
7,0.5000000000,25.5486498071,2.9037683272e-01
7,0.5000000000,25.5786540934,2.9936591403e-01
7,0.5000000000,25.6086583798,2.9746587903e-01
7,0.5000000000,25.6386626661,2.8178934204e-01
7,0.5000000000,25.6686669524,2.5509663838e-01
7,0.5000000000,25.6986712387,2.2404537313e-01
7,0.5000000000,25.7286755251,1.9460381901e-01
7,0.5000000000,25.7586798114,1.6992384573e-01
7,0.5000000000,25.7886840977,1.5087786232e-01
7,0.5000000000,25.8186883841,1.3722167834e-01
7,0.5000000000,25.8486926704,1.2837289722e-01
7,0.5000000000,25.8786969567,1.2373772294e-01
7,0.5000000000,25.9087012430,1.2274156480e-01
7,0.5000000000,25.9387055294,1.2469334539e-01
7,0.5000000000,25.9687098157,1.2865908224e-01
7,0.5000000000,25.9987141020,1.3366192259e-01
7,0.5000000000,26.0287183883,1.3932661901e-01
7,0.5000000000,26.0587226747,1.4628376467e-01
7,0.5000000000,26.0887269610,1.5554612792e-01
7,0.5000000000,26.1187312473,1.6722096707e-01
7,0.5000000000,26.1487355336,1.7939716350e-01
7,0.5000000000,26.1787398200,1.8794800418e-01
7,0.5000000000,26.2087441063,1.8832370560e-01
7,0.5000000000,26.2387483926,1.7893116757e-01
7,0.5000000000,26.2687526790,1.6250477268e-01
7,0.5000000000,26.2987569653,1.4366420237e-01
7,0.5000000000,26.3287612516,1.2595616445e-01
7,0.5000000000,26.3587655379,1.1101928343e-01
7,0.5000000000,26.3887698243,9.9167740924e-02
7,0.5000000000,26.4187741106,9.0117120367e-02
7,0.5000000000,26.4487783969,8.3417552727e-02
7,0.5000000000,26.4787826832,7.8638968969e-02
7,0.5000000000,26.5087869696,7.5427295222e-02
7,0.5000000000,26.5387912559,7.3510750635e-02
7,0.5000000000,26.5687955422,7.2696628092e-02
7,0.5000000000,26.5987998285,7.2869381365e-02
7,0.5000000000,26.6288041149,7.3981560137e-02
7,0.5000000000,26.6588084012,7.6036540605e-02
7,0.5000000000,26.6888126875,7.9076090862e-02
7,0.5000000000,26.7188169739,8.3179066266e-02
7,0.5000000000,26.7488212602,8.8467493446e-02
7,0.5000000000,26.7788255465,9.5116490841e-02
7,0.5000000000,26.8088298328,1.0336778920e-01
7,0.5000000000,26.8388341192,1.1354838962e-01
7,0.5000000000,26.8688384055,1.2609659909e-01
7,0.5000000000,26.8988426918,1.4159818448e-01
7,0.5000000000,26.9288469781,1.6083577858e-01
7,0.5000000000,26.9588512645,1.8485431570e-01
7,0.5000000000,26.9888555508,2.1504228449e-01
7,0.5000000000,27.0188598371,2.5321814903e-01
7,0.5000000000,27.0488641234,3.0168189217e-01
7,0.5000000000,27.0788684098,3.6311838211e-01
7,0.5000000000,27.1088726961,4.4007946926e-01
7,0.5000000000,27.1388769824,5.3349982419e-01
7,0.5000000000,27.1688812688,6.3951951819e-01
7,0.5000000000,27.1988855551,7.4480037361e-01
7,0.5000000000,27.2288898414,8.2435989258e-01
7,0.5000000000,27.2588941277,8.5035923236e-01
7,0.5000000000,27.2888984141,8.1182577195e-01
7,0.5000000000,27.3189027004,7.2443458322e-01
7,0.5000000000,27.3489069867,6.1684508098e-01
7,0.5000000000,27.3789112730,5.1201696279e-01
7,0.5000000000,27.4089155594,4.2110390903e-01
7,0.5000000000,27.4389198457,3.4669541421e-01
7,0.5000000000,27.4689241320,2.8735339448e-01
7,0.5000000000,27.4989284183,2.4041906615e-01
7,0.5000000000,27.5289327047,2.0325379861e-01
7,0.5000000000,27.5589369910,1.7364274065e-01
7,0.5000000000,27.5889412773,1.4984788532e-01
7,0.5000000000,27.6189455637,1.3054383195e-01
7,0.5000000000,27.6489498500,1.1473017159e-01
7,0.5000000000,27.6789541363,1.0165244711e-01
7,0.5000000000,27.7089584226,9.0739309451e-02
7,0.5000000000,27.7389627090,8.1555106781e-02
7,0.5000000000,27.7689669953,7.3764923611e-02
7,0.5000000000,27.7989712816,6.7109017687e-02
7,0.5000000000,27.8289755679,6.1384143970e-02
7,0.5000000000,27.8589798543,5.6429863516e-02
7,0.5000000000,27.8889841406,5.2118448196e-02
7,0.5000000000,27.9189884269,4.8347383558e-02
7,0.5000000000,27.9489927132,4.5033757541e-02
7,0.5000000000,27.9789969996,4.2110026610e-02
7,0.5000000000,28.0090012859,3.9520795280e-02
7,0.5000000000,28.0390055722,3.7220346985e-02
7,0.5000000000,28.0690098586,3.5170736526e-02
7,0.5000000000,28.0990141449,3.3340305698e-02
7,0.5000000000,28.1290184312,3.1702520418e-02
7,0.5000000000,28.1590227175,3.0235054102e-02
7,0.5000000000,28.1890270039,2.8919061003e-02
7,0.5000000000,28.2190312902,2.7738596669e-02
7,0.5000000000,28.2490355765,2.6680151466e-02
7,0.5000000000,28.2790398628,2.5732267009e-02
7,0.5000000000,28.3090441492,2.4885203303e-02
7,0.5000000000,28.3390484355,2.4130616430e-02
7,0.5000000000,28.3690527218,2.3461206221e-02
7,0.5000000000,28.3990570081,2.2870353413e-02
7,0.5000000000,28.4290612945,2.2351958008e-02
7,0.5000000000,28.4590655808,2.1900830376e-02
7,0.5000000000,28.4890698671,2.1513462824e-02
7,0.5000000000,28.5190741535,2.1188195250e-02
7,0.5000000000,28.5490784398,2.0924455596e-02
7,0.5000000000,28.5790827261,2.0722007270e-02
7,0.5000000000,28.6090870124,2.0580782685e-02
7,0.5000000000,28.6390912988,2.0501058707e-02
7,0.5000000000,28.6690955851,2.0483660892e-02
7,0.5000000000,28.6990998714,2.0530106158e-02
7,0.5000000000,28.7291041577,2.0642703483e-02
7,0.5000000000,28.7591084441,2.0824645679e-02
7,0.5000000000,28.7891127304,2.1080114520e-02
7,0.5000000000,28.8191170167,2.1414412966e-02
7,0.5000000000,28.8491213030,2.1834134755e-02
7,0.5000000000,28.8791255894,2.2347381712e-02
7,0.5000000000,28.9091298757,2.2964041254e-02
7,0.5000000000,28.9391341620,2.3696140342e-02
7,0.5000000000,28.9691384483,2.4558297494e-02
7,0.5000000000,28.9991427347,2.5568301984e-02
7,0.5000000000,29.0291470210,2.6747859558e-02
7,0.5000000000,29.0591513073,2.8123558273e-02
7,0.5000000000,29.0891555937,2.9728127867e-02
7,0.5000000000,29.1191598800,3.1602093802e-02
7,0.5000000000,29.1491641663,3.3795966157e-02
7,0.5000000000,29.1791684526,3.6373158253e-02
7,0.5000000000,29.2091727390,3.9413906287e-02
7,0.5000000000,29.2391770253,4.3020566033e-02
7,0.5000000000,29.2691813116,4.7324801993e-02
7,0.5000000000,29.2991855979,5.2497359548e-02
7,0.5000000000,29.3291898843,5.8761313141e-02
7,0.5000000000,29.3591941706,6.6409896349e-02
7,0.5000000000,29.3891984569,7.5830211165e-02
7,0.5000000000,29.4192027432,8.7533963043e-02
7,0.5000000000,29.4492070296,1.0219392020e-01
7,0.5000000000,29.4792113159,1.2067468482e-01
7,0.5000000000,29.5092156022,1.4402170170e-01
7,0.5000000000,29.5392198886,1.7332374135e-01
7,0.5000000000,29.5692241749,2.0927279511e-01
7,0.5000000000,29.5992284612,2.5113985874e-01
7,0.5000000000,29.6292327475,2.9503855320e-01
7,0.5000000000,29.6592370339,3.3245724882e-01
7,0.5000000000,29.6892413202,3.5208338359e-01
7,0.5000000000,29.7192456065,3.4681282518e-01
7,0.5000000000,29.7492498928,3.1991532204e-01
7,0.5000000000,29.7792541792,2.8220765218e-01
7,0.5000000000,29.8092584655,2.4418654389e-01
7,0.5000000000,29.8392627518,2.1192028462e-01
7,0.5000000000,29.8692670381,1.8758563813e-01
7,0.5000000000,29.8992713245,1.7129093854e-01
7,0.5000000000,29.9292756108,1.6229347894e-01
7,0.5000000000,29.9592798971,1.5934567990e-01
7,0.5000000000,29.9892841835,1.6039591118e-01
7,0.5000000000,30.0192884698,1.6212971628e-01
7,0.5000000000,30.0492927561,1.6037543891e-01
7,0.5000000000,30.0792970424,1.5216622395e-01
7,0.5000000000,30.1093013288,1.3783847823e-01
7,0.5000000000,30.1393056151,1.2040655932e-01
7,0.5000000000,30.1693099014,1.0305269689e-01
7,0.5000000000,30.1993141877,8.7626858020e-02
7,0.5000000000,30.2293184741,7.4705713420e-02
7,0.5000000000,30.2593227604,6.4171807671e-02
7,0.5000000000,30.2893270467,5.5658270665e-02
7,0.5000000000,30.3193313330,4.8768907679e-02
7,0.5000000000,30.3493356194,4.3158805301e-02
7,0.5000000000,30.3793399057,3.8551491866e-02
7,0.5000000000,30.4093441920,3.4732931732e-02
7,0.5000000000,30.4393484784,3.1539579612e-02
7,0.5000000000,30.4693527647,2.8846759861e-02
7,0.5000000000,30.4993570510,2.6559140753e-02
7,0.5000000000,30.5293613373,2.4603443525e-02
7,0.5000000000,30.5593656237,2.2923031472e-02
7,0.5000000000,30.5893699100,2.1473939590e-02
7,0.5000000000,30.6193741963,2.0221970096e-02
7,0.5000000000,30.6493784826,1.9140581351e-02
7,0.5000000000,30.6793827690,1.8209366956e-02
7,0.5000000000,30.7093870553,1.7412966550e-02
7,0.5000000000,30.7393913416,1.6740313413e-02
7,0.5000000000,30.7693956279,1.6184244110e-02
7,0.5000000000,30.7993999143,1.5741627896e-02
7,0.5000000000,30.8294042006,1.5414030045e-02
7,0.5000000000,30.8594084869,1.5208444478e-02
7,0.5000000000,30.8894127733,1.5137642559e-02
7,0.5000000000,30.9194170596,1.5220131202e-02
7,0.5000000000,30.9494213459,1.5479084984e-02
7,0.5000000000,30.9794256322,1.5937667031e-02
7,0.5000000000,31.0094299186,1.6605434099e-02
7,0.5000000000,31.0394342049,1.7448665732e-02
7,0.5000000000,31.0694384912,1.8345339094e-02
7,0.5000000000,31.0994427775,1.9060895794e-02
7,0.5000000000,31.1294470639,1.9326008726e-02
7,0.5000000000,31.1594513502,1.9026070010e-02
7,0.5000000000,31.1894556365,1.8308152795e-02
7,0.5000000000,31.2194599228,1.7459287820e-02
7,0.5000000000,31.2494642092,1.6722387970e-02
7,0.5000000000,31.2794684955,1.6230805214e-02
7,0.5000000000,31.3094727818,1.6038711286e-02
7,0.5000000000,31.3394770682,1.6167829623e-02
7,0.5000000000,31.3694813545,1.6638572534e-02
7,0.5000000000,31.3994856408,1.7486236227e-02
7,0.5000000000,31.4294899271,1.8768756834e-02
7,0.5000000000,31.4594942135,2.0568854038e-02
7,0.5000000000,31.4894984998,2.2987298784e-02
7,0.5000000000,31.5195027861,2.6115085446e-02
7,0.5000000000,31.5495070724,2.9959791990e-02
7,0.5000000000,31.5795113588,3.4297359548e-02
7,0.5000000000,31.6095156451,3.8475671288e-02
7,0.5000000000,31.6395199314,4.1380471825e-02
7,0.5000000000,31.6695242177,4.1911797787e-02
7,0.5000000000,31.6995285041,3.9814928118e-02
7,0.5000000000,31.7295327904,3.5910288154e-02
7,0.5000000000,31.7595370767,3.1400440172e-02
7,0.5000000000,31.7895413631,2.7158933622e-02
7,0.5000000000,31.8195456494,2.3574558326e-02
7,0.5000000000,31.8495499357,2.0717180573e-02
7,0.5000000000,31.8795542220,1.8517884027e-02
7,0.5000000000,31.9095585084,1.6872610556e-02
7,0.5000000000,31.9395627947,1.5686211630e-02
7,0.5000000000,31.9695670810,1.4886491251e-02
7,0.5000000000,31.9995713673,1.4426362396e-02
7,0.5000000000,32.0295756537,1.4282443036e-02
7,0.5000000000,32.0595799400,1.4453117045e-02
7,0.5000000000,32.0895842263,1.4956263224e-02
7,0.5000000000,32.1195885126,1.5824495587e-02
7,0.5000000000,32.1495927990,1.7092316273e-02
7,0.5000000000,32.1795970853,1.8764739023e-02
7,0.5000000000,32.2096013716,2.0756300715e-02
7,0.5000000000,32.2396056580,2.2814692789e-02
7,0.5000000000,32.2696099443,2.4519319841e-02
7,0.5000000000,32.2996142306,2.5484855078e-02
7,0.5000000000,32.3296185169,2.5668252095e-02
7,0.5000000000,32.3596228033,2.5384112374e-02
7,0.5000000000,32.3896270896,2.4951705817e-02
7,0.5000000000,32.4196313759,2.4389080636e-02
7,0.5000000000,32.4496356622,2.3454140817e-02
7,0.5000000000,32.4796399486,2.1964840999e-02
7,0.5000000000,32.5096442349,2.0045555423e-02
7,0.5000000000,32.5396485212,1.8030182161e-02
7,0.5000000000,32.5696528075,1.6216710908e-02
7,0.5000000000,32.5996570939,1.4758955535e-02
7,0.5000000000,32.6296613802,1.3697881389e-02
7,0.5000000000,32.6596656665,1.3023154385e-02
7,0.5000000000,32.6896699529,1.2712762674e-02
7,0.5000000000,32.7196742392,1.2746492059e-02
7,0.5000000000,32.7496785255,1.3097728786e-02
7,0.5000000000,32.7796828118,1.3703317192e-02
7,0.5000000000,32.8096870982,1.4415281903e-02
7,0.5000000000,32.8396913845,1.4972058896e-02
7,0.5000000000,32.8696956708,1.5072895644e-02
7,0.5000000000,32.8996999571,1.4568908889e-02
7,0.5000000000,32.9297042435,1.3576696410e-02
7,0.5000000000,32.9597085298,1.2362076201e-02
7,0.5000000000,32.9897128161,1.1156100034e-02
7,0.5000000000,33.0197171024,1.0085442492e-02
7,0.5000000000,33.0497213888,9.1943294303e-03
7,0.5000000000,33.0797256751,8.4817085626e-03
7,0.5000000000,33.1097299614,7.9271286082e-03
7,0.5000000000,33.1397342477,7.5054388389e-03
7,0.5000000000,33.1697385341,7.1937577748e-03
7,0.5000000000,33.1997428204,6.9738759540e-03
7,0.5000000000,33.2297471067,6.8325015373e-03
7,0.5000000000,33.2597513931,6.7607614663e-03
7,0.5000000000,33.2897556794,6.7536355362e-03
7,0.5000000000,33.3197599657,6.8096047944e-03
7,0.5000000000,33.3497642520,6.9305671714e-03
7,0.5000000000,33.3797685384,7.1219532582e-03
7,0.5000000000,33.4097728247,7.3930294482e-03
7,0.5000000000,33.4397771110,7.7574232355e-03
7,0.5000000000,33.4697813973,8.2337250742e-03
7,0.5000000000,33.4997856837,8.8456109457e-03
7,0.5000000000,33.5297899700,9.6201384298e-03
7,0.5000000000,33.5597942563,1.0581458863e-02
7,0.5000000000,33.5897985426,1.1735930688e-02
7,0.5000000000,33.6198028290,1.3048082412e-02
7,0.5000000000,33.6498071153,1.4424108261e-02
7,0.5000000000,33.6798114016,1.5741427347e-02
7,0.5000000000,33.7098156880,1.6925470359e-02
7,0.5000000000,33.7398199743,1.7976818699e-02
7,0.5000000000,33.7698242606,1.8904904513e-02
7,0.5000000000,33.7998285469,1.9709901626e-02
7,0.5000000000,33.8298328333,2.0481938950e-02
7,0.5000000000,33.8598371196,2.1449935115e-02
7,0.5000000000,33.8898414059,2.2878894640e-02
7,0.5000000000,33.9198456922,2.4927415345e-02
7,0.5000000000,33.9498499786,2.7535725016e-02
7,0.5000000000,33.9798542649,3.0315440909e-02
7,0.5000000000,34.0098585512,3.2512592247e-02
7,0.5000000000,34.0398628375,3.3281438773e-02
7,0.5000000000,34.0698671239,3.2277402771e-02
7,0.5000000000,34.0998714102,2.9957244431e-02
7,0.5000000000,34.1298756965,2.7178944156e-02
7,0.5000000000,34.1598799829,2.4644320323e-02
7,0.5000000000,34.1898842692,2.2714555469e-02
7,0.5000000000,34.2198885555,2.1507404159e-02
7,0.5000000000,34.2498928418,2.1035729276e-02
7,0.5000000000,34.2798971282,2.1295861732e-02
7,0.5000000000,34.3099014145,2.2309605661e-02
7,0.5000000000,34.3399057008,2.4139433297e-02
7,0.5000000000,34.3699099871,2.6885307860e-02
7,0.5000000000,34.3999142735,3.0655242675e-02
7,0.5000000000,34.4299185598,3.5482290411e-02
7,0.5000000000,34.4599228461,4.1147145587e-02
7,0.5000000000,34.4899271324,4.6910433099e-02
7,0.5000000000,34.5199314188,5.1366507278e-02
7,0.5000000000,34.5499357051,5.2896795602e-02
7,0.5000000000,34.5799399914,5.0783142215e-02
7,0.5000000000,34.6099442778,4.5839247988e-02
7,0.5000000000,34.6399485641,3.9693324313e-02
7,0.5000000000,34.6699528504,3.3697129420e-02
7,0.5000000000,34.6999571367,2.8530936088e-02
7,0.5000000000,34.7299614231,2.4372452525e-02
7,0.5000000000,34.7599657094,2.1160074244e-02
7,0.5000000000,34.7899699957,1.8760490988e-02
7,0.5000000000,34.8199742820,1.7044207394e-02
7,0.5000000000,34.8499785684,1.5909924178e-02
7,0.5000000000,34.8799828547,1.5283997979e-02
7,0.5000000000,34.9099871410,1.5102935859e-02
7,0.5000000000,34.9399914273,1.5276179322e-02
7,0.5000000000,34.9699957137,1.5630956550e-02
7,0.5000000000,35.0000000000,1.5876701071e-02
