k_index,k1,k2,k3,k_distance_inv_ang,label,energy_eV,spectral_weight_per_eV
0,0.0000000000,0.0000000000,0.0000000000,0.0000000000,G,-20.0000000000,8.5382266581e-04
0,0.0000000000,0.0000000000,0.0000000000,0.0000000000,G,-19.9399399399,8.5952109426e-04
0,0.0000000000,0.0000000000,0.0000000000,0.0000000000,G,-19.8798798799,8.6538310119e-04
0,0.0000000000,0.0000000000,0.0000000000,0.0000000000,G,-19.8198198198,8.7140374299e-04
0,0.0000000000,0.0000000000,0.0000000000,0.0000000000,G,-19.7597597598,8.7757877864e-04
0,0.0000000000,0.0000000000,0.0000000000,0.0000000000,G,-19.6996996997,8.8390459098e-04
0,0.0000000000,0.0000000000,0.0000000000,0.0000000000,G,-19.6396396396,8.9037811915e-04
0,0.0000000000,0.0000000000,0.0000000000,0.0000000000,G,-19.5795795796,8.9699680075e-04
0,0.0000000000,0.0000000000,0.0000000000,0.0000000000,G,-19.5195195195,9.0375852205e-04
0,0.0000000000,0.0000000000,0.0000000000,0.0000000000,G,-19.4594594595,9.1066157544e-04
0,0.0000000000,0.0000000000,0.0000000000,0.0000000000,G,-19.3993993994,9.1770462297e-04
0,0.0000000000,0.0000000000,0.0000000000,0.0000000000,G,-19.3393393393,9.2488666533e-04
0,0.0000000000,0.0000000000,0.0000000000,0.0000000000,G,-19.2792792793,9.3220701578e-04
0,0.0000000000,0.0000000000,0.0000000000,0.0000000000,G,-19.2192192192,9.3966527838e-04
0,0.0000000000,0.0000000000,0.0000000000,0.0000000000,G,-19.1591591592,9.4726133045e-04
0,0.0000000000,0.0000000000,0.0000000000,0.0000000000,G,-19.0990990991,9.5499530891e-04
0,0.0000000000,0.0000000000,0.0000000000,0.0000000000,G,-19.0390390390,9.6286760064e-04
0,0.0000000000,0.0000000000,0.0000000000,0.0000000000,G,-18.9789789790,9.7087883679e-04
0,0.0000000000,0.0000000000,0.0000000000,0.0000000000,G,-18.9189189189,9.7902989162e-04
0,0.0000000000,0.0000000000,0.0000000000,0.0000000000,G,-18.8588588589,9.8732188628e-04
0,0.0000000000,0.0000000000,0.0000000000,0.0000000000,G,-18.7987987988,9.9575619850e-04
0,0.0000000000,0.0000000000,0.0000000000,0.0000000000,G,-18.7387387387,1.0043344795e-03
0,0.0000000000,0.0000000000,0.0000000000,0.0000000000,G,-18.6786786787,1.0130586801e-03
0,0.0000000000,0.0000000000,0.0000000000,0.0000000000,G,-18.6186186186,1.0219310889e-03
0,0.0000000000,0.0000000000,0.0000000000,0.0000000000,G,-18.5585585586,1.0309543859e-03
0,0.0000000000,0.0000000000,0.0000000000,0.0000000000,G,-18.4984984985,1.0401317180e-03
0,0.0000000000,0.0000000000,0.0000000000,0.0000000000,G,-18.4384384384,1.0494668037e-03
0,0.0000000000,0.0000000000,0.0000000000,0.0000000000,G,-18.3783783784,1.0589640775e-03
0,0.0000000000,0.0000000000,0.0000000000,0.0000000000,G,-18.3183183183,1.0686288898e-03
0,0.0000000000,0.0000000000,0.0000000000,0.0000000000,G,-18.2582582583,1.0784677830e-03
0,0.0000000000,0.0000000000,0.0000000000,0.0000000000,G,-18.1981981982,1.0884888667e-03
0,0.0000000000,0.0000000000,0.0000000000,0.0000000000,G,-18.1381381381,1.0987023205e-03
0,0.0000000000,0.0000000000,0.0000000000,0.0000000000,G,-18.0780780781,1.1091210347e-03
0,0.0000000000,0.0000000000,0.0000000000,0.0000000000,G,-18.0180180180,1.1197613440e-03
0,0.0000000000,0.0000000000,0.0000000000,0.0000000000,G,-17.9579579580,1.1306436370e-03
0,0.0000000000,0.0000000000,0.0000000000,0.0000000000,G,-17.8978978979,1.1417921755e-03
0,0.0000000000,0.0000000000,0.0000000000,0.0000000000,G,-17.8378378378,1.1532324262e-03
0,0.0000000000,0.0000000000,0.0000000000,0.0000000000,G,-17.7777777778,1.1649822337e-03
0,0.0000000000,0.0000000000,0.0000000000,0.0000000000,G,-17.7177177177,1.1770308687e-03
0,0.0000000000,0.0000000000,0.0000000000,0.0000000000,G,-17.6576576577,1.1893026901e-03
0,0.0000000000,0.0000000000,0.0000000000,0.0000000000,G,-17.5975975976,1.2016242763e-03
0,0.0000000000,0.0000000000,0.0000000000,0.0000000000,G,-17.5375375375,1.2137575106e-03
0,0.0000000000,0.0000000000,0.0000000000,0.0000000000,G,-17.4774774775,1.2255441390e-03
0,0.0000000000,0.0000000000,0.0000000000,0.0000000000,G,-17.4174174174,1.2370430445e-03
0,0.0000000000,0.0000000000,0.0000000000,0.0000000000,G,-17.3573573574,1.2484801573e-03
0,0.0000000000,0.0000000000,0.0000000000,0.0000000000,G,-17.2972972973,1.2600811029e-03
0,0.0000000000,0.0000000000,0.0000000000,0.0000000000,G,-17.2372372372,1.2719777587e-03
0,0.0000000000,0.0000000000,0.0000000000,0.0000000000,G,-17.1771771772,1.2842165161e-03
0,0.0000000000,0.0000000000,0.0000000000,0.0000000000,G,-17.1171171171,1.2967977799e-03
0,0.0000000000,0.0000000000,0.0000000000,0.0000000000,G,-17.0570570571,1.3097053009e-03
0,0.0000000000,0.0000000000,0.0000000000,0.0000000000,G,-16.9969969970,1.3229205411e-03
0,0.0000000000,0.0000000000,0.0000000000,0.0000000000,G,-16.9369369369,1.3364279494e-03
0,0.0000000000,0.0000000000,0.0000000000,0.0000000000,G,-16.8768768769,1.3502161354e-03
0,0.0000000000,0.0000000000,0.0000000000,0.0000000000,G,-16.8168168168,1.3642775474e-03
0,0.0000000000,0.0000000000,0.0000000000,0.0000000000,G,-16.7567567568,1.3786077596e-03
0,0.0000000000,0.0000000000,0.0000000000,0.0000000000,G,-16.6966966967,1.3932047737e-03
0,0.0000000000,0.0000000000,0.0000000000,0.0000000000,G,-16.6366366366,1.4080684452e-03
0,0.0000000000,0.0000000000,0.0000000000,0.0000000000,G,-16.5765765766,1.4232000473e-03
0,0.0000000000,0.0000000000,0.0000000000,0.0000000000,G,-16.5165165165,1.4386019479e-03
0,0.0000000000,0.0000000000,0.0000000000,0.0000000000,G,-16.4564564565,1.4542773752e-03
0,0.0000000000,0.0000000000,0.0000000000,0.0000000000,G,-16.3963963964,1.4702302472e-03
0,0.0000000000,0.0000000000,0.0000000000,0.0000000000,G,-16.3363363363,1.4864650497e-03
0,0.0000000000,0.0000000000,0.0000000000,0.0000000000,G,-16.2762762763,1.5029867471e-03
0,0.0000000000,0.0000000000,0.0000000000,0.0000000000,G,-16.2162162162,1.5198007186e-03
0,0.0000000000,0.0000000000,0.0000000000,0.0000000000,G,-16.1561561562,1.5369127122e-03
0,0.0000000000,0.0000000000,0.0000000000,0.0000000000,G,-16.0960960961,1.5543288117e-03
0,0.0000000000,0.0000000000,0.0000000000,0.0000000000,G,-16.0360360360,1.5720554137e-03
0,0.0000000000,0.0000000000,0.0000000000,0.0000000000,G,-15.9759759760,1.5900992117e-03
0,0.0000000000,0.0000000000,0.0000000000,0.0000000000,G,-15.9159159159,1.6084671856e-03
0,0.0000000000,0.0000000000,0.0000000000,0.0000000000,G,-15.8558558559,1.6271665959e-03
0,0.0000000000,0.0000000000,0.0000000000,0.0000000000,G,-15.7957957958,1.6462049807e-03
0,0.0000000000,0.0000000000,0.0000000000,0.0000000000,G,-15.7357357357,1.6655901552e-03
0,0.0000000000,0.0000000000,0.0000000000,0.0000000000,G,-15.6756756757,1.6853302142e-03
0,0.0000000000,0.0000000000,0.0000000000,0.0000000000,G,-15.6156156156,1.7054335353e-03
0,0.0000000000,0.0000000000,0.0000000000,0.0000000000,G,-15.5555555556,1.7259087839e-03
0,0.0000000000,0.0000000000,0.0000000000,0.0000000000,G,-15.4954954955,1.7467649197e-03
0,0.0000000000,0.0000000000,0.0000000000,0.0000000000,G,-15.4354354354,1.7680112041e-03
0,0.0000000000,0.0000000000,0.0000000000,0.0000000000,G,-15.3753753754,1.7896572083e-03
0,0.0000000000,0.0000000000,0.0000000000,0.0000000000,G,-15.3153153153,1.8117128229e-03
0,0.0000000000,0.0000000000,0.0000000000,0.0000000000,G,-15.2552552553,1.8341882677e-03
0,0.0000000000,0.0000000000,0.0000000000,0.0000000000,G,-15.1951951952,1.8570941028e-03
0,0.0000000000,0.0000000000,0.0000000000,0.0000000000,G,-15.1351351351,1.8804412402e-03
0,0.0000000000,0.0000000000,0.0000000000,0.0000000000,G,-15.0750750751,1.9042409564e-03
0,0.0000000000,0.0000000000,0.0000000000,0.0000000000,G,-15.0150150150,1.9285049055e-03
0,0.0000000000,0.0000000000,0.0000000000,0.0000000000,G,-14.9549549550,1.9532451331e-03
0,0.0000000000,0.0000000000,0.0000000000,0.0000000000,G,-14.8948948949,1.9784740914e-03
0,0.0000000000,0.0000000000,0.0000000000,0.0000000000,G,-14.8348348348,2.0042046547e-03
0,0.0000000000,0.0000000000,0.0000000000,0.0000000000,G,-14.7747747748,2.0304501356e-03
0,0.0000000000,0.0000000000,0.0000000000,0.0000000000,G,-14.7147147147,2.0572243029e-03
0,0.0000000000,0.0000000000,0.0000000000,0.0000000000,G,-14.6546546547,2.0845413993e-03
0,0.0000000000,0.0000000000,0.0000000000,0.0000000000,G,-14.5945945946,2.1124161608e-03
0,0.0000000000,0.0000000000,0.0000000000,0.0000000000,G,-14.5345345345,2.1408638371e-03
0,0.0000000000,0.0000000000,0.0000000000,0.0000000000,G,-14.4744744745,2.1699002124e-03
0,0.0000000000,0.0000000000,0.0000000000,0.0000000000,G,-14.4144144144,2.1995416280e-03
0,0.0000000000,0.0000000000,0.0000000000,0.0000000000,G,-14.3543543544,2.2298050058e-03
0,0.0000000000,0.0000000000,0.0000000000,0.0000000000,G,-14.2942942943,2.2607078727e-03
0,0.0000000000,0.0000000000,0.0000000000,0.0000000000,G,-14.2342342342,2.2922683872e-03
0,0.0000000000,0.0000000000,0.0000000000,0.0000000000,G,-14.1741741742,2.3245053660e-03
0,0.0000000000,0.0000000000,0.0000000000,0.0000000000,G,-14.1141141141,2.3574383132e-03
0,0.0000000000,0.0000000000,0.0000000000,0.0000000000,G,-14.0540540541,2.3910874506e-03
0,0.0000000000,0.0000000000,0.0000000000,0.0000000000,G,-13.9939939940,2.4254737494e-03
0,0.0000000000,0.0000000000,0.0000000000,0.0000000000,G,-13.9339339339,2.4606189639e-03
0,0.0000000000,0.0000000000,0.0000000000,0.0000000000,G,-13.8738738739,2.4965456671e-03
0,0.0000000000,0.0000000000,0.0000000000,0.0000000000,G,-13.8138138138,2.5332772879e-03
0,0.0000000000,0.0000000000,0.0000000000,0.0000000000,G,-13.7537537538,2.5708381505e-03
0,0.0000000000,0.0000000000,0.0000000000,0.0000000000,G,-13.6936936937,2.6092535159e-03
0,0.0000000000,0.0000000000,0.0000000000,0.0000000000,G,-13.6336336336,2.6485496259e-03
0,0.0000000000,0.0000000000,0.0000000000,0.0000000000,G,-13.5735735736,2.6887537494e-03
0,0.0000000000,0.0000000000,0.0000000000,0.0000000000,G,-13.5135135135,2.7298942316e-03
0,0.0000000000,0.0000000000,0.0000000000,0.0000000000,G,-13.4534534535,2.7720005453e-03
0,0.0000000000,0.0000000000,0.0000000000,0.0000000000,G,-13.3933933934,2.8151033460e-03
0,0.0000000000,0.0000000000,0.0000000000,0.0000000000,G,-13.3333333333,2.8592345297e-03
0,0.0000000000,0.0000000000,0.0000000000,0.0000000000,G,-13.2732732733,2.9044272942e-03
0,0.0000000000,0.0000000000,0.0000000000,0.0000000000,G,-13.2132132132,2.9507162042e-03
0,0.0000000000,0.0000000000,0.0000000000,0.0000000000,G,-13.1531531532,2.9981372599e-03
0,0.0000000000,0.0000000000,0.0000000000,0.0000000000,G,-13.0930930931,3.0467279702e-03
0,0.0000000000,0.0000000000,0.0000000000,0.0000000000,G,-13.0330330330,3.0965274302e-03
0,0.0000000000,0.0000000000,0.0000000000,0.0000000000,G,-12.9729729730,3.1475764030e-03
0,0.0000000000,0.0000000000,0.0000000000,0.0000000000,G,-12.9129129129,3.1999174076e-03
0,0.0000000000,0.0000000000,0.0000000000,0.0000000000,G,-12.8528528529,3.2535948112e-03
0,0.0000000000,0.0000000000,0.0000000000,0.0000000000,G,-12.7927927928,3.3086549282e-03
0,0.0000000000,0.0000000000,0.0000000000,0.0000000000,G,-12.7327327327,3.3651461252e-03
0,0.0000000000,0.0000000000,0.0000000000,0.0000000000,G,-12.6726726727,3.4231189329e-03
0,0.0000000000,0.0000000000,0.0000000000,0.0000000000,G,-12.6126126126,3.4826261653e-03
0,0.0000000000,0.0000000000,0.0000000000,0.0000000000,G,-12.5525525526,3.5437230467e-03
0,0.0000000000,0.0000000000,0.0000000000,0.0000000000,G,-12.4924924925,3.6064673477e-03
0,0.0000000000,0.0000000000,0.0000000000,0.0000000000,G,-12.4324324324,3.6709195298e-03
0,0.0000000000,0.0000000000,0.0000000000,0.0000000000,G,-12.3723723724,3.7371429003e-03
0,0.0000000000,0.0000000000,0.0000000000,0.0000000000,G,-12.3123123123,3.8052037784e-03
0,0.0000000000,0.0000000000,0.0000000000,0.0000000000,G,-12.2522522523,3.8751716719e-03
0,0.0000000000,0.0000000000,0.0000000000,0.0000000000,G,-12.1921921922,3.9471194676e-03
0,0.0000000000,0.0000000000,0.0000000000,0.0000000000,G,-12.1321321321,4.0211236352e-03
0,0.0000000000,0.0000000000,0.0000000000,0.0000000000,G,-12.0720720721,4.0972644458e-03
0,0.0000000000,0.0000000000,0.0000000000,0.0000000000,G,-12.0120120120,4.1756262069e-03
0,0.0000000000,0.0000000000,0.0000000000,0.0000000000,G,-11.9519519520,4.2562975151e-03
0,0.0000000000,0.0000000000,0.0000000000,0.0000000000,G,-11.8918918919,4.3393715282e-03
0,0.0000000000,0.0000000000,0.0000000000,0.0000000000,G,-11.8318318318,4.4249462585e-03
0,0.0000000000,0.0000000000,0.0000000000,0.0000000000,G,-11.7717717718,4.5131248885e-03
0,0.0000000000,0.0000000000,0.0000000000,0.0000000000,G,-11.7117117117,4.6040161129e-03
0,0.0000000000,0.0000000000,0.0000000000,0.0000000000,G,-11.6516516517,4.6977345076e-03
0,0.0000000000,0.0000000000,0.0000000000,0.0000000000,G,-11.5915915916,4.7944009296e-03
0,0.0000000000,0.0000000000,0.0000000000,0.0000000000,G,-11.5315315315,4.8941429499e-03
0,0.0000000000,0.0000000000,0.0000000000,0.0000000000,G,-11.4714714715,4.9970953238e-03
0,0.0000000000,0.0000000000,0.0000000000,0.0000000000,G,-11.4114114114,5.1034005023e-03
0,0.0000000000,0.0000000000,0.0000000000,0.0000000000,G,-11.3513513514,5.2132091874e-03
0,0.0000000000,0.0000000000,0.0000000000,0.0000000000,G,-11.2912912913,5.3266809391e-03
0,0.0000000000,0.0000000000,0.0000000000,0.0000000000,G,-11.2312312312,5.4439848369e-03
0,0.0000000000,0.0000000000,0.0000000000,0.0000000000,G,-11.1711711712,5.5653002030e-03
0,0.0000000000,0.0000000000,0.0000000000,0.0000000000,G,-11.1111111111,5.6908173956e-03
0,0.0000000000,0.0000000000,0.0000000000,0.0000000000,G,-11.0510510511,5.8207386779e-03
0,0.0000000000,0.0000000000,0.0000000000,0.0000000000,G,-10.9909909910,5.9552791747e-03
0,0.0000000000,0.0000000000,0.0000000000,0.0000000000,G,-10.9309309309,6.0946679256e-03
0,0.0000000000,0.0000000000,0.0000000000,0.0000000000,G,-10.8708708709,6.2391490474e-03
0,0.0000000000,0.0000000000,0.0000000000,0.0000000000,G,-10.8108108108,6.3889830206e-03
0,0.0000000000,0.0000000000,0.0000000000,0.0000000000,G,-10.7507507508,6.5444481150e-03
0,0.0000000000,0.0000000000,0.0000000000,0.0000000000,G,-10.6906906907,6.7058419757e-03
0,0.0000000000,0.0000000000,0.0000000000,0.0000000000,G,-10.6306306306,6.8734833886e-03
0,0.0000000000,0.0000000000,0.0000000000,0.0000000000,G,-10.5705705706,7.0477142551e-03
0,0.0000000000,0.0000000000,0.0000000000,0.0000000000,G,-10.5105105105,7.2289018033e-03
0,0.0000000000,0.0000000000,0.0000000000,0.0000000000,G,-10.4504504505,7.4174410744e-03
0,0.0000000000,0.0000000000,0.0000000000,0.0000000000,G,-10.3903903904,7.6137577255e-03
0,0.0000000000,0.0000000000,0.0000000000,0.0000000000,G,-10.3303303303,7.8183112010e-03
0,0.0000000000,0.0000000000,0.0000000000,0.0000000000,G,-10.2702702703,8.0315983332e-03
0,0.0000000000,0.0000000000,0.0000000000,0.0000000000,G,-10.2102102102,8.2541574455e-03
0,0.0000000000,0.0000000000,0.0000000000,0.0000000000,G,-10.1501501502,8.4865730476e-03
0,0.0000000000,0.0000000000,0.0000000000,0.0000000000,G,-10.0900900901,8.7294812306e-03
0,0.0000000000,0.0000000000,0.0000000000,0.0000000000,G,-10.0300300300,8.9835758929e-03
0,0.0000000000,0.0000000000,0.0000000000,0.0000000000,G,-9.9699699700,9.2496159607e-03
0,0.0000000000,0.0000000000,0.0000000000,0.0000000000,G,-9.9099099099,9.5284338023e-03
0,0.0000000000,0.0000000000,0.0000000000,0.0000000000,G,-9.8498498498,9.8209450844e-03
0,0.0000000000,0.0000000000,0.0000000000,0.0000000000,G,-9.7897897898,1.0128160385e-02
0,0.0000000000,0.0000000000,0.0000000000,0.0000000000,G,-9.7297297297,1.0451198950e-02
0,0.0000000000,0.0000000000,0.0000000000,0.0000000000,G,-9.6696696697,1.0791305100e-02
0,0.0000000000,0.0000000000,0.0000000000,0.0000000000,G,-9.6096096096,1.1149867910e-02
0,0.0000000000,0.0000000000,0.0000000000,0.0000000000,G,-9.5495495495,1.1528444993e-02
0,0.0000000000,0.0000000000,0.0000000000,0.0000000000,G,-9.4894894895,1.1928791433e-02
0,0.0000000000,0.0000000000,0.0000000000,0.0000000000,G,-9.4294294294,1.2352895263e-02
0,0.0000000000,0.0000000000,0.0000000000,0.0000000000,G,-9.3693693694,1.2803021295e-02
0,0.0000000000,0.0000000000,0.0000000000,0.0000000000,G,-9.3093093093,1.3281765719e-02
0,0.0000000000,0.0000000000,0.0000000000,0.0000000000,G,-9.2492492492,1.3792124705e-02
0,0.0000000000,0.0000000000,0.0000000000,0.0000000000,G,-9.1891891892,1.4337581345e-02
0,0.0000000000,0.0000000000,0.0000000000,0.0000000000,G,-9.1291291291,1.4922216852e-02
0,0.0000000000,0.0000000000,0.0000000000,0.0000000000,G,-9.0690690691,1.5550854121e-02
0,0.0000000000,0.0000000000,0.0000000000,0.0000000000,G,-9.0090090090,1.6229244812e-02
0,0.0000000000,0.0000000000,0.0000000000,0.0000000000,G,-8.9489489489,1.6964315493e-02
0,0.0000000000,0.0000000000,0.0000000000,0.0000000000,G,-8.8888888889,1.7764494497e-02
0,0.0000000000,0.0000000000,0.0000000000,0.0000000000,G,-8.8288288288,1.8640149816e-02
0,0.0000000000,0.0000000000,0.0000000000,0.0000000000,G,-8.7687687688,1.9604180393e-02
0,0.0000000000,0.0000000000,0.0000000000,0.0000000000,G,-8.7087087087,2.0672819452e-02
0,0.0000000000,0.0000000000,0.0000000000,0.0000000000,G,-8.6486486486,2.1866729277e-02
0,0.0000000000,0.0000000000,0.0000000000,0.0000000000,G,-8.5885885886,2.3212489774e-02
0,0.0000000000,0.0000000000,0.0000000000,0.0000000000,G,-8.5285285285,2.4744598395e-02
0,0.0000000000,0.0000000000,0.0000000000,0.0000000000,G,-8.4684684685,2.6508076035e-02
0,0.0000000000,0.0000000000,0.0000000000,0.0000000000,G,-8.4084084084,2.8561629011e-02
0,0.0000000000,0.0000000000,0.0000000000,0.0000000000,G,-8.3483483483,3.0980839124e-02
0,0.0000000000,0.0000000000,0.0000000000,0.0000000000,G,-8.2882882883,3.3859540750e-02
0,0.0000000000,0.0000000000,0.0000000000,0.0000000000,G,-8.2282282282,3.7304342239e-02
0,0.0000000000,0.0000000000,0.0000000000,0.0000000000,G,-8.1681681682,4.1410494418e-02
0,0.0000000000,0.0000000000,0.0000000000,0.0000000000,G,-8.1081081081,4.6196729830e-02
0,0.0000000000,0.0000000000,0.0000000000,0.0000000000,G,-8.0480480480,5.1473542466e-02
0,0.0000000000,0.0000000000,0.0000000000,0.0000000000,G,-7.9879879880,5.6669584636e-02
0,0.0000000000,0.0000000000,0.0000000000,0.0000000000,G,-7.9279279279,6.0806051169e-02
0,0.0000000000,0.0000000000,0.0000000000,0.0000000000,G,-7.8678678679,6.2927304593e-02
0,0.0000000000,0.0000000000,0.0000000000,0.0000000000,G,-7.8078078078,6.2837314592e-02
0,0.0000000000,0.0000000000,0.0000000000,0.0000000000,G,-7.7477477477,6.1289306660e-02
0,0.0000000000,0.0000000000,0.0000000000,0.0000000000,G,-7.6876876877,5.9363106527e-02
0,0.0000000000,0.0000000000,0.0000000000,0.0000000000,G,-7.6276276276,5.7841621937e-02
0,0.0000000000,0.0000000000,0.0000000000,0.0000000000,G,-7.5675675676,5.7081271606e-02
0,0.0000000000,0.0000000000,0.0000000000,0.0000000000,G,-7.5075075075,5.7161576217e-02
0,0.0000000000,0.0000000000,0.0000000000,0.0000000000,G,-7.4474474474,5.8044173452e-02
0,0.0000000000,0.0000000000,0.0000000000,0.0000000000,G,-7.3873873874,5.9663714187e-02
0,0.0000000000,0.0000000000,0.0000000000,0.0000000000,G,-7.3273273273,6.1966457063e-02
0,0.0000000000,0.0000000000,0.0000000000,0.0000000000,G,-7.2672672673,6.4922699240e-02
0,0.0000000000,0.0000000000,0.0000000000,0.0000000000,G,-7.2072072072,6.8528929105e-02
0,0.0000000000,0.0000000000,0.0000000000,0.0000000000,G,-7.1471471471,7.2807055979e-02
0,0.0000000000,0.0000000000,0.0000000000,0.0000000000,G,-7.0870870871,7.7803668906e-02
0,0.0000000000,0.0000000000,0.0000000000,0.0000000000,G,-7.0270270270,8.3590404043e-02
0,0.0000000000,0.0000000000,0.0000000000,0.0000000000,G,-6.9669669670,9.0265824042e-02
0,0.0000000000,0.0000000000,0.0000000000,0.0000000000,G,-6.9069069069,9.7959048133e-02
0,0.0000000000,0.0000000000,0.0000000000,0.0000000000,G,-6.8468468468,1.0683542400e-01
0,0.0000000000,0.0000000000,0.0000000000,0.0000000000,G,-6.7867867868,1.1710469237e-01
0,0.0000000000,0.0000000000,0.0000000000,0.0000000000,G,-6.7267267267,1.2903233530e-01
0,0.0000000000,0.0000000000,0.0000000000,0.0000000000,G,-6.6666666667,1.4295513060e-01
0,0.0000000000,0.0000000000,0.0000000000,0.0000000000,G,-6.6066066066,1.5930238976e-01
0,0.0000000000,0.0000000000,0.0000000000,0.0000000000,G,-6.5465465465,1.7862498201e-01
0,0.0000000000,0.0000000000,0.0000000000,0.0000000000,G,-6.4864864865,2.0163509666e-01
0,0.0000000000,0.0000000000,0.0000000000,0.0000000000,G,-6.4264264264,2.2926080283e-01
0,0.0000000000,0.0000000000,0.0000000000,0.0000000000,G,-6.3663663664,2.6272077681e-01
0,0.0000000000,0.0000000000,0.0000000000,0.0000000000,G,-6.3063063063,3.0362573067e-01
0,0.0000000000,0.0000000000,0.0000000000,0.0000000000,G,-6.2462462462,3.5411292434e-01
0,0.0000000000,0.0000000000,0.0000000000,0.0000000000,G,-6.1861861862,4.1701535889e-01
0,0.0000000000,0.0000000000,0.0000000000,0.0000000000,G,-6.1261261261,4.9604917814e-01
0,0.0000000000,0.0000000000,0.0000000000,0.0000000000,G,-6.0660660661,5.9595036207e-01
0,0.0000000000,0.0000000000,0.0000000000,0.0000000000,G,-6.0060060060,7.2235818219e-01
0,0.0000000000,0.0000000000,0.0000000000,0.0000000000,G,-5.9459459459,8.8094259183e-01
0,0.0000000000,0.0000000000,0.0000000000,0.0000000000,G,-5.8858858859,1.0747275985e+00
0,0.0000000000,0.0000000000,0.0000000000,0.0000000000,G,-5.8258258258,1.2980479702e+00
0,0.0000000000,0.0000000000,0.0000000000,0.0000000000,G,-5.7657657658,1.5268211732e+00
0,0.0000000000,0.0000000000,0.0000000000,0.0000000000,G,-5.7057057057,1.7117253685e+00
0,0.0000000000,0.0000000000,0.0000000000,0.0000000000,G,-5.6456456456,1.7916048527e+00
0,0.0000000000,0.0000000000,0.0000000000,0.0000000000,G,-5.5855855856,1.7336310274e+00
0,0.0000000000,0.0000000000,0.0000000000,0.0000000000,G,-5.5255255255,1.5620053472e+00
0,0.0000000000,0.0000000000,0.0000000000,0.0000000000,G,-5.4654654655,1.3363819525e+00
0,0.0000000000,0.0000000000,0.0000000000,0.0000000000,G,-5.4054054054,1.1097893778e+00
0,0.0000000000,0.0000000000,0.0000000000,0.0000000000,G,-5.3453453453,9.1030304532e-01
0,0.0000000000,0.0000000000,0.0000000000,0.0000000000,G,-5.2852852853,7.4590147577e-01
0,0.0000000000,0.0000000000,0.0000000000,0.0000000000,G,-5.2252252252,6.1446867118e-01
0,0.0000000000,0.0000000000,0.0000000000,0.0000000000,G,-5.1651651652,5.1051720318e-01
0,0.0000000000,0.0000000000,0.0000000000,0.0000000000,G,-5.1051051051,4.2830976574e-01
0,0.0000000000,0.0000000000,0.0000000000,0.0000000000,G,-5.0450450450,3.6294009227e-01
0,0.0000000000,0.0000000000,0.0000000000,0.0000000000,G,-4.9849849850,3.1052842132e-01
0,0.0000000000,0.0000000000,0.0000000000,0.0000000000,G,-4.9249249249,2.6810726016e-01
0,0.0000000000,0.0000000000,0.0000000000,0.0000000000,G,-4.8648648649,2.3343534099e-01
0,0.0000000000,0.0000000000,0.0000000000,0.0000000000,G,-4.8048048048,2.0482340662e-01
0,0.0000000000,0.0000000000,0.0000000000,0.0000000000,G,-4.7447447447,1.8099375170e-01
0,0.0000000000,0.0000000000,0.0000000000,0.0000000000,G,-4.6846846847,1.6097363137e-01
0,0.0000000000,0.0000000000,0.0000000000,0.0000000000,G,-4.6246246246,1.4401647946e-01
0,0.0000000000,0.0000000000,0.0000000000,0.0000000000,G,-4.5645645646,1.2954427600e-01
0,0.0000000000,0.0000000000,0.0000000000,0.0000000000,G,-4.5045045045,1.1710546247e-01
0,0.0000000000,0.0000000000,0.0000000000,0.0000000000,G,-4.4444444444,1.0634412166e-01
0,0.0000000000,0.0000000000,0.0000000000,0.0000000000,G,-4.3843843844,9.6977281882e-02
0,0.0000000000,0.0000000000,0.0000000000,0.0000000000,G,-4.3243243243,8.8778086348e-02
0,0.0000000000,0.0000000000,0.0000000000,0.0000000000,G,-4.2642642643,8.1563214475e-02
0,0.0000000000,0.0000000000,0.0000000000,0.0000000000,G,-4.2042042042,7.5183404276e-02
0,0.0000000000,0.0000000000,0.0000000000,0.0000000000,G,-4.1441441441,6.9516252362e-02
0,0.0000000000,0.0000000000,0.0000000000,0.0000000000,G,-4.0840840841,6.4460699593e-02
0,0.0000000000,0.0000000000,0.0000000000,0.0000000000,G,-4.0240240240,5.9932774043e-02
0,0.0000000000,0.0000000000,0.0000000000,0.0000000000,G,-3.9639639640,5.5862279207e-02
0,0.0000000000,0.0000000000,0.0000000000,0.0000000000,G,-3.9039039039,5.2190198388e-02
0,0.0000000000,0.0000000000,0.0000000000,0.0000000000,G,-3.8438438438,4.8866645839e-02
0,0.0000000000,0.0000000000,0.0000000000,0.0000000000,G,-3.7837837838,4.5849238434e-02
0,0.0000000000,0.0000000000,0.0000000000,0.0000000000,G,-3.7237237237,4.3101793086e-02
0,0.0000000000,0.0000000000,0.0000000000,0.0000000000,G,-3.6636636637,4.0593278243e-02
0,0.0000000000,0.0000000000,0.0000000000,0.0000000000,G,-3.6036036036,3.8296964865e-02
0,0.0000000000,0.0000000000,0.0000000000,0.0000000000,G,-3.5435435435,3.6189735030e-02
0,0.0000000000,0.0000000000,0.0000000000,0.0000000000,G,-3.4834834835,3.4251515848e-02
0,0.0000000000,0.0000000000,0.0000000000,0.0000000000,G,-3.4234234234,3.2464813559e-02
0,0.0000000000,0.0000000000,0.0000000000,0.0000000000,G,-3.3633633634,3.0814328216e-02
0,0.0000000000,0.0000000000,0.0000000000,0.0000000000,G,-3.3033033033,2.9286633480e-02
0,0.0000000000,0.0000000000,0.0000000000,0.0000000000,G,-3.2432432432,2.7869909350e-02
0,0.0000000000,0.0000000000,0.0000000000,0.0000000000,G,-3.1831831832,2.6553718093e-02
0,0.0000000000,0.0000000000,0.0000000000,0.0000000000,G,-3.1231231231,2.5328815636e-02
0,0.0000000000,0.0000000000,0.0000000000,0.0000000000,G,-3.0630630631,2.4186992168e-02
0,0.0000000000,0.0000000000,0.0000000000,0.0000000000,G,-3.0030030030,2.3120936915e-02
0,0.0000000000,0.0000000000,0.0000000000,0.0000000000,G,-2.9429429429,2.2124123026e-02
0,0.0000000000,0.0000000000,0.0000000000,0.0000000000,G,-2.8828828829,2.1190709213e-02
0,0.0000000000,0.0000000000,0.0000000000,0.0000000000,G,-2.8228228228,2.0315455444e-02
0,0.0000000000,0.0000000000,0.0000000000,0.0000000000,G,-2.7627627628,1.9493650444e-02
0,0.0000000000,0.0000000000,0.0000000000,0.0000000000,G,-2.7027027027,1.8721049155e-02
0,0.0000000000,0.0000000000,0.0000000000,0.0000000000,G,-2.6426426426,1.7993818632e-02
0,0.0000000000,0.0000000000,0.0000000000,0.0000000000,G,-2.5825825826,1.7308491097e-02
0,0.0000000000,0.0000000000,0.0000000000,0.0000000000,G,-2.5225225225,1.6661923104e-02
0,0.0000000000,0.0000000000,0.0000000000,0.0000000000,G,-2.4624624625,1.6051259912e-02
0,0.0000000000,0.0000000000,0.0000000000,0.0000000000,G,-2.4024024024,1.5473904330e-02
0,0.0000000000,0.0000000000,0.0000000000,0.0000000000,G,-2.3423423423,1.4927489409e-02
0,0.0000000000,0.0000000000,0.0000000000,0.0000000000,G,-2.2822822823,1.4409854434e-02
0,0.0000000000,0.0000000000,0.0000000000,0.0000000000,G,-2.2222222222,1.3919023792e-02
0,0.0000000000,0.0000000000,0.0000000000,0.0000000000,G,-2.1621621622,1.3453188308e-02
0,0.0000000000,0.0000000000,0.0000000000,0.0000000000,G,-2.1021021021,1.3010688742e-02
0,0.0000000000,0.0000000000,0.0000000000,0.0000000000,G,-2.0420420420,1.2590001155e-02
0,0.0000000000,0.0000000000,0.0000000000,0.0000000000,G,-1.9819819820,1.2189723911e-02
0,0.0000000000,0.0000000000,0.0000000000,0.0000000000,G,-1.9219219219,1.1808566117e-02
0,0.0000000000,0.0000000000,0.0000000000,0.0000000000,G,-1.8618618619,1.1445337306e-02
0,0.0000000000,0.0000000000,0.0000000000,0.0000000000,G,-1.8018018018,1.1098938227e-02
0,0.0000000000,0.0000000000,0.0000000000,0.0000000000,G,-1.7417417417,1.0768352606e-02
0,0.0000000000,0.0000000000,0.0000000000,0.0000000000,G,-1.6816816817,1.0452639755e-02
0,0.0000000000,0.0000000000,0.0000000000,0.0000000000,G,-1.6216216216,1.0150927941e-02
0,0.0000000000,0.0000000000,0.0000000000,0.0000000000,G,-1.5615615616,9.8624084231e-03
0,0.0000000000,0.0000000000,0.0000000000,0.0000000000,G,-1.5015015015,9.5863300777e-03
0,0.0000000000,0.0000000000,0.0000000000,0.0000000000,G,-1.4414414414,9.3219945547e-03
0,0.0000000000,0.0000000000,0.0000000000,0.0000000000,G,-1.3813813814,9.0687518996e-03
0,0.0000000000,0.0000000000,0.0000000000,0.0000000000,G,-1.3213213213,8.8259965937e-03
0,0.0000000000,0.0000000000,0.0000000000,0.0000000000,G,-1.2612612613,8.5931639662e-03
0,0.0000000000,0.0000000000,0.0000000000,0.0000000000,G,-1.2012012012,8.3697269398e-03
0,0.0000000000,0.0000000000,0.0000000000,0.0000000000,G,-1.1411411411,8.1551930749e-03
0,0.0000000000,0.0000000000,0.0000000000,0.0000000000,G,-1.0810810811,7.9491018805e-03
0,0.0000000000,0.0000000000,0.0000000000,0.0000000000,G,-1.0210210210,7.7510223659e-03
0,0.0000000000,0.0000000000,0.0000000000,0.0000000000,G,-0.9609609610,7.5605508080e-03
0,0.0000000000,0.0000000000,0.0000000000,0.0000000000,G,-0.9009009009,7.3773087138e-03
0,0.0000000000,0.0000000000,0.0000000000,0.0000000000,G,-0.8408408408,7.2009409575e-03
0,0.0000000000,0.0000000000,0.0000000000,0.0000000000,G,-0.7807807808,7.0311140768e-03
0,0.0000000000,0.0000000000,0.0000000000,0.0000000000,G,-0.7207207207,6.8675147119e-03
0,0.0000000000,0.0000000000,0.0000000000,0.0000000000,G,-0.6606606607,6.7098481741e-03
0,0.0000000000,0.0000000000,0.0000000000,0.0000000000,G,-0.6006006006,6.5578371326e-03
0,0.0000000000,0.0000000000,0.0000000000,0.0000000000,G,-0.5405405405,6.4112204074e-03
0,0.0000000000,0.0000000000,0.0000000000,0.0000000000,G,-0.4804804805,6.2697518586e-03
0,0.0000000000,0.0000000000,0.0000000000,0.0000000000,G,-0.4204204204,6.1331993651e-03
0,0.0000000000,0.0000000000,0.0000000000,0.0000000000,G,-0.3603603604,6.0013438821e-03
0,0.0000000000,0.0000000000,0.0000000000,0.0000000000,G,-0.3003003003,5.8739785729e-03
0,0.0000000000,0.0000000000,0.0000000000,0.0000000000,G,-0.2402402402,5.7509080063e-03
0,0.0000000000,0.0000000000,0.0000000000,0.0000000000,G,-0.1801801802,5.6319474162e-03
0,0.0000000000,0.0000000000,0.0000000000,0.0000000000,G,-0.1201201201,5.5169220156e-03
0,0.0000000000,0.0000000000,0.0000000000,0.0000000000,G,-0.0600600601,5.4056663625e-03
0,0.0000000000,0.0000000000,0.0000000000,0.0000000000,G,0.0000000000,5.2980237722e-03
0,0.0000000000,0.0000000000,0.0000000000,0.0000000000,G,0.0600600601,5.1938457725e-03
0,0.0000000000,0.0000000000,0.0000000000,0.0000000000,G,0.1201201201,5.0929915980e-03
0,0.0000000000,0.0000000000,0.0000000000,0.0000000000,G,0.1801801802,4.9953277208e-03
0,0.0000000000,0.0000000000,0.0000000000,0.0000000000,G,0.2402402402,4.9007274145e-03
0,0.0000000000,0.0000000000,0.0000000000,0.0000000000,G,0.3003003003,4.8090703480e-03
0,0.0000000000,0.0000000000,0.0000000000,0.0000000000,G,0.3603603604,4.7202422087e-03
0,0.0000000000,0.0000000000,0.0000000000,0.0000000000,G,0.4204204204,4.6341343503e-03
0,0.0000000000,0.0000000000,0.0000000000,0.0000000000,G,0.4804804805,4.5506434658e-03
0,0.0000000000,0.0000000000,0.0000000000,0.0000000000,G,0.5405405405,4.4696712815e-03
0,0.0000000000,0.0000000000,0.0000000000,0.0000000000,G,0.6006006006,4.3911242725e-03
0,0.0000000000,0.0000000000,0.0000000000,0.0000000000,G,0.6606606607,4.3149133959e-03
0,0.0000000000,0.0000000000,0.0000000000,0.0000000000,G,0.7207207207,4.2409538429e-03
0,0.0000000000,0.0000000000,0.0000000000,0.0000000000,G,0.7807807808,4.1691648056e-03
0,0.0000000000,0.0000000000,0.0000000000,0.0000000000,G,0.8408408408,4.0994692604e-03
0,0.0000000000,0.0000000000,0.0000000000,0.0000000000,G,0.9009009009,4.0317937637e-03
0,0.0000000000,0.0000000000,0.0000000000,0.0000000000,G,0.9609609610,3.9660682620e-03
0,0.0000000000,0.0000000000,0.0000000000,0.0000000000,G,1.0210210210,3.9022259132e-03
0,0.0000000000,0.0000000000,0.0000000000,0.0000000000,G,1.0810810811,3.8402029192e-03
0,0.0000000000,0.0000000000,0.0000000000,0.0000000000,G,1.1411411411,3.7799383689e-03
0,0.0000000000,0.0000000000,0.0000000000,0.0000000000,G,1.2012012012,3.7213740915e-03
0,0.0000000000,0.0000000000,0.0000000000,0.0000000000,G,1.2612612613,3.6644545177e-03
0,0.0000000000,0.0000000000,0.0000000000,0.0000000000,G,1.3213213213,3.6091265502e-03
0,0.0000000000,0.0000000000,0.0000000000,0.0000000000,G,1.3813813814,3.5553394421e-03
0,0.0000000000,0.0000000000,0.0000000000,0.0000000000,G,1.4414414414,3.5030446817e-03
0,0.0000000000,0.0000000000,0.0000000000,0.0000000000,G,1.5015015015,3.4521958854e-03
0,0.0000000000,0.0000000000,0.0000000000,0.0000000000,G,1.5615615616,3.4027486963e-03
0,0.0000000000,0.0000000000,0.0000000000,0.0000000000,G,1.6216216216,3.3546606888e-03
0,0.0000000000,0.0000000000,0.0000000000,0.0000000000,G,1.6816816817,3.3078912790e-03
0,0.0000000000,0.0000000000,0.0000000000,0.0000000000,G,1.7417417417,3.2624016406e-03
0,0.0000000000,0.0000000000,0.0000000000,0.0000000000,G,1.8018018018,3.2181546254e-03
0,0.0000000000,0.0000000000,0.0000000000,0.0000000000,G,1.8618618619,3.1751146885e-03
0,0.0000000000,0.0000000000,0.0000000000,0.0000000000,G,1.9219219219,3.1332478181e-03
0,0.0000000000,0.0000000000,0.0000000000,0.0000000000,G,1.9819819820,3.0925214694e-03
0,0.0000000000,0.0000000000,0.0000000000,0.0000000000,G,2.0420420420,3.0529045021e-03
0,0.0000000000,0.0000000000,0.0000000000,0.0000000000,G,2.1021021021,3.0143671218e-03
0,0.0000000000,0.0000000000,0.0000000000,0.0000000000,G,2.1621621622,2.9768808250e-03
0,0.0000000000,0.0000000000,0.0000000000,0.0000000000,G,2.2222222222,2.9404183468e-03
0,0.0000000000,0.0000000000,0.0000000000,0.0000000000,G,2.2822822823,2.9049536125e-03
0,0.0000000000,0.0000000000,0.0000000000,0.0000000000,G,2.3423423423,2.8704616917e-03
0,0.0000000000,0.0000000000,0.0000000000,0.0000000000,G,2.4024024024,2.8369187549e-03
0,0.0000000000,0.0000000000,0.0000000000,0.0000000000,G,2.4624624625,2.8043020335e-03
0,0.0000000000,0.0000000000,0.0000000000,0.0000000000,G,2.5225225225,2.7725897814e-03
0,0.0000000000,0.0000000000,0.0000000000,0.0000000000,G,2.5825825826,2.7417612401e-03
0,0.0000000000,0.0000000000,0.0000000000,0.0000000000,G,2.6426426426,2.7117966050e-03
0,0.0000000000,0.0000000000,0.0000000000,0.0000000000,G,2.7027027027,2.6826769950e-03
0,0.0000000000,0.0000000000,0.0000000000,0.0000000000,G,2.7627627628,2.6543844231e-03
0,0.0000000000,0.0000000000,0.0000000000,0.0000000000,G,2.8228228228,2.6269017699e-03
0,0.0000000000,0.0000000000,0.0000000000,0.0000000000,G,2.8828828829,2.6002127591e-03
0,0.0000000000,0.0000000000,0.0000000000,0.0000000000,G,2.9429429429,2.5743019339e-03
0,0.0000000000,0.0000000000,0.0000000000,0.0000000000,G,3.0030030030,2.5491546369e-03
0,0.0000000000,0.0000000000,0.0000000000,0.0000000000,G,3.0630630631,2.5247569900e-03
0,0.0000000000,0.0000000000,0.0000000000,0.0000000000,G,3.1231231231,2.5010958779e-03
0,0.0000000000,0.0000000000,0.0000000000,0.0000000000,G,3.1831831832,2.4781589317e-03
0,0.0000000000,0.0000000000,0.0000000000,0.0000000000,G,3.2432432432,2.4559345157e-03
0,0.0000000000,0.0000000000,0.0000000000,0.0000000000,G,3.3033033033,2.4344117146e-03
0,0.0000000000,0.0000000000,0.0000000000,0.0000000000,G,3.3633633634,2.4135803237e-03
0,0.0000000000,0.0000000000,0.0000000000,0.0000000000,G,3.4234234234,2.3934308398e-03
0,0.0000000000,0.0000000000,0.0000000000,0.0000000000,G,3.4834834835,2.3739544542e-03
0,0.0000000000,0.0000000000,0.0000000000,0.0000000000,G,3.5435435435,2.3551430478e-03
0,0.0000000000,0.0000000000,0.0000000000,0.0000000000,G,3.6036036036,2.3369891876e-03
0,0.0000000000,0.0000000000,0.0000000000,0.0000000000,G,3.6636636637,2.3194861251e-03
0,0.0000000000,0.0000000000,0.0000000000,0.0000000000,G,3.7237237237,2.3026277967e-03
0,0.0000000000,0.0000000000,0.0000000000,0.0000000000,G,3.7837837838,2.2864088259e-03
0,0.0000000000,0.0000000000,0.0000000000,0.0000000000,G,3.8438438438,2.2708245281e-03
0,0.0000000000,0.0000000000,0.0000000000,0.0000000000,G,3.9039039039,2.2558709167e-03
0,0.0000000000,0.0000000000,0.0000000000,0.0000000000,G,3.9639639640,2.2415447120e-03
0,0.0000000000,0.0000000000,0.0000000000,0.0000000000,G,4.0240240240,2.2278433527e-03
0,0.0000000000,0.0000000000,0.0000000000,0.0000000000,G,4.0840840841,2.2147650093e-03
0,0.0000000000,0.0000000000,0.0000000000,0.0000000000,G,4.1441441441,2.2023086006e-03
0,0.0000000000,0.0000000000,0.0000000000,0.0000000000,G,4.2042042042,2.1904738136e-03
0,0.0000000000,0.0000000000,0.0000000000,0.0000000000,G,4.2642642643,2.1792611253e-03
0,0.0000000000,0.0000000000,0.0000000000,0.0000000000,G,4.3243243243,2.1686718295e-03
0,0.0000000000,0.0000000000,0.0000000000,0.0000000000,G,4.3843843844,2.1587080660e-03
0,0.0000000000,0.0000000000,0.0000000000,0.0000000000,G,4.4444444444,2.1493728544e-03
0,0.0000000000,0.0000000000,0.0000000000,0.0000000000,G,4.5045045045,2.1406701327e-03
0,0.0000000000,0.0000000000,0.0000000000,0.0000000000,G,4.5645645646,2.1326048004e-03
0,0.0000000000,0.0000000000,0.0000000000,0.0000000000,G,4.6246246246,2.1251827668e-03
0,0.0000000000,0.0000000000,0.0000000000,0.0000000000,G,4.6846846847,2.1184110058e-03
0,0.0000000000,0.0000000000,0.0000000000,0.0000000000,G,4.7447447447,2.1122976170e-03
0,0.0000000000,0.0000000000,0.0000000000,0.0000000000,G,4.8048048048,2.1068518947e-03
0,0.0000000000,0.0000000000,0.0000000000,0.0000000000,G,4.8648648649,2.1020844045e-03
0,0.0000000000,0.0000000000,0.0000000000,0.0000000000,G,4.9249249249,2.0980070698e-03
0,0.0000000000,0.0000000000,0.0000000000,0.0000000000,G,4.9849849850,2.0946332686e-03
0,0.0000000000,0.0000000000,0.0000000000,0.0000000000,G,5.0450450450,2.0919779417e-03
0,0.0000000000,0.0000000000,0.0000000000,0.0000000000,G,5.1051051051,2.0900577151e-03
0,0.0000000000,0.0000000000,0.0000000000,0.0000000000,G,5.1651651652,2.0888910369e-03
0,0.0000000000,0.0000000000,0.0000000000,0.0000000000,G,5.2252252252,2.0884983314e-03
0,0.0000000000,0.0000000000,0.0000000000,0.0000000000,G,5.2852852853,2.0889021730e-03
0,0.0000000000,0.0000000000,0.0000000000,0.0000000000,G,5.3453453453,2.0901274831e-03
0,0.0000000000,0.0000000000,0.0000000000,0.0000000000,G,5.4054054054,2.0922017517e-03
0,0.0000000000,0.0000000000,0.0000000000,0.0000000000,G,5.4654654655,2.0951552896e-03
0,0.0000000000,0.0000000000,0.0000000000,0.0000000000,G,5.5255255255,2.0990215147e-03
0,0.0000000000,0.0000000000,0.0000000000,0.0000000000,G,5.5855855856,2.1038372774e-03
0,0.0000000000,0.0000000000,0.0000000000,0.0000000000,G,5.6456456456,2.1096432331e-03
0,0.0000000000,0.0000000000,0.0000000000,0.0000000000,G,5.7057057057,2.1164842675e-03
0,0.0000000000,0.0000000000,0.0000000000,0.0000000000,G,5.7657657658,2.1244099852e-03
0,0.0000000000,0.0000000000,0.0000000000,0.0000000000,G,5.8258258258,2.1334752722e-03
0,0.0000000000,0.0000000000,0.0000000000,0.0000000000,G,5.8858858859,2.1437409448e-03
0,0.0000000000,0.0000000000,0.0000000000,0.0000000000,G,5.9459459459,2.1552745014e-03
0,0.0000000000,0.0000000000,0.0000000000,0.0000000000,G,6.0060060060,2.1681509960e-03
0,0.0000000000,0.0000000000,0.0000000000,0.0000000000,G,6.0660660661,2.1824540570e-03
0,0.0000000000,0.0000000000,0.0000000000,0.0000000000,G,6.1261261261,2.1982770792e-03
0,0.0000000000,0.0000000000,0.0000000000,0.0000000000,G,6.1861861862,2.2157246241e-03
0,0.0000000000,0.0000000000,0.0000000000,0.0000000000,G,6.2462462462,2.2349140721e-03
0,0.0000000000,0.0000000000,0.0000000000,0.0000000000,G,6.3063063063,2.2559775786e-03
0,0.0000000000,0.0000000000,0.0000000000,0.0000000000,G,6.3663663664,2.2790644011e-03
0,0.0000000000,0.0000000000,0.0000000000,0.0000000000,G,6.4264264264,2.3043436806e-03
0,0.0000000000,0.0000000000,0.0000000000,0.0000000000,G,6.4864864865,2.3320077796e-03
0,0.0000000000,0.0000000000,0.0000000000,0.0000000000,G,6.5465465465,2.3622763114e-03
0,0.0000000000,0.0000000000,0.0000000000,0.0000000000,G,6.6066066066,2.3954010248e-03
0,0.0000000000,0.0000000000,0.0000000000,0.0000000000,G,6.6666666667,2.4316717628e-03
0,0.0000000000,0.0000000000,0.0000000000,0.0000000000,G,6.7267267267,2.4714237671e-03
0,0.0000000000,0.0000000000,0.0000000000,0.0000000000,G,6.7867867868,2.5150466913e-03
0,0.0000000000,0.0000000000,0.0000000000,0.0000000000,G,6.8468468468,2.5629957853e-03
0,0.0000000000,0.0000000000,0.0000000000,0.0000000000,G,6.9069069069,2.6158058693e-03
0,0.0000000000,0.0000000000,0.0000000000,0.0000000000,G,6.9669669670,2.6741089070e-03
0,0.0000000000,0.0000000000,0.0000000000,0.0000000000,G,7.0270270270,2.7386562634e-03
0,0.0000000000,0.0000000000,0.0000000000,0.0000000000,G,7.0870870871,2.8103471020e-03
0,0.0000000000,0.0000000000,0.0000000000,0.0000000000,G,7.1471471471,2.8902648930e-03
0,0.0000000000,0.0000000000,0.0000000000,0.0000000000,G,7.2072072072,2.9797247179e-03
0,0.0000000000,0.0000000000,0.0000000000,0.0000000000,G,7.2672672673,3.0803350655e-03
0,0.0000000000,0.0000000000,0.0000000000,0.0000000000,G,7.3273273273,3.1940792257e-03
0,0.0000000000,0.0000000000,0.0000000000,0.0000000000,G,7.3873873874,3.3234233935e-03
0,0.0000000000,0.0000000000,0.0000000000,0.0000000000,G,7.4474474474,3.4714614287e-03
0,0.0000000000,0.0000000000,0.0000000000,0.0000000000,G,7.5075075075,3.6421102135e-03
0,0.0000000000,0.0000000000,0.0000000000,0.0000000000,G,7.5675675676,3.8403751172e-03
0,0.0000000000,0.0000000000,0.0000000000,0.0000000000,G,7.6276276276,4.0727126292e-03
0,0.0000000000,0.0000000000,0.0000000000,0.0000000000,G,7.6876876877,4.3475268837e-03
0,0.0000000000,0.0000000000,0.0000000000,0.0000000000,G,7.7477477477,4.6758475863e-03
0,0.0000000000,0.0000000000,0.0000000000,0.0000000000,G,7.8078078078,5.0722443672e-03
0,0.0000000000,0.0000000000,0.0000000000,0.0000000000,G,7.8678678679,5.5560231477e-03
0,0.0000000000,0.0000000000,0.0000000000,0.0000000000,G,7.9279279279,6.1526861769e-03
0,0.0000000000,0.0000000000,0.0000000000,0.0000000000,G,7.9879879880,6.8954231756e-03
0,0.0000000000,0.0000000000,0.0000000000,0.0000000000,G,8.0480480480,7.8258090968e-03
0,0.0000000000,0.0000000000,0.0000000000,0.0000000000,G,8.1081081081,8.9914328235e-03
0,0.0000000000,0.0000000000,0.0000000000,0.0000000000,G,8.1681681682,1.0435093016e-02
0,0.0000000000,0.0000000000,0.0000000000,0.0000000000,G,8.2282282282,1.2165253451e-02
0,0.0000000000,0.0000000000,0.0000000000,0.0000000000,G,8.2882882883,1.4095488594e-02
0,0.0000000000,0.0000000000,0.0000000000,0.0000000000,G,8.3483483483,1.5962345429e-02
0,0.0000000000,0.0000000000,0.0000000000,0.0000000000,G,8.4084084084,1.7306503885e-02
0,0.0000000000,0.0000000000,0.0000000000,0.0000000000,G,8.4684684685,1.7664025182e-02
0,0.0000000000,0.0000000000,0.0000000000,0.0000000000,G,8.5285285285,1.6914349765e-02
0,0.0000000000,0.0000000000,0.0000000000,0.0000000000,G,8.5885885886,1.5389455575e-02
0,0.0000000000,0.0000000000,0.0000000000,0.0000000000,G,8.6486486486,1.3591521845e-02
0,0.0000000000,0.0000000000,0.0000000000,0.0000000000,G,8.7087087087,1.1890352620e-02
0,0.0000000000,0.0000000000,0.0000000000,0.0000000000,G,8.7687687688,1.0452016786e-02
0,0.0000000000,0.0000000000,0.0000000000,0.0000000000,G,8.8288288288,9.3064695917e-03
0,0.0000000000,0.0000000000,0.0000000000,0.0000000000,G,8.8888888889,8.4233845431e-03
0,0.0000000000,0.0000000000,0.0000000000,0.0000000000,G,8.9489489489,7.7560855164e-03
0,0.0000000000,0.0000000000,0.0000000000,0.0000000000,G,9.0090090090,7.2601218246e-03
0,0.0000000000,0.0000000000,0.0000000000,0.0000000000,G,9.0690690691,6.8989193358e-03
0,0.0000000000,0.0000000000,0.0000000000,0.0000000000,G,9.1291291291,6.6441991893e-03
0,0.0000000000,0.0000000000,0.0000000000,0.0000000000,G,9.1891891892,6.4747292728e-03
0,0.0000000000,0.0000000000,0.0000000000,0.0000000000,G,9.2492492492,6.3748083761e-03
0,0.0000000000,0.0000000000,0.0000000000,0.0000000000,G,9.3093093093,6.3329423409e-03
0,0.0000000000,0.0000000000,0.0000000000,0.0000000000,G,9.3693693694,6.3408094271e-03
0,0.0000000000,0.0000000000,0.0000000000,0.0000000000,G,9.4294294294,6.3924909444e-03
0,0.0000000000,0.0000000000,0.0000000000,0.0000000000,G,9.4894894895,6.4839137820e-03
0,0.0000000000,0.0000000000,0.0000000000,0.0000000000,G,9.5495495495,6.6124533345e-03
0,0.0000000000,0.0000000000,0.0000000000,0.0000000000,G,9.6096096096,6.7766555619e-03
0,0.0000000000,0.0000000000,0.0000000000,0.0000000000,G,9.6696696697,6.9760476084e-03
0,0.0000000000,0.0000000000,0.0000000000,0.0000000000,G,9.7297297297,7.2110152996e-03
0,0.0000000000,0.0000000000,0.0000000000,0.0000000000,G,9.7897897898,7.4827326965e-03
0,0.0000000000,0.0000000000,0.0000000000,0.0000000000,G,9.8498498498,7.7931340417e-03
0,0.0000000000,0.0000000000,0.0000000000,0.0000000000,G,9.9099099099,8.1449223714e-03
0,0.0000000000,0.0000000000,0.0000000000,0.0000000000,G,9.9699699700,8.5416121844e-03
0,0.0000000000,0.0000000000,0.0000000000,0.0000000000,G,10.0300300300,8.9876062048e-03
0,0.0000000000,0.0000000000,0.0000000000,0.0000000000,G,10.0900900901,9.4883087411e-03
0,0.0000000000,0.0000000000,0.0000000000,0.0000000000,G,10.1501501502,1.0050280681e-02
0,0.0000000000,0.0000000000,0.0000000000,0.0000000000,G,10.2102102102,1.0681444027e-02
0,0.0000000000,0.0000000000,0.0000000000,0.0000000000,G,10.2702702703,1.1391347353e-02
0,0.0000000000,0.0000000000,0.0000000000,0.0000000000,G,10.3303303303,1.2191508020e-02
0,0.0000000000,0.0000000000,0.0000000000,0.0000000000,G,10.3903903904,1.3095852825e-02
0,0.0000000000,0.0000000000,0.0000000000,0.0000000000,G,10.4504504505,1.4121286739e-02
0,0.0000000000,0.0000000000,0.0000000000,0.0000000000,G,10.5105105105,1.5288430214e-02
0,0.0000000000,0.0000000000,0.0000000000,0.0000000000,G,10.5705705706,1.6622580693e-02
0,0.0000000000,0.0000000000,0.0000000000,0.0000000000,G,10.6306306306,1.8154975069e-02
0,0.0000000000,0.0000000000,0.0000000000,0.0000000000,G,10.6906906907,1.9924459624e-02
0,0.0000000000,0.0000000000,0.0000000000,0.0000000000,G,10.7507507508,2.1979716112e-02
0,0.0000000000,0.0000000000,0.0000000000,0.0000000000,G,10.8108108108,2.4382252161e-02
0,0.0000000000,0.0000000000,0.0000000000,0.0000000000,G,10.8708708709,2.7210447941e-02
0,0.0000000000,0.0000000000,0.0000000000,0.0000000000,G,10.9309309309,3.0565067071e-02
0,0.0000000000,0.0000000000,0.0000000000,0.0000000000,G,10.9909909910,3.4576795295e-02
0,0.0000000000,0.0000000000,0.0000000000,0.0000000000,G,11.0510510511,3.9416564574e-02
0,0.0000000000,0.0000000000,0.0000000000,0.0000000000,G,11.1111111111,4.5309622448e-02
0,0.0000000000,0.0000000000,0.0000000000,0.0000000000,G,11.1711711712,5.2554400596e-02
0,0.0000000000,0.0000000000,0.0000000000,0.0000000000,G,11.2312312312,6.1546875799e-02
0,0.0000000000,0.0000000000,0.0000000000,0.0000000000,G,11.2912912913,7.2809370580e-02
0,0.0000000000,0.0000000000,0.0000000000,0.0000000000,G,11.3513513514,8.7017278011e-02
0,0.0000000000,0.0000000000,0.0000000000,0.0000000000,G,11.4114114114,1.0500261199e-01
0,0.0000000000,0.0000000000,0.0000000000,0.0000000000,G,11.4714714715,1.2767868199e-01
0,0.0000000000,0.0000000000,0.0000000000,0.0000000000,G,11.5315315315,1.5576043080e-01
0,0.0000000000,0.0000000000,0.0000000000,0.0000000000,G,11.5915915916,1.8905855850e-01
0,0.0000000000,0.0000000000,0.0000000000,0.0000000000,G,11.6516516517,2.2515325461e-01
0,0.0000000000,0.0000000000,0.0000000000,0.0000000000,G,11.7117117117,2.5790601105e-01
0,0.0000000000,0.0000000000,0.0000000000,0.0000000000,G,11.7717717718,2.7793334754e-01
0,0.0000000000,0.0000000000,0.0000000000,0.0000000000,G,11.8318318318,2.7749972555e-01
0,0.0000000000,0.0000000000,0.0000000000,0.0000000000,G,11.8918918919,2.5678607746e-01
0,0.0000000000,0.0000000000,0.0000000000,0.0000000000,G,11.9519519520,2.2372518994e-01
0,0.0000000000,0.0000000000,0.0000000000,0.0000000000,G,12.0120120120,1.8763583681e-01
0,0.0000000000,0.0000000000,0.0000000000,0.0000000000,G,12.0720720721,1.5449847399e-01
0,0.0000000000,0.0000000000,0.0000000000,0.0000000000,G,12.1321321321,1.2661573113e-01
0,0.0000000000,0.0000000000,0.0000000000,0.0000000000,G,12.1921921922,1.0412122172e-01
0,0.0000000000,0.0000000000,0.0000000000,0.0000000000,G,12.2522522523,8.6282736803e-02
0,0.0000000000,0.0000000000,0.0000000000,0.0000000000,G,12.3123123123,7.2186765664e-02
0,0.0000000000,0.0000000000,0.0000000000,0.0000000000,G,12.3723723724,6.1006703434e-02
0,0.0000000000,0.0000000000,0.0000000000,0.0000000000,G,12.4324324324,5.2073368611e-02
0,0.0000000000,0.0000000000,0.0000000000,0.0000000000,G,12.4924924925,4.4869832805e-02
0,0.0000000000,0.0000000000,0.0000000000,0.0000000000,G,12.5525525526,3.9004361044e-02
0,0.0000000000,0.0000000000,0.0000000000,0.0000000000,G,12.6126126126,3.4181715373e-02
0,0.0000000000,0.0000000000,0.0000000000,0.0000000000,G,12.6726726727,3.0179004868e-02
0,0.0000000000,0.0000000000,0.0000000000,0.0000000000,G,12.7327327327,2.6827019851e-02
0,0.0000000000,0.0000000000,0.0000000000,0.0000000000,G,12.7927927928,2.3996326278e-02
0,0.0000000000,0.0000000000,0.0000000000,0.0000000000,G,12.8528528529,2.1587064932e-02
0,0.0000000000,0.0000000000,0.0000000000,0.0000000000,G,12.9129129129,1.9521502544e-02
0,0.0000000000,0.0000000000,0.0000000000,0.0000000000,G,12.9729729730,1.7738585196e-02
0,0.0000000000,0.0000000000,0.0000000000,0.0000000000,G,13.0330330330,1.6189937199e-02
0,0.0000000000,0.0000000000,0.0000000000,0.0000000000,G,13.0930930931,1.4836902595e-02
0,0.0000000000,0.0000000000,0.0000000000,0.0000000000,G,13.1531531532,1.3648341056e-02
0,0.0000000000,0.0000000000,0.0000000000,0.0000000000,G,13.2132132132,1.2598972548e-02
0,0.0000000000,0.0000000000,0.0000000000,0.0000000000,G,13.2732732733,1.1668123918e-02
0,0.0000000000,0.0000000000,0.0000000000,0.0000000000,G,13.3333333333,1.0838772002e-02
0,0.0000000000,0.0000000000,0.0000000000,0.0000000000,G,13.3933933934,1.0096807233e-02
0,0.0000000000,0.0000000000,0.0000000000,0.0000000000,G,13.4534534535,9.4304624834e-03
0,0.0000000000,0.0000000000,0.0000000000,0.0000000000,G,13.5135135135,8.8298667367e-03
0,0.0000000000,0.0000000000,0.0000000000,0.0000000000,G,13.5735735736,8.2866937550e-03
0,0.0000000000,0.0000000000,0.0000000000,0.0000000000,G,13.6336336336,7.7938836075e-03
0,0.0000000000,0.0000000000,0.0000000000,0.0000000000,G,13.6936936937,7.3454204764e-03
0,0.0000000000,0.0000000000,0.0000000000,0.0000000000,G,13.7537537538,6.9361542397e-03
0,0.0000000000,0.0000000000,0.0000000000,0.0000000000,G,13.8138138138,6.5616563369e-03
0,0.0000000000,0.0000000000,0.0000000000,0.0000000000,G,13.8738738739,6.2181026547e-03
0,0.0000000000,0.0000000000,0.0000000000,0.0000000000,G,13.9339339339,5.9021778424e-03
0,0.0000000000,0.0000000000,0.0000000000,0.0000000000,G,13.9939939940,5.6109967226e-03
0,0.0000000000,0.0000000000,0.0000000000,0.0000000000,G,14.0540540541,5.3420394190e-03
0,0.0000000000,0.0000000000,0.0000000000,0.0000000000,G,14.1141141141,5.0930975490e-03
0,0.0000000000,0.0000000000,0.0000000000,0.0000000000,G,14.1741741742,4.8622293894e-03
0,0.0000000000,0.0000000000,0.0000000000,0.0000000000,G,14.2342342342,4.6477223546e-03
0,0.0000000000,0.0000000000,0.0000000000,0.0000000000,G,14.2942942943,4.4480614635e-03
0,0.0000000000,0.0000000000,0.0000000000,0.0000000000,G,14.3543543544,4.2619027321e-03
0,0.0000000000,0.0000000000,0.0000000000,0.0000000000,G,14.4144144144,4.0880506371e-03
0,0.0000000000,0.0000000000,0.0000000000,0.0000000000,G,14.4744744745,3.9254389565e-03
0,0.0000000000,0.0000000000,0.0000000000,0.0000000000,G,14.5345345345,3.7731144241e-03
0,0.0000000000,0.0000000000,0.0000000000,0.0000000000,G,14.5945945946,3.6302227383e-03
0,0.0000000000,0.0000000000,0.0000000000,0.0000000000,G,14.6546546547,3.4959965464e-03
0,0.0000000000,0.0000000000,0.0000000000,0.0000000000,G,14.7147147147,3.3697450934e-03
0,0.0000000000,0.0000000000,0.0000000000,0.0000000000,G,14.7747747748,3.2508452794e-03
0,0.0000000000,0.0000000000,0.0000000000,0.0000000000,G,14.8348348348,3.1387339108e-03
0,0.0000000000,0.0000000000,0.0000000000,0.0000000000,G,14.8948948949,3.0329009682e-03
0,0.0000000000,0.0000000000,0.0000000000,0.0000000000,G,14.9549549550,2.9328837429e-03
0,0.0000000000,0.0000000000,0.0000000000,0.0000000000,G,15.0150150150,2.8382617156e-03
0,0.0000000000,0.0000000000,0.0000000000,0.0000000000,G,15.0750750751,2.7486520759e-03
0,0.0000000000,0.0000000000,0.0000000000,0.0000000000,G,15.1351351351,2.6637057906e-03
0,0.0000000000,0.0000000000,0.0000000000,0.0000000000,G,15.1951951952,2.5831041490e-03
0,0.0000000000,0.0000000000,0.0000000000,0.0000000000,G,15.2552552553,2.5065557204e-03
0,0.0000000000,0.0000000000,0.0000000000,0.0000000000,G,15.3153153153,2.4337936704e-03
0,0.0000000000,0.0000000000,0.0000000000,0.0000000000,G,15.3753753754,2.3645733912e-03
0,0.0000000000,0.0000000000,0.0000000000,0.0000000000,G,15.4354354354,2.2986704050e-03
0,0.0000000000,0.0000000000,0.0000000000,0.0000000000,G,15.4954954955,2.2358785100e-03
0,0.0000000000,0.0000000000,0.0000000000,0.0000000000,G,15.5555555556,2.1760081387e-03
0,0.0000000000,0.0000000000,0.0000000000,0.0000000000,G,15.6156156156,2.1188849060e-03
0,0.0000000000,0.0000000000,0.0000000000,0.0000000000,G,15.6756756757,2.0643483264e-03
0,0.0000000000,0.0000000000,0.0000000000,0.0000000000,G,15.7357357357,2.0122506843e-03
0,0.0000000000,0.0000000000,0.0000000000,0.0000000000,G,15.7957957958,1.9624560428e-03
0,0.0000000000,0.0000000000,0.0000000000,0.0000000000,G,15.8558558559,1.9148393817e-03
0,0.0000000000,0.0000000000,0.0000000000,0.0000000000,G,15.9159159159,1.8692858558e-03
0,0.0000000000,0.0000000000,0.0000000000,0.0000000000,G,15.9759759760,1.8256901687e-03
0,0.0000000000,0.0000000000,0.0000000000,0.0000000000,G,16.0360360360,1.7839560604e-03
0,0.0000000000,0.0000000000,0.0000000000,0.0000000000,G,16.0960960961,1.7439959107e-03
0,0.0000000000,0.0000000000,0.0000000000,0.0000000000,G,16.1561561562,1.7057304622e-03
0,0.0000000000,0.0000000000,0.0000000000,0.0000000000,G,16.2162162162,1.6690886757e-03
0,0.0000000000,0.0000000000,0.0000000000,0.0000000000,G,16.2762762763,1.6340077327e-03
0,0.0000000000,0.0000000000,0.0000000000,0.0000000000,G,16.3363363363,1.6004332112e-03
0,0.0000000000,0.0000000000,0.0000000000,0.0000000000,G,16.3963963964,1.5683194692e-03
0,0.0000000000,0.0000000000,0.0000000000,0.0000000000,G,16.4564564565,1.5376302877e-03
0,0.0000000000,0.0000000000,0.0000000000,0.0000000000,G,16.5165165165,1.5083398418e-03
0,0.0000000000,0.0000000000,0.0000000000,0.0000000000,G,16.5765765766,1.4804341006e-03
0,0.0000000000,0.0000000000,0.0000000000,0.0000000000,G,16.6366366366,1.4539127910e-03
0,0.0000000000,0.0000000000,0.0000000000,0.0000000000,G,16.6966966967,1.4287921204e-03
0,0.0000000000,0.0000000000,0.0000000000,0.0000000000,G,16.7567567568,1.4051085292e-03
0,0.0000000000,0.0000000000,0.0000000000,0.0000000000,G,16.8168168168,1.3829238523e-03
0,0.0000000000,0.0000000000,0.0000000000,0.0000000000,G,16.8768768769,1.3623324266e-03
0,0.0000000000,0.0000000000,0.0000000000,0.0000000000,G,16.9369369369,1.3434708865e-03
0,0.0000000000,0.0000000000,0.0000000000,0.0000000000,G,16.9969969970,1.3265316590e-03
0,0.0000000000,0.0000000000,0.0000000000,0.0000000000,G,17.0570570571,1.3117814769e-03
0,0.0000000000,0.0000000000,0.0000000000,0.0000000000,G,17.1171171171,1.2995864576e-03
0,0.0000000000,0.0000000000,0.0000000000,0.0000000000,G,17.1771771772,1.2904450987e-03
0,0.0000000000,0.0000000000,0.0000000000,0.0000000000,G,17.2372372372,1.2850289392e-03
0,0.0000000000,0.0000000000,0.0000000000,0.0000000000,G,17.2972972973,1.2842251256e-03
0,0.0000000000,0.0000000000,0.0000000000,0.0000000000,G,17.3573573574,1.2891597055e-03
0,0.0000000000,0.0000000000,0.0000000000,0.0000000000,G,17.4174174174,1.3011423030e-03
0,0.0000000000,0.0000000000,0.0000000000,0.0000000000,G,17.4774774775,1.3213903337e-03
0,0.0000000000,0.0000000000,0.0000000000,0.0000000000,G,17.5375375375,1.3502538071e-03
0,0.0000000000,0.0000000000,0.0000000000,0.0000000000,G,17.5975975976,1.3855845375e-03
0,0.0000000000,0.0000000000,0.0000000000,0.0000000000,G,17.6576576577,1.4204107266e-03
0,0.0000000000,0.0000000000,0.0000000000,0.0000000000,G,17.7177177177,1.4420800474e-03
0,0.0000000000,0.0000000000,0.0000000000,0.0000000000,G,17.7777777778,1.4370590196e-03
0,0.0000000000,0.0000000000,0.0000000000,0.0000000000,G,17.8378378378,1.4007613471e-03
0,0.0000000000,0.0000000000,0.0000000000,0.0000000000,G,17.8978978979,1.3416501903e-03
0,0.0000000000,0.0000000000,0.0000000000,0.0000000000,G,17.9579579580,1.2739117353e-03
0,0.0000000000,0.0000000000,0.0000000000,0.0000000000,G,18.0180180180,1.2084864806e-03
0,0.0000000000,0.0000000000,0.0000000000,0.0000000000,G,18.0780780781,1.1504984981e-03
0,0.0000000000,0.0000000000,0.0000000000,0.0000000000,G,18.1381381381,1.1010082442e-03
0,0.0000000000,0.0000000000,0.0000000000,0.0000000000,G,18.1981981982,1.0592160615e-03
0,0.0000000000,0.0000000000,0.0000000000,0.0000000000,G,18.2582582583,1.0237845623e-03
0,0.0000000000,0.0000000000,0.0000000000,0.0000000000,G,18.3183183183,9.9341132096e-04
0,0.0000000000,0.0000000000,0.0000000000,0.0000000000,G,18.3783783784,9.6700963617e-04
0,0.0000000000,0.0000000000,0.0000000000,0.0000000000,G,18.4384384384,9.4372772734e-04
0,0.0000000000,0.0000000000,0.0000000000,0.0000000000,G,18.4984984985,9.2291503704e-04
0,0.0000000000,0.0000000000,0.0000000000,0.0000000000,G,18.5585585586,9.0407887616e-04
0,0.0000000000,0.0000000000,0.0000000000,0.0000000000,G,18.6186186186,8.8684587491e-04
0,0.0000000000,0.0000000000,0.0000000000,0.0000000000,G,18.6786786787,8.7093151112e-04
0,0.0000000000,0.0000000000,0.0000000000,0.0000000000,G,18.7387387387,8.5611718296e-04
0,0.0000000000,0.0000000000,0.0000000000,0.0000000000,G,18.7987987988,8.4223332208e-04
0,0.0000000000,0.0000000000,0.0000000000,0.0000000000,G,18.8588588589,8.2914705093e-04
0,0.0000000000,0.0000000000,0.0000000000,0.0000000000,G,18.9189189189,8.1675316490e-04
0,0.0000000000,0.0000000000,0.0000000000,0.0000000000,G,18.9789789790,8.0496751947e-04
0,0.0000000000,0.0000000000,0.0000000000,0.0000000000,G,19.0390390390,7.9372215231e-04
0,0.0000000000,0.0000000000,0.0000000000,0.0000000000,G,19.0990990991,7.8296165946e-04
0,0.0000000000,0.0000000000,0.0000000000,0.0000000000,G,19.1591591592,7.7264048250e-04
0,0.0000000000,0.0000000000,0.0000000000,0.0000000000,G,19.2192192192,7.6272086213e-04
0,0.0000000000,0.0000000000,0.0000000000,0.0000000000,G,19.2792792793,7.5317128276e-04
0,0.0000000000,0.0000000000,0.0000000000,0.0000000000,G,19.3393393393,7.4396528214e-04
0,0.0000000000,0.0000000000,0.0000000000,0.0000000000,G,19.3993993994,7.3508053488e-04
0,0.0000000000,0.0000000000,0.0000000000,0.0000000000,G,19.4594594595,7.2649814335e-04
0,0.0000000000,0.0000000000,0.0000000000,0.0000000000,G,19.5195195195,7.1820208727e-04
0,0.0000000000,0.0000000000,0.0000000000,0.0000000000,G,19.5795795796,7.1017879640e-04
0,0.0000000000,0.0000000000,0.0000000000,0.0000000000,G,19.6396396396,7.0241681948e-04
0,0.0000000000,0.0000000000,0.0000000000,0.0000000000,G,19.6996996997,6.9490657034e-04
0,0.0000000000,0.0000000000,0.0000000000,0.0000000000,G,19.7597597598,6.8764013629e-04
0,0.0000000000,0.0000000000,0.0000000000,0.0000000000,G,19.8198198198,6.8061113865e-04
0,0.0000000000,0.0000000000,0.0000000000,0.0000000000,G,19.8798798799,6.7381463791e-04
0,0.0000000000,0.0000000000,0.0000000000,0.0000000000,G,19.9399399399,6.6724707836e-04
0,0.0000000000,0.0000000000,0.0000000000,0.0000000000,G,20.0000000000,6.6090626953e-04
1,0.0000000000,0.5000000000,0.0000000000,1.2083048668,X,-20.0000000000,6.1528662819e-04
1,0.0000000000,0.5000000000,0.0000000000,1.2083048668,X,-19.9399399399,6.2384770641e-04
1,0.0000000000,0.5000000000,0.0000000000,1.2083048668,X,-19.8798798799,6.3294242297e-04
1,0.0000000000,0.5000000000,0.0000000000,1.2083048668,X,-19.8198198198,6.4263712009e-04
1,0.0000000000,0.5000000000,0.0000000000,1.2083048668,X,-19.7597597598,6.5301046738e-04
1,0.0000000000,0.5000000000,0.0000000000,1.2083048668,X,-19.6996996997,6.6415627990e-04
1,0.0000000000,0.5000000000,0.0000000000,1.2083048668,X,-19.6396396396,6.7618711994e-04
1,0.0000000000,0.5000000000,0.0000000000,1.2083048668,X,-19.5795795796,6.8923893518e-04
1,0.0000000000,0.5000000000,0.0000000000,1.2083048668,X,-19.5195195195,7.0347707883e-04
1,0.0000000000,0.5000000000,0.0000000000,1.2083048668,X,-19.4594594595,7.1910418708e-04
1,0.0000000000,0.5000000000,0.0000000000,1.2083048668,X,-19.3993993994,7.3637057318e-04
1,0.0000000000,0.5000000000,0.0000000000,1.2083048668,X,-19.3393393393,7.5558805656e-04
1,0.0000000000,0.5000000000,0.0000000000,1.2083048668,X,-19.2792792793,7.7714851298e-04
1,0.0000000000,0.5000000000,0.0000000000,1.2083048668,X,-19.2192192192,8.0154894677e-04
1,0.0000000000,0.5000000000,0.0000000000,1.2083048668,X,-19.1591591592,8.2942559923e-04
1,0.0000000000,0.5000000000,0.0000000000,1.2083048668,X,-19.0990990991,8.6160055777e-04
1,0.0000000000,0.5000000000,0.0000000000,1.2083048668,X,-19.0390390390,8.9914550266e-04
1,0.0000000000,0.5000000000,0.0000000000,1.2083048668,X,-18.9789789790,9.4346841088e-04
1,0.0000000000,0.5000000000,0.0000000000,1.2083048668,X,-18.9189189189,9.9642945063e-04
1,0.0000000000,0.5000000000,0.0000000000,1.2083048668,X,-18.8588588589,1.0604896587e-03
1,0.0000000000,0.5000000000,0.0000000000,1.2083048668,X,-18.7987987988,1.1388842058e-03
1,0.0000000000,0.5000000000,0.0000000000,1.2083048668,X,-18.7387387387,1.2357759635e-03
1,0.0000000000,0.5000000000,0.0000000000,1.2083048668,X,-18.6786786787,1.3562499259e-03
1,0.0000000000,0.5000000000,0.0000000000,1.2083048668,X,-18.6186186186,1.5057862082e-03
1,0.0000000000,0.5000000000,0.0000000000,1.2083048668,X,-18.5585585586,1.6884107309e-03
1,0.0000000000,0.5000000000,0.0000000000,1.2083048668,X,-18.4984984985,1.9021596999e-03
1,0.0000000000,0.5000000000,0.0000000000,1.2083048668,X,-18.4384384384,2.1308628580e-03
1,0.0000000000,0.5000000000,0.0000000000,1.2083048668,X,-18.3783783784,2.3357417182e-03
1,0.0000000000,0.5000000000,0.0000000000,1.2083048668,X,-18.3183183183,2.4604912139e-03
1,0.0000000000,0.5000000000,0.0000000000,1.2083048668,X,-18.2582582583,2.4628622394e-03
1,0.0000000000,0.5000000000,0.0000000000,1.2083048668,X,-18.1981981982,2.3499123347e-03
1,0.0000000000,0.5000000000,0.0000000000,1.2083048668,X,-18.1381381381,2.1718379604e-03
1,0.0000000000,0.5000000000,0.0000000000,1.2083048668,X,-18.0780780781,1.9830792107e-03
1,0.0000000000,0.5000000000,0.0000000000,1.2083048668,X,-18.0180180180,1.8170873071e-03
1,0.0000000000,0.5000000000,0.0000000000,1.2083048668,X,-17.9579579580,1.6863295335e-03
1,0.0000000000,0.5000000000,0.0000000000,1.2083048668,X,-17.8978978979,1.5915166073e-03
1,0.0000000000,0.5000000000,0.0000000000,1.2083048668,X,-17.8378378378,1.5290055306e-03
1,0.0000000000,0.5000000000,0.0000000000,1.2083048668,X,-17.7777777778,1.4945992534e-03
1,0.0000000000,0.5000000000,0.0000000000,1.2083048668,X,-17.7177177177,1.4850562051e-03
1,0.0000000000,0.5000000000,0.0000000000,1.2083048668,X,-17.6576576577,1.4985610794e-03
1,0.0000000000,0.5000000000,0.0000000000,1.2083048668,X,-17.5975975976,1.5348391658e-03
1,0.0000000000,0.5000000000,0.0000000000,1.2083048668,X,-17.5375375375,1.5952177849e-03
1,0.0000000000,0.5000000000,0.0000000000,1.2083048668,X,-17.4774774775,1.6827517555e-03
1,0.0000000000,0.5000000000,0.0000000000,1.2083048668,X,-17.4174174174,1.8024348735e-03
1,0.0000000000,0.5000000000,0.0000000000,1.2083048668,X,-17.3573573574,1.9614302830e-03
1,0.0000000000,0.5000000000,0.0000000000,1.2083048668,X,-17.2972972973,2.1690787750e-03
1,0.0000000000,0.5000000000,0.0000000000,1.2083048668,X,-17.2372372372,2.4360461039e-03
1,0.0000000000,0.5000000000,0.0000000000,1.2083048668,X,-17.1771771772,2.7711565447e-03
1,0.0000000000,0.5000000000,0.0000000000,1.2083048668,X,-17.1171171171,3.1732717911e-03
1,0.0000000000,0.5000000000,0.0000000000,1.2083048668,X,-17.0570570571,3.6156055887e-03
1,0.0000000000,0.5000000000,0.0000000000,1.2083048668,X,-16.9969969970,4.0268610972e-03
1,0.0000000000,0.5000000000,0.0000000000,1.2083048668,X,-16.9369369369,4.2933295423e-03
1,0.0000000000,0.5000000000,0.0000000000,1.2083048668,X,-16.8768768769,4.3142553848e-03
1,0.0000000000,0.5000000000,0.0000000000,1.2083048668,X,-16.8168168168,4.0814899593e-03
1,0.0000000000,0.5000000000,0.0000000000,1.2083048668,X,-16.7567567568,3.6867892368e-03
1,0.0000000000,0.5000000000,0.0000000000,1.2083048668,X,-16.6966966967,3.2464725244e-03
1,0.0000000000,0.5000000000,0.0000000000,1.2083048668,X,-16.6366366366,2.8385662853e-03
1,0.0000000000,0.5000000000,0.0000000000,1.2083048668,X,-16.5765765766,2.4947297707e-03
1,0.0000000000,0.5000000000,0.0000000000,1.2083048668,X,-16.5165165165,2.2181795718e-03
1,0.0000000000,0.5000000000,0.0000000000,1.2083048668,X,-16.4564564565,2.0003739346e-03
1,0.0000000000,0.5000000000,0.0000000000,1.2083048668,X,-16.3963963964,1.8300497722e-03
1,0.0000000000,0.5000000000,0.0000000000,1.2083048668,X,-16.3363363363,1.6968542768e-03
1,0.0000000000,0.5000000000,0.0000000000,1.2083048668,X,-16.2762762763,1.5923518595e-03
1,0.0000000000,0.5000000000,0.0000000000,1.2083048668,X,-16.2162162162,1.5100072424e-03
1,0.0000000000,0.5000000000,0.0000000000,1.2083048668,X,-16.1561561562,1.4448618582e-03
1,0.0000000000,0.5000000000,0.0000000000,1.2083048668,X,-16.0960960961,1.3931773622e-03
1,0.0000000000,0.5000000000,0.0000000000,1.2083048668,X,-16.0360360360,1.3521320162e-03
1,0.0000000000,0.5000000000,0.0000000000,1.2083048668,X,-15.9759759760,1.3195848262e-03
1,0.0000000000,0.5000000000,0.0000000000,1.2083048668,X,-15.9159159159,1.2938994227e-03
1,0.0000000000,0.5000000000,0.0000000000,1.2083048668,X,-15.8558558559,1.2738147314e-03
1,0.0000000000,0.5000000000,0.0000000000,1.2083048668,X,-15.7957957958,1.2583505030e-03
1,0.0000000000,0.5000000000,0.0000000000,1.2083048668,X,-15.7357357357,1.2467382396e-03
1,0.0000000000,0.5000000000,0.0000000000,1.2083048668,X,-15.6756756757,1.2383704653e-03
1,0.0000000000,0.5000000000,0.0000000000,1.2083048668,X,-15.6156156156,1.2327632297e-03
1,0.0000000000,0.5000000000,0.0000000000,1.2083048668,X,-15.5555555556,1.2295281843e-03
1,0.0000000000,0.5000000000,0.0000000000,1.2083048668,X,-15.4954954955,1.2283516222e-03
1,0.0000000000,0.5000000000,0.0000000000,1.2083048668,X,-15.4354354354,1.2289786148e-03
1,0.0000000000,0.5000000000,0.0000000000,1.2083048668,X,-15.3753753754,1.2312009089e-03
1,0.0000000000,0.5000000000,0.0000000000,1.2083048668,X,-15.3153153153,1.2348476192e-03
1,0.0000000000,0.5000000000,0.0000000000,1.2083048668,X,-15.2552552553,1.2397780153e-03
1,0.0000000000,0.5000000000,0.0000000000,1.2083048668,X,-15.1951951952,1.2458758909e-03
1,0.0000000000,0.5000000000,0.0000000000,1.2083048668,X,-15.1351351351,1.2530451377e-03
1,0.0000000000,0.5000000000,0.0000000000,1.2083048668,X,-15.0750750751,1.2612062432e-03
1,0.0000000000,0.5000000000,0.0000000000,1.2083048668,X,-15.0150150150,1.2702935026e-03
1,0.0000000000,0.5000000000,0.0000000000,1.2083048668,X,-14.9549549550,1.2802527869e-03
1,0.0000000000,0.5000000000,0.0000000000,1.2083048668,X,-14.8948948949,1.2910397471e-03
1,0.0000000000,0.5000000000,0.0000000000,1.2083048668,X,-14.8348348348,1.3026183627e-03
1,0.0000000000,0.5000000000,0.0000000000,1.2083048668,X,-14.7747747748,1.3149597635e-03
1,0.0000000000,0.5000000000,0.0000000000,1.2083048668,X,-14.7147147147,1.3280412715e-03
1,0.0000000000,0.5000000000,0.0000000000,1.2083048668,X,-14.6546546547,1.3418456187e-03
1,0.0000000000,0.5000000000,0.0000000000,1.2083048668,X,-14.5945945946,1.3563603082e-03
1,0.0000000000,0.5000000000,0.0000000000,1.2083048668,X,-14.5345345345,1.3715770928e-03
1,0.0000000000,0.5000000000,0.0000000000,1.2083048668,X,-14.4744744745,1.3874915500e-03
1,0.0000000000,0.5000000000,0.0000000000,1.2083048668,X,-14.4144144144,1.4041027365e-03
1,0.0000000000,0.5000000000,0.0000000000,1.2083048668,X,-14.3543543544,1.4214129104e-03
1,0.0000000000,0.5000000000,0.0000000000,1.2083048668,X,-14.2942942943,1.4394273092e-03
1,0.0000000000,0.5000000000,0.0000000000,1.2083048668,X,-14.2342342342,1.4581539762e-03
1,0.0000000000,0.5000000000,0.0000000000,1.2083048668,X,-14.1741741742,1.4776036283e-03
1,0.0000000000,0.5000000000,0.0000000000,1.2083048668,X,-14.1141141141,1.4977895603e-03
1,0.0000000000,0.5000000000,0.0000000000,1.2083048668,X,-14.0540540541,1.5187275807e-03
1,0.0000000000,0.5000000000,0.0000000000,1.2083048668,X,-13.9939939940,1.5404359765e-03
1,0.0000000000,0.5000000000,0.0000000000,1.2083048668,X,-13.9339339339,1.5629355043e-03
1,0.0000000000,0.5000000000,0.0000000000,1.2083048668,X,-13.8738738739,1.5862494051e-03
1,0.0000000000,0.5000000000,0.0000000000,1.2083048668,X,-13.8138138138,1.6104034426e-03
1,0.0000000000,0.5000000000,0.0000000000,1.2083048668,X,-13.7537537538,1.6354259632e-03
1,0.0000000000,0.5000000000,0.0000000000,1.2083048668,X,-13.6936936937,1.6613479778e-03
1,0.0000000000,0.5000000000,0.0000000000,1.2083048668,X,-13.6336336336,1.6882032644e-03
1,0.0000000000,0.5000000000,0.0000000000,1.2083048668,X,-13.5735735736,1.7160284931e-03
1,0.0000000000,0.5000000000,0.0000000000,1.2083048668,X,-13.5135135135,1.7448633731e-03
1,0.0000000000,0.5000000000,0.0000000000,1.2083048668,X,-13.4534534535,1.7747508229e-03
1,0.0000000000,0.5000000000,0.0000000000,1.2083048668,X,-13.3933933934,1.8057371650e-03
1,0.0000000000,0.5000000000,0.0000000000,1.2083048668,X,-13.3333333333,1.8378723469e-03
1,0.0000000000,0.5000000000,0.0000000000,1.2083048668,X,-13.2732732733,1.8712101895e-03
1,0.0000000000,0.5000000000,0.0000000000,1.2083048668,X,-13.2132132132,1.9058086672e-03
1,0.0000000000,0.5000000000,0.0000000000,1.2083048668,X,-13.1531531532,1.9417302193e-03
1,0.0000000000,0.5000000000,0.0000000000,1.2083048668,X,-13.0930930931,1.9790420998e-03
1,0.0000000000,0.5000000000,0.0000000000,1.2083048668,X,-13.0330330330,2.0178167658e-03
1,0.0000000000,0.5000000000,0.0000000000,1.2083048668,X,-12.9729729730,2.0581323115e-03
1,0.0000000000,0.5000000000,0.0000000000,1.2083048668,X,-12.9129129129,2.1000729510e-03
1,0.0000000000,0.5000000000,0.0000000000,1.2083048668,X,-12.8528528529,2.1437295564e-03
1,0.0000000000,0.5000000000,0.0000000000,1.2083048668,X,-12.7927927928,2.1892002587e-03
1,0.0000000000,0.5000000000,0.0000000000,1.2083048668,X,-12.7327327327,2.2365911167e-03
1,0.0000000000,0.5000000000,0.0000000000,1.2083048668,X,-12.6726726727,2.2860168651e-03
1,0.0000000000,0.5000000000,0.0000000000,1.2083048668,X,-12.6126126126,2.3376017511e-03
1,0.0000000000,0.5000000000,0.0000000000,1.2083048668,X,-12.5525525526,2.3914804699e-03
1,0.0000000000,0.5000000000,0.0000000000,1.2083048668,X,-12.4924924925,2.4477992149e-03
1,0.0000000000,0.5000000000,0.0000000000,1.2083048668,X,-12.4324324324,2.5067168555e-03
1,0.0000000000,0.5000000000,0.0000000000,1.2083048668,X,-12.3723723724,2.5684062634e-03
1,0.0000000000,0.5000000000,0.0000000000,1.2083048668,X,-12.3123123123,2.6330558055e-03
1,0.0000000000,0.5000000000,0.0000000000,1.2083048668,X,-12.2522522523,2.7008710300e-03
1,0.0000000000,0.5000000000,0.0000000000,1.2083048668,X,-12.1921921922,2.7720765733e-03
1,0.0000000000,0.5000000000,0.0000000000,1.2083048668,X,-12.1321321321,2.8469183214e-03
1,0.0000000000,0.5000000000,0.0000000000,1.2083048668,X,-12.0720720721,2.9256658647e-03
1,0.0000000000,0.5000000000,0.0000000000,1.2083048668,X,-12.0120120120,3.0086152924e-03
1,0.0000000000,0.5000000000,0.0000000000,1.2083048668,X,-11.9519519520,3.0960923819e-03
1,0.0000000000,0.5000000000,0.0000000000,1.2083048668,X,-11.8918918919,3.1884562458e-03
1,0.0000000000,0.5000000000,0.0000000000,1.2083048668,X,-11.8318318318,3.2861035152e-03
1,0.0000000000,0.5000000000,0.0000000000,1.2083048668,X,-11.7717717718,3.3894731491e-03
1,0.0000000000,0.5000000000,0.0000000000,1.2083048668,X,-11.7117117117,3.4990519793e-03
1,0.0000000000,0.5000000000,0.0000000000,1.2083048668,X,-11.6516516517,3.6153811223e-03
1,0.0000000000,0.5000000000,0.0000000000,1.2083048668,X,-11.5915915916,3.7390634143e-03
1,0.0000000000,0.5000000000,0.0000000000,1.2083048668,X,-11.5315315315,3.8707720609e-03
1,0.0000000000,0.5000000000,0.0000000000,1.2083048668,X,-11.4714714715,4.0112607309e-03
1,0.0000000000,0.5000000000,0.0000000000,1.2083048668,X,-11.4114114114,4.1613753765e-03
1,0.0000000000,0.5000000000,0.0000000000,1.2083048668,X,-11.3513513514,4.3220681222e-03
1,0.0000000000,0.5000000000,0.0000000000,1.2083048668,X,-11.2912912913,4.4944136445e-03
1,0.0000000000,0.5000000000,0.0000000000,1.2083048668,X,-11.2312312312,4.6796285634e-03
1,0.0000000000,0.5000000000,0.0000000000,1.2083048668,X,-11.1711711712,4.8790944902e-03
1,0.0000000000,0.5000000000,0.0000000000,1.2083048668,X,-11.1111111111,5.0943855344e-03
1,0.0000000000,0.5000000000,0.0000000000,1.2083048668,X,-11.0510510511,5.3273012768e-03
1,0.0000000000,0.5000000000,0.0000000000,1.2083048668,X,-10.9909909910,5.5799064723e-03
1,0.0000000000,0.5000000000,0.0000000000,1.2083048668,X,-10.9309309309,5.8545790859e-03
1,0.0000000000,0.5000000000,0.0000000000,1.2083048668,X,-10.8708708709,6.1540686985e-03
1,0.0000000000,0.5000000000,0.0000000000,1.2083048668,X,-10.8108108108,6.4815678919e-03
1,0.0000000000,0.5000000000,0.0000000000,1.2083048668,X,-10.7507507508,6.8407999754e-03
1,0.0000000000,0.5000000000,0.0000000000,1.2083048668,X,-10.6906906907,7.2361274115e-03
1,0.0000000000,0.5000000000,0.0000000000,1.2083048668,X,-10.6306306306,7.6726866285e-03
1,0.0000000000,0.5000000000,0.0000000000,1.2083048668,X,-10.5705705706,8.1565566982e-03
1,0.0000000000,0.5000000000,0.0000000000,1.2083048668,X,-10.5105105105,8.6949717737e-03
1,0.0000000000,0.5000000000,0.0000000000,1.2083048668,X,-10.4504504505,9.2965904836e-03
1,0.0000000000,0.5000000000,0.0000000000,1.2083048668,X,-10.3903903904,9.9718400105e-03
1,0.0000000000,0.5000000000,0.0000000000,1.2083048668,X,-10.3303303303,1.0733358851e-02
1,0.0000000000,0.5000000000,0.0000000000,1.2083048668,X,-10.2702702703,1.1596570980e-02
1,0.0000000000,0.5000000000,0.0000000000,1.2083048668,X,-10.2102102102,1.2580436396e-02
1,0.0000000000,0.5000000000,0.0000000000,1.2083048668,X,-10.1501501502,1.3708440231e-02
1,0.0000000000,0.5000000000,0.0000000000,1.2083048668,X,-10.0900900901,1.5009907045e-02
1,0.0000000000,0.5000000000,0.0000000000,1.2083048668,X,-10.0300300300,1.6521761383e-02
1,0.0000000000,0.5000000000,0.0000000000,1.2083048668,X,-9.9699699700,1.8290904379e-02
1,0.0000000000,0.5000000000,0.0000000000,1.2083048668,X,-9.9099099099,2.0377444010e-02
1,0.0000000000,0.5000000000,0.0000000000,1.2083048668,X,-9.8498498498,2.2859108682e-02
1,0.0000000000,0.5000000000,0.0000000000,1.2083048668,X,-9.7897897898,2.5837291917e-02
1,0.0000000000,0.5000000000,0.0000000000,1.2083048668,X,-9.7297297297,2.9445308384e-02
1,0.0000000000,0.5000000000,0.0000000000,1.2083048668,X,-9.6696696697,3.3859535971e-02
1,0.0000000000,0.5000000000,0.0000000000,1.2083048668,X,-9.6096096096,3.9314011376e-02
1,0.0000000000,0.5000000000,0.0000000000,1.2083048668,X,-9.5495495495,4.6118287135e-02
1,0.0000000000,0.5000000000,0.0000000000,1.2083048668,X,-9.4894894895,5.4675795312e-02
1,0.0000000000,0.5000000000,0.0000000000,1.2083048668,X,-9.4294294294,6.5492858616e-02
1,0.0000000000,0.5000000000,0.0000000000,1.2083048668,X,-9.3693693694,7.9151023694e-02
1,0.0000000000,0.5000000000,0.0000000000,1.2083048668,X,-9.3093093093,9.6178063510e-02
1,0.0000000000,0.5000000000,0.0000000000,1.2083048668,X,-9.2492492492,1.1669259557e-01
1,0.0000000000,0.5000000000,0.0000000000,1.2083048668,X,-9.1891891892,1.3967042129e-01
1,0.0000000000,0.5000000000,0.0000000000,1.2083048668,X,-9.1291291291,1.6193520258e-01
1,0.0000000000,0.5000000000,0.0000000000,1.2083048668,X,-9.0690690691,1.7788709574e-01
1,0.0000000000,0.5000000000,0.0000000000,1.2083048668,X,-9.0090090090,1.8177815435e-01
1,0.0000000000,0.5000000000,0.0000000000,1.2083048668,X,-8.9489489489,1.7198680249e-01
1,0.0000000000,0.5000000000,0.0000000000,1.2083048668,X,-8.8888888889,1.5248040921e-01
1,0.0000000000,0.5000000000,0.0000000000,1.2083048668,X,-8.8288288288,1.2942354493e-01
1,0.0000000000,0.5000000000,0.0000000000,1.2083048668,X,-8.7687687688,1.0741210796e-01
1,0.0000000000,0.5000000000,0.0000000000,1.2083048668,X,-8.7087087087,8.8532773230e-02
1,0.0000000000,0.5000000000,0.0000000000,1.2083048668,X,-8.6486486486,7.3175413913e-02
1,0.0000000000,0.5000000000,0.0000000000,1.2083048668,X,-8.5885885886,6.0971286413e-02
1,0.0000000000,0.5000000000,0.0000000000,1.2083048668,X,-8.5285285285,5.1341688446e-02
1,0.0000000000,0.5000000000,0.0000000000,1.2083048668,X,-8.4684684685,4.3731429410e-02
1,0.0000000000,0.5000000000,0.0000000000,1.2083048668,X,-8.4084084084,3.7680552215e-02
1,0.0000000000,0.5000000000,0.0000000000,1.2083048668,X,-8.3483483483,3.2830238042e-02
1,0.0000000000,0.5000000000,0.0000000000,1.2083048668,X,-8.2882882883,2.8907569334e-02
1,0.0000000000,0.5000000000,0.0000000000,1.2083048668,X,-8.2282282282,2.5706755457e-02
1,0.0000000000,0.5000000000,0.0000000000,1.2083048668,X,-8.1681681682,2.3072626372e-02
1,0.0000000000,0.5000000000,0.0000000000,1.2083048668,X,-8.1081081081,2.0887644296e-02
1,0.0000000000,0.5000000000,0.0000000000,1.2083048668,X,-8.0480480480,1.9062151486e-02
1,0.0000000000,0.5000000000,0.0000000000,1.2083048668,X,-7.9879879880,1.7527194392e-02
1,0.0000000000,0.5000000000,0.0000000000,1.2083048668,X,-7.9279279279,1.6229280910e-02
1,0.0000000000,0.5000000000,0.0000000000,1.2083048668,X,-7.8678678679,1.5126550298e-02
1,0.0000000000,0.5000000000,0.0000000000,1.2083048668,X,-7.8078078078,1.4185964367e-02
1,0.0000000000,0.5000000000,0.0000000000,1.2083048668,X,-7.7477477477,1.3381235139e-02
1,0.0000000000,0.5000000000,0.0000000000,1.2083048668,X,-7.6876876877,1.2691284764e-02
1,0.0000000000,0.5000000000,0.0000000000,1.2083048668,X,-7.6276276276,1.2099092000e-02
1,0.0000000000,0.5000000000,0.0000000000,1.2083048668,X,-7.5675675676,1.1590821222e-02
1,0.0000000000,0.5000000000,0.0000000000,1.2083048668,X,-7.5075075075,1.1155159490e-02
1,0.0000000000,0.5000000000,0.0000000000,1.2083048668,X,-7.4474474474,1.0782807990e-02
1,0.0000000000,0.5000000000,0.0000000000,1.2083048668,X,-7.3873873874,1.0466088966e-02
1,0.0000000000,0.5000000000,0.0000000000,1.2083048668,X,-7.3273273273,1.0198639728e-02
1,0.0000000000,0.5000000000,0.0000000000,1.2083048668,X,-7.2672672673,9.9751728676e-03
1,0.0000000000,0.5000000000,0.0000000000,1.2083048668,X,-7.2072072072,9.7912871834e-03
1,0.0000000000,0.5000000000,0.0000000000,1.2083048668,X,-7.1471471471,9.6433177882e-03
1,0.0000000000,0.5000000000,0.0000000000,1.2083048668,X,-7.0870870871,9.5282167018e-03
1,0.0000000000,0.5000000000,0.0000000000,1.2083048668,X,-7.0270270270,9.4434573697e-03
1,0.0000000000,0.5000000000,0.0000000000,1.2083048668,X,-6.9669669670,9.3869581065e-03
1,0.0000000000,0.5000000000,0.0000000000,1.2083048668,X,-6.9069069069,9.3570206371e-03
1,0.0000000000,0.5000000000,0.0000000000,1.2083048668,X,-6.8468468468,9.3522807925e-03
1,0.0000000000,0.5000000000,0.0000000000,1.2083048668,X,-6.7867867868,9.3716690886e-03
1,0.0000000000,0.5000000000,0.0000000000,1.2083048668,X,-6.7267267267,9.4143794326e-03
1,0.0000000000,0.5000000000,0.0000000000,1.2083048668,X,-6.6666666667,9.4798445978e-03
1,0.0000000000,0.5000000000,0.0000000000,1.2083048668,X,-6.6066066066,9.5677174230e-03
1,0.0000000000,0.5000000000,0.0000000000,1.2083048668,X,-6.5465465465,9.6778569372e-03
1,0.0000000000,0.5000000000,0.0000000000,1.2083048668,X,-6.4864864865,9.8103188116e-03
1,0.0000000000,0.5000000000,0.0000000000,1.2083048668,X,-6.4264264264,9.9653497056e-03
1,0.0000000000,0.5000000000,0.0000000000,1.2083048668,X,-6.3663663664,1.0143385209e-02
1,0.0000000000,0.5000000000,0.0000000000,1.2083048668,X,-6.3063063063,1.0345051206e-02
1,0.0000000000,0.5000000000,0.0000000000,1.2083048668,X,-6.2462462462,1.0571168597e-02
1,0.0000000000,0.5000000000,0.0000000000,1.2083048668,X,-6.1861861862,1.0822761408e-02
1,0.0000000000,0.5000000000,0.0000000000,1.2083048668,X,-6.1261261261,1.1101068431e-02
1,0.0000000000,0.5000000000,0.0000000000,1.2083048668,X,-6.0660660661,1.1407558636e-02
1,0.0000000000,0.5000000000,0.0000000000,1.2083048668,X,-6.0060060060,1.1743950699e-02
1,0.0000000000,0.5000000000,0.0000000000,1.2083048668,X,-5.9459459459,1.2112237141e-02
1,0.0000000000,0.5000000000,0.0000000000,1.2083048668,X,-5.8858858859,1.2514713687e-02
1,0.0000000000,0.5000000000,0.0000000000,1.2083048668,X,-5.8258258258,1.2954014631e-02
1,0.0000000000,0.5000000000,0.0000000000,1.2083048668,X,-5.7657657658,1.3433155227e-02
1,0.0000000000,0.5000000000,0.0000000000,1.2083048668,X,-5.7057057057,1.3955582302e-02
1,0.0000000000,0.5000000000,0.0000000000,1.2083048668,X,-5.6456456456,1.4525234679e-02
1,0.0000000000,0.5000000000,0.0000000000,1.2083048668,X,-5.5855855856,1.5146615288e-02
1,0.0000000000,0.5000000000,0.0000000000,1.2083048668,X,-5.5255255255,1.5824877387e-02
1,0.0000000000,0.5000000000,0.0000000000,1.2083048668,X,-5.4654654655,1.6565927850e-02
1,0.0000000000,0.5000000000,0.0000000000,1.2083048668,X,-5.4054054054,1.7376551287e-02
1,0.0000000000,0.5000000000,0.0000000000,1.2083048668,X,-5.3453453453,1.8264559691e-02
1,0.0000000000,0.5000000000,0.0000000000,1.2083048668,X,-5.2852852853,1.9238973576e-02
1,0.0000000000,0.5000000000,0.0000000000,1.2083048668,X,-5.2252252252,2.0310242180e-02
1,0.0000000000,0.5000000000,0.0000000000,1.2083048668,X,-5.1651651652,2.1490512404e-02
1,0.0000000000,0.5000000000,0.0000000000,1.2083048668,X,-5.1051051051,2.2793958950e-02
1,0.0000000000,0.5000000000,0.0000000000,1.2083048668,X,-5.0450450450,2.4237191749e-02
1,0.0000000000,0.5000000000,0.0000000000,1.2083048668,X,-4.9849849850,2.5839761667e-02
1,0.0000000000,0.5000000000,0.0000000000,1.2083048668,X,-4.9249249249,2.7624791970e-02
1,0.0000000000,0.5000000000,0.0000000000,1.2083048668,X,-4.8648648649,2.9619771871e-02
1,0.0000000000,0.5000000000,0.0000000000,1.2083048668,X,-4.8048048048,3.1857560420e-02
1,0.0000000000,0.5000000000,0.0000000000,1.2083048668,X,-4.7447447447,3.4377665430e-02
1,0.0000000000,0.5000000000,0.0000000000,1.2083048668,X,-4.6846846847,3.7227884735e-02
1,0.0000000000,0.5000000000,0.0000000000,1.2083048668,X,-4.6246246246,4.0466428525e-02
1,0.0000000000,0.5000000000,0.0000000000,1.2083048668,X,-4.5645645646,4.4164685443e-02
1,0.0000000000,0.5000000000,0.0000000000,1.2083048668,X,-4.5045045045,4.8410856983e-02
1,0.0000000000,0.5000000000,0.0000000000,1.2083048668,X,-4.4444444444,5.3314772006e-02
1,0.0000000000,0.5000000000,0.0000000000,1.2083048668,X,-4.3843843844,5.9014316874e-02
1,0.0000000000,0.5000000000,0.0000000000,1.2083048668,X,-4.3243243243,6.5684091330e-02
1,0.0000000000,0.5000000000,0.0000000000,1.2083048668,X,-4.2642642643,7.3547145152e-02
1,0.0000000000,0.5000000000,0.0000000000,1.2083048668,X,-4.2042042042,8.2890987052e-02
1,0.0000000000,0.5000000000,0.0000000000,1.2083048668,X,-4.1441441441,9.4089500464e-02
1,0.0000000000,0.5000000000,0.0000000000,1.2083048668,X,-4.0840840841,1.0763293161e-01
1,0.0000000000,0.5000000000,0.0000000000,1.2083048668,X,-4.0240240240,1.2416860286e-01
1,0.0000000000,0.5000000000,0.0000000000,1.2083048668,X,-3.9639639640,1.4455500442e-01
1,0.0000000000,0.5000000000,0.0000000000,1.2083048668,X,-3.9039039039,1.6993015840e-01
1,0.0000000000,0.5000000000,0.0000000000,1.2083048668,X,-3.8438438438,2.0178830283e-01
1,0.0000000000,0.5000000000,0.0000000000,1.2083048668,X,-3.7837837838,2.4203885512e-01
1,0.0000000000,0.5000000000,0.0000000000,1.2083048668,X,-3.7237237237,2.9297004837e-01
1,0.0000000000,0.5000000000,0.0000000000,1.2083048668,X,-3.6636636637,3.5692261532e-01
1,0.0000000000,0.5000000000,0.0000000000,1.2083048668,X,-3.6036036036,4.3526217018e-01
1,0.0000000000,0.5000000000,0.0000000000,1.2083048668,X,-3.5435435435,5.2601590277e-01
1,0.0000000000,0.5000000000,0.0000000000,1.2083048668,X,-3.4834834835,6.1995826192e-01
1,0.0000000000,0.5000000000,0.0000000000,1.2083048668,X,-3.4234234234,6.9756149800e-01
1,0.0000000000,0.5000000000,0.0000000000,1.2083048668,X,-3.3633633634,7.3370890851e-01
1,0.0000000000,0.5000000000,0.0000000000,1.2083048668,X,-3.3033033033,7.1367140392e-01
1,0.0000000000,0.5000000000,0.0000000000,1.2083048668,X,-3.2432432432,6.4586198362e-01
1,0.0000000000,0.5000000000,0.0000000000,1.2083048668,X,-3.1831831832,5.5429058201e-01
1,0.0000000000,0.5000000000,0.0000000000,1.2083048668,X,-3.1231231231,4.6119553615e-01
1,0.0000000000,0.5000000000,0.0000000000,1.2083048668,X,-3.0630630631,3.7872984223e-01
1,0.0000000000,0.5000000000,0.0000000000,1.2083048668,X,-3.0030030030,3.1056529353e-01
1,0.0000000000,0.5000000000,0.0000000000,1.2083048668,X,-2.9429429429,2.5600446534e-01
1,0.0000000000,0.5000000000,0.0000000000,1.2083048668,X,-2.8828828829,2.1284189799e-01
1,0.0000000000,0.5000000000,0.0000000000,1.2083048668,X,-2.8228228228,1.7871834126e-01
1,0.0000000000,0.5000000000,0.0000000000,1.2083048668,X,-2.7627627628,1.5160018141e-01
1,0.0000000000,0.5000000000,0.0000000000,1.2083048668,X,-2.7027027027,1.2987388000e-01
1,0.0000000000,0.5000000000,0.0000000000,1.2083048668,X,-2.6426426426,1.1230357922e-01
1,0.0000000000,0.5000000000,0.0000000000,1.2083048668,X,-2.5825825826,9.7955470879e-02
1,0.0000000000,0.5000000000,0.0000000000,1.2083048668,X,-2.5225225225,8.6125795360e-02
1,0.0000000000,0.5000000000,0.0000000000,1.2083048668,X,-2.4624624625,7.6282438063e-02
1,0.0000000000,0.5000000000,0.0000000000,1.2083048668,X,-2.4024024024,6.8020491317e-02
1,0.0000000000,0.5000000000,0.0000000000,1.2083048668,X,-2.3423423423,6.1029373300e-02
1,0.0000000000,0.5000000000,0.0000000000,1.2083048668,X,-2.2822822823,5.5068765400e-02
1,0.0000000000,0.5000000000,0.0000000000,1.2083048668,X,-2.2222222222,4.9951042046e-02
1,0.0000000000,0.5000000000,0.0000000000,1.2083048668,X,-2.1621621622,4.5528407195e-02
1,0.0000000000,0.5000000000,0.0000000000,1.2083048668,X,-2.1021021021,4.1683425674e-02
1,0.0000000000,0.5000000000,0.0000000000,1.2083048668,X,-2.0420420420,3.8322004942e-02
1,0.0000000000,0.5000000000,0.0000000000,1.2083048668,X,-1.9819819820,3.5368152662e-02
1,0.0000000000,0.5000000000,0.0000000000,1.2083048668,X,-1.9219219219,3.2760028841e-02
1,0.0000000000,0.5000000000,0.0000000000,1.2083048668,X,-1.8618618619,3.0446948354e-02
1,0.0000000000,0.5000000000,0.0000000000,1.2083048668,X,-1.8018018018,2.8387086449e-02
1,0.0000000000,0.5000000000,0.0000000000,1.2083048668,X,-1.7417417417,2.6545708348e-02
1,0.0000000000,0.5000000000,0.0000000000,1.2083048668,X,-1.6816816817,2.4893792657e-02
1,0.0000000000,0.5000000000,0.0000000000,1.2083048668,X,-1.6216216216,2.3406952982e-02
1,0.0000000000,0.5000000000,0.0000000000,1.2083048668,X,-1.5615615616,2.2064587125e-02
1,0.0000000000,0.5000000000,0.0000000000,1.2083048668,X,-1.5015015015,2.0849201205e-02
1,0.0000000000,0.5000000000,0.0000000000,1.2083048668,X,-1.4414414414,1.9745869231e-02
1,0.0000000000,0.5000000000,0.0000000000,1.2083048668,X,-1.3813813814,1.8741798283e-02
1,0.0000000000,0.5000000000,0.0000000000,1.2083048668,X,-1.3213213213,1.7825976559e-02
1,0.0000000000,0.5000000000,0.0000000000,1.2083048668,X,-1.2612612613,1.6988886890e-02
1,0.0000000000,0.5000000000,0.0000000000,1.2083048668,X,-1.2012012012,1.6222272267e-02
1,0.0000000000,0.5000000000,0.0000000000,1.2083048668,X,-1.1411411411,1.5518942948e-02
1,0.0000000000,0.5000000000,0.0000000000,1.2083048668,X,-1.0810810811,1.4872616990e-02
1,0.0000000000,0.5000000000,0.0000000000,1.2083048668,X,-1.0210210210,1.4277787784e-02
1,0.0000000000,0.5000000000,0.0000000000,1.2083048668,X,-0.9609609610,1.3729613541e-02
1,0.0000000000,0.5000000000,0.0000000000,1.2083048668,X,-0.9009009009,1.3223824676e-02
1,0.0000000000,0.5000000000,0.0000000000,1.2083048668,X,-0.8408408408,1.2756645889e-02
1,0.0000000000,0.5000000000,0.0000000000,1.2083048668,X,-0.7807807808,1.2324730350e-02
1,0.0000000000,0.5000000000,0.0000000000,1.2083048668,X,-0.7207207207,1.1925103895e-02
1,0.0000000000,0.5000000000,0.0000000000,1.2083048668,X,-0.6606606607,1.1555117552e-02
1,0.0000000000,0.5000000000,0.0000000000,1.2083048668,X,-0.6006006006,1.1212407002e-02
1,0.0000000000,0.5000000000,0.0000000000,1.2083048668,X,-0.5405405405,1.0894857870e-02
1,0.0000000000,0.5000000000,0.0000000000,1.2083048668,X,-0.4804804805,1.0600575892e-02
1,0.0000000000,0.5000000000,0.0000000000,1.2083048668,X,-0.4204204204,1.0327861219e-02
1,0.0000000000,0.5000000000,0.0000000000,1.2083048668,X,-0.3603603604,1.0075186213e-02
1,0.0000000000,0.5000000000,0.0000000000,1.2083048668,X,-0.3003003003,9.8411762080e-03
1,0.0000000000,0.5000000000,0.0000000000,1.2083048668,X,-0.2402402402,9.6245928079e-03
1,0.0000000000,0.5000000000,0.0000000000,1.2083048668,X,-0.1801801802,9.4243193454e-03
1,0.0000000000,0.5000000000,0.0000000000,1.2083048668,X,-0.1201201201,9.2393481994e-03
1,0.0000000000,0.5000000000,0.0000000000,1.2083048668,X,-0.0600600601,9.0687697115e-03
1,0.0000000000,0.5000000000,0.0000000000,1.2083048668,X,0.0000000000,8.9117624815e-03
1,0.0000000000,0.5000000000,0.0000000000,1.2083048668,X,0.0600600601,8.7675848595e-03
1,0.0000000000,0.5000000000,0.0000000000,1.2083048668,X,0.1201201201,8.6355674757e-03
1,0.0000000000,0.5000000000,0.0000000000,1.2083048668,X,0.1801801802,8.5151066755e-03
1,0.0000000000,0.5000000000,0.0000000000,1.2083048668,X,0.2402402402,8.4056587457e-03
1,0.0000000000,0.5000000000,0.0000000000,1.2083048668,X,0.3003003003,8.3067348353e-03
1,0.0000000000,0.5000000000,0.0000000000,1.2083048668,X,0.3603603604,8.2178964866e-03
1,0.0000000000,0.5000000000,0.0000000000,1.2083048668,X,0.4204204204,8.1387517077e-03
1,0.0000000000,0.5000000000,0.0000000000,1.2083048668,X,0.4804804805,8.0689515223e-03
1,0.0000000000,0.5000000000,0.0000000000,1.2083048668,X,0.5405405405,8.0081869477e-03
1,0.0000000000,0.5000000000,0.0000000000,1.2083048668,X,0.6006006006,7.9561863543e-03
1,0.0000000000,0.5000000000,0.0000000000,1.2083048668,X,0.6606606607,7.9127131684e-03
1,0.0000000000,0.5000000000,0.0000000000,1.2083048668,X,0.7207207207,7.8775638865e-03
1,0.0000000000,0.5000000000,0.0000000000,1.2083048668,X,0.7807807808,7.8505663722e-03
1,0.0000000000,0.5000000000,0.0000000000,1.2083048668,X,0.8408408408,7.8315784131e-03
1,0.0000000000,0.5000000000,0.0000000000,1.2083048668,X,0.9009009009,7.8204865166e-03
1,0.0000000000,0.5000000000,0.0000000000,1.2083048668,X,0.9609609610,7.8172049296e-03
1,0.0000000000,0.5000000000,0.0000000000,1.2083048668,X,1.0210210210,7.8216748680e-03
1,0.0000000000,0.5000000000,0.0000000000,1.2083048668,X,1.0810810811,7.8338639451e-03
1,0.0000000000,0.5000000000,0.0000000000,1.2083048668,X,1.1411411411,7.8537657915e-03
1,0.0000000000,0.5000000000,0.0000000000,1.2083048668,X,1.2012012012,7.8813998609e-03
1,0.0000000000,0.5000000000,0.0000000000,1.2083048668,X,1.2612612613,7.9168114173e-03
1,0.0000000000,0.5000000000,0.0000000000,1.2083048668,X,1.3213213213,7.9600717042e-03
1,0.0000000000,0.5000000000,0.0000000000,1.2083048668,X,1.3813813814,8.0112782954e-03
1,0.0000000000,0.5000000000,0.0000000000,1.2083048668,X,1.4414414414,8.0705556311e-03
1,0.0000000000,0.5000000000,0.0000000000,1.2083048668,X,1.5015015015,8.1380557447e-03
1,0.0000000000,0.5000000000,0.0000000000,1.2083048668,X,1.5615615616,8.2139591886e-03
1,0.0000000000,0.5000000000,0.0000000000,1.2083048668,X,1.6216216216,8.2984761674e-03
1,0.0000000000,0.5000000000,0.0000000000,1.2083048668,X,1.6816816817,8.3918478940e-03
1,0.0000000000,0.5000000000,0.0000000000,1.2083048668,X,1.7417417417,8.4943481816e-03
1,0.0000000000,0.5000000000,0.0000000000,1.2083048668,X,1.8018018018,8.6062852923e-03
1,0.0000000000,0.5000000000,0.0000000000,1.2083048668,X,1.8618618619,8.7280040632e-03
1,0.0000000000,0.5000000000,0.0000000000,1.2083048668,X,1.9219219219,8.8598883375e-03
1,0.0000000000,0.5000000000,0.0000000000,1.2083048668,X,1.9819819820,9.0023637293e-03
1,0.0000000000,0.5000000000,0.0000000000,1.2083048668,X,2.0420420420,9.1559007594e-03
1,0.0000000000,0.5000000000,0.0000000000,1.2083048668,X,2.1021021021,9.3210184029e-03
1,0.0000000000,0.5000000000,0.0000000000,1.2083048668,X,2.1621621622,9.4982880950e-03
1,0.0000000000,0.5000000000,0.0000000000,1.2083048668,X,2.2222222222,9.6883382524e-03
1,0.0000000000,0.5000000000,0.0000000000,1.2083048668,X,2.2822822823,9.8918593730e-03
1,0.0000000000,0.5000000000,0.0000000000,1.2083048668,X,2.3423423423,1.0109609789e-02
1,0.0000000000,0.5000000000,0.0000000000,1.2083048668,X,2.4024024024,1.0342422157e-02
1,0.0000000000,0.5000000000,0.0000000000,1.2083048668,X,2.4624624625,1.0591210793e-02
1,0.0000000000,0.5000000000,0.0000000000,1.2083048668,X,2.5225225225,1.0856979955e-02
1,0.0000000000,0.5000000000,0.0000000000,1.2083048668,X,2.5825825826,1.1140833227e-02
1,0.0000000000,0.5000000000,0.0000000000,1.2083048668,X,2.6426426426,1.1443984141e-02
1,0.0000000000,0.5000000000,0.0000000000,1.2083048668,X,2.7027027027,1.1767768248e-02
1,0.0000000000,0.5000000000,0.0000000000,1.2083048668,X,2.7627627628,1.2113656832e-02
1,0.0000000000,0.5000000000,0.0000000000,1.2083048668,X,2.8228228228,1.2483272539e-02
1,0.0000000000,0.5000000000,0.0000000000,1.2083048668,X,2.8828828829,1.2878407217e-02
1,0.0000000000,0.5000000000,0.0000000000,1.2083048668,X,2.9429429429,1.3301042323e-02
1,0.0000000000,0.5000000000,0.0000000000,1.2083048668,X,3.0030030030,1.3753372324e-02
1,0.0000000000,0.5000000000,0.0000000000,1.2083048668,X,3.0630630631,1.4237831599e-02
1,0.0000000000,0.5000000000,0.0000000000,1.2083048668,X,3.1231231231,1.4757125434e-02
1,0.0000000000,0.5000000000,0.0000000000,1.2083048668,X,3.1831831832,1.5314265842e-02
1,0.0000000000,0.5000000000,0.0000000000,1.2083048668,X,3.2432432432,1.5912613066e-02
1,0.0000000000,0.5000000000,0.0000000000,1.2083048668,X,3.3033033033,1.6555923821e-02
1,0.0000000000,0.5000000000,0.0000000000,1.2083048668,X,3.3633633634,1.7248407527e-02
1,0.0000000000,0.5000000000,0.0000000000,1.2083048668,X,3.4234234234,1.7994792085e-02
1,0.0000000000,0.5000000000,0.0000000000,1.2083048668,X,3.4834834835,1.8800401062e-02
1,0.0000000000,0.5000000000,0.0000000000,1.2083048668,X,3.5435435435,1.9671244599e-02
1,0.0000000000,0.5000000000,0.0000000000,1.2083048668,X,3.6036036036,2.0614126864e-02
1,0.0000000000,0.5000000000,0.0000000000,1.2083048668,X,3.6636636637,2.1636773569e-02
1,0.0000000000,0.5000000000,0.0000000000,1.2083048668,X,3.7237237237,2.2747983892e-02
1,0.0000000000,0.5000000000,0.0000000000,1.2083048668,X,3.7837837838,2.3957812252e-02
1,0.0000000000,0.5000000000,0.0000000000,1.2083048668,X,3.8438438438,2.5277786779e-02
1,0.0000000000,0.5000000000,0.0000000000,1.2083048668,X,3.9039039039,2.6721173078e-02
1,0.0000000000,0.5000000000,0.0000000000,1.2083048668,X,3.9639639640,2.8303294250e-02
1,0.0000000000,0.5000000000,0.0000000000,1.2083048668,X,4.0240240240,3.0041921144e-02
1,0.0000000000,0.5000000000,0.0000000000,1.2083048668,X,4.0840840841,3.1957750784e-02
1,0.0000000000,0.5000000000,0.0000000000,1.2083048668,X,4.1441441441,3.4074996184e-02
1,0.0000000000,0.5000000000,0.0000000000,1.2083048668,X,4.2042042042,3.6422117768e-02
1,0.0000000000,0.5000000000,0.0000000000,1.2083048668,X,4.2642642643,3.9032735944e-02
1,0.0000000000,0.5000000000,0.0000000000,1.2083048668,X,4.3243243243,4.1946777058e-02
1,0.0000000000,0.5000000000,0.0000000000,1.2083048668,X,4.3843843844,4.5211922126e-02
1,0.0000000000,0.5000000000,0.0000000000,1.2083048668,X,4.4444444444,4.8885451236e-02
1,0.0000000000,0.5000000000,0.0000000000,1.2083048668,X,4.5045045045,5.3036608980e-02
1,0.0000000000,0.5000000000,0.0000000000,1.2083048668,X,4.5645645646,5.7749661253e-02
1,0.0000000000,0.5000000000,0.0000000000,1.2083048668,X,4.6246246246,6.3127876765e-02
1,0.0000000000,0.5000000000,0.0000000000,1.2083048668,X,4.6846846847,6.9298755020e-02
1,0.0000000000,0.5000000000,0.0000000000,1.2083048668,X,4.7447447447,7.6420947557e-02
1,0.0000000000,0.5000000000,0.0000000000,1.2083048668,X,4.8048048048,8.4693496083e-02
1,0.0000000000,0.5000000000,0.0000000000,1.2083048668,X,4.8648648649,9.4368261186e-02
1,0.0000000000,0.5000000000,0.0000000000,1.2083048668,X,4.9249249249,1.0576676610e-01
1,0.0000000000,0.5000000000,0.0000000000,1.2083048668,X,4.9849849850,1.1930316303e-01
1,0.0000000000,0.5000000000,0.0000000000,1.2083048668,X,5.0450450450,1.3551566847e-01
1,0.0000000000,0.5000000000,0.0000000000,1.2083048668,X,5.1051051051,1.5510958707e-01
1,0.0000000000,0.5000000000,0.0000000000,1.2083048668,X,5.1651651652,1.7901577790e-01
1,0.0000000000,0.5000000000,0.0000000000,1.2083048668,X,5.2252252252,2.0846851138e-01
1,0.0000000000,0.5000000000,0.0000000000,1.2083048668,X,5.2852852853,2.4510438630e-01
1,0.0000000000,0.5000000000,0.0000000000,1.2083048668,X,5.3453453453,2.9107476178e-01
1,0.0000000000,0.5000000000,0.0000000000,1.2083048668,X,5.4054054054,3.4913677355e-01
1,0.0000000000,0.5000000000,0.0000000000,1.2083048668,X,5.4654654655,4.2261710561e-01
1,0.0000000000,0.5000000000,0.0000000000,1.2083048668,X,5.5255255255,5.1498011251e-01
1,0.0000000000,0.5000000000,0.0000000000,1.2083048668,X,5.5855855856,6.2842439800e-01
1,0.0000000000,0.5000000000,0.0000000000,1.2083048668,X,5.6456456456,7.6058835286e-01
1,0.0000000000,0.5000000000,0.0000000000,1.2083048668,X,5.7057057057,8.9892559264e-01
1,0.0000000000,0.5000000000,0.0000000000,1.2083048668,X,5.7657657658,1.0158584424e+00
1,0.0000000000,0.5000000000,0.0000000000,1.2083048668,X,5.8258258258,1.0744736070e+00
1,0.0000000000,0.5000000000,0.0000000000,1.2083048668,X,5.8858858859,1.0511202614e+00
1,0.0000000000,0.5000000000,0.0000000000,1.2083048668,X,5.9459459459,9.5564354615e-01
1,0.0000000000,0.5000000000,0.0000000000,1.2083048668,X,6.0060060060,8.2250732295e-01
1,0.0000000000,0.5000000000,0.0000000000,1.2083048668,X,6.0660660661,6.8519970614e-01
1,0.0000000000,0.5000000000,0.0000000000,1.2083048668,X,6.1261261261,5.6268017877e-01
1,0.0000000000,0.5000000000,0.0000000000,1.2083048668,X,6.1861861862,4.6104320607e-01
1,0.0000000000,0.5000000000,0.0000000000,1.2083048668,X,6.2462462462,3.7956230365e-01
1,0.0000000000,0.5000000000,0.0000000000,1.2083048668,X,6.3063063063,3.1507331661e-01
1,0.0000000000,0.5000000000,0.0000000000,1.2083048668,X,6.3663663664,2.6409514711e-01
1,0.0000000000,0.5000000000,0.0000000000,1.2083048668,X,6.4264264264,2.2359858887e-01
1,0.0000000000,0.5000000000,0.0000000000,1.2083048668,X,6.4864864865,1.9117057090e-01
1,0.0000000000,0.5000000000,0.0000000000,1.2083048668,X,6.5465465465,1.6495976110e-01
1,0.0000000000,0.5000000000,0.0000000000,1.2083048668,X,6.6066066066,1.4356654722e-01
1,0.0000000000,0.5000000000,0.0000000000,1.2083048668,X,6.6666666667,1.2593617330e-01
1,0.0000000000,0.5000000000,0.0000000000,1.2083048668,X,6.7267267267,1.1127142873e-01
1,0.0000000000,0.5000000000,0.0000000000,1.2083048668,X,6.7867867868,9.8966007633e-02
1,0.0000000000,0.5000000000,0.0000000000,1.2083048668,X,6.8468468468,8.8555133575e-02
1,0.0000000000,0.5000000000,0.0000000000,1.2083048668,X,6.9069069069,7.9679410093e-02
1,0.0000000000,0.5000000000,0.0000000000,1.2083048668,X,6.9669669670,7.2058425946e-02
1,0.0000000000,0.5000000000,0.0000000000,1.2083048668,X,7.0270270270,6.5471436842e-02
1,0.0000000000,0.5000000000,0.0000000000,1.2083048668,X,7.0870870871,5.9743152087e-02
1,0.0000000000,0.5000000000,0.0000000000,1.2083048668,X,7.1471471471,5.4733205277e-02
1,0.0000000000,0.5000000000,0.0000000000,1.2083048668,X,7.2072072072,5.0328293804e-02
1,0.0000000000,0.5000000000,0.0000000000,1.2083048668,X,7.2672672673,4.6436263017e-02
1,0.0000000000,0.5000000000,0.0000000000,1.2083048668,X,7.3273273273,4.2981617214e-02
1,0.0000000000,0.5000000000,0.0000000000,1.2083048668,X,7.3873873874,3.9902085469e-02
1,0.0000000000,0.5000000000,0.0000000000,1.2083048668,X,7.4474474474,3.7145973397e-02
1,0.0000000000,0.5000000000,0.0000000000,1.2083048668,X,7.5075075075,3.4670105132e-02
1,0.0000000000,0.5000000000,0.0000000000,1.2083048668,X,7.5675675676,3.2438212006e-02
1,0.0000000000,0.5000000000,0.0000000000,1.2083048668,X,7.6276276276,3.0419661913e-02
1,0.0000000000,0.5000000000,0.0000000000,1.2083048668,X,7.6876876877,2.8588450417e-02
1,0.0000000000,0.5000000000,0.0000000000,1.2083048668,X,7.7477477477,2.6922394433e-02
1,0.0000000000,0.5000000000,0.0000000000,1.2083048668,X,7.8078078078,2.5402483748e-02
1,0.0000000000,0.5000000000,0.0000000000,1.2083048668,X,7.8678678679,2.4012356362e-02
1,0.0000000000,0.5000000000,0.0000000000,1.2083048668,X,7.9279279279,2.2737871583e-02
1,0.0000000000,0.5000000000,0.0000000000,1.2083048668,X,7.9879879880,2.1566760770e-02
1,0.0000000000,0.5000000000,0.0000000000,1.2083048668,X,8.0480480480,2.0488340107e-02
1,0.0000000000,0.5000000000,0.0000000000,1.2083048668,X,8.1081081081,1.9493273233e-02
1,0.0000000000,0.5000000000,0.0000000000,1.2083048668,X,8.1681681682,1.8573374131e-02
1,0.0000000000,0.5000000000,0.0000000000,1.2083048668,X,8.2282282282,1.7721442724e-02
1,0.0000000000,0.5000000000,0.0000000000,1.2083048668,X,8.2882882883,1.6931127147e-02
1,0.0000000000,0.5000000000,0.0000000000,1.2083048668,X,8.3483483483,1.6196807898e-02
1,0.0000000000,0.5000000000,0.0000000000,1.2083048668,X,8.4084084084,1.5513500016e-02
1,0.0000000000,0.5000000000,0.0000000000,1.2083048668,X,8.4684684685,1.4876770158e-02
1,0.0000000000,0.5000000000,0.0000000000,1.2083048668,X,8.5285285285,1.4282666067e-02
1,0.0000000000,0.5000000000,0.0000000000,1.2083048668,X,8.5885885886,1.3727656372e-02
1,0.0000000000,0.5000000000,0.0000000000,1.2083048668,X,8.6486486486,1.3208579034e-02
1,0.0000000000,0.5000000000,0.0000000000,1.2083048668,X,8.7087087087,1.2722597077e-02
1,0.0000000000,0.5000000000,0.0000000000,1.2083048668,X,8.7687687688,1.2267160442e-02
1,0.0000000000,0.5000000000,0.0000000000,1.2083048668,X,8.8288288288,1.1839973052e-02
1,0.0000000000,0.5000000000,0.0000000000,1.2083048668,X,8.8888888889,1.1438964280e-02
1,0.0000000000,0.5000000000,0.0000000000,1.2083048668,X,8.9489489489,1.1062264196e-02
1,0.0000000000,0.5000000000,0.0000000000,1.2083048668,X,9.0090090090,1.0708182022e-02
1,0.0000000000,0.5000000000,0.0000000000,1.2083048668,X,9.0690690691,1.0375187368e-02
1,0.0000000000,0.5000000000,0.0000000000,1.2083048668,X,9.1291291291,1.0061893845e-02
1,0.0000000000,0.5000000000,0.0000000000,1.2083048668,X,9.1891891892,9.7670447373e-03
1,0.0000000000,0.5000000000,0.0000000000,1.2083048668,X,9.2492492492,9.4895004683e-03
1,0.0000000000,0.5000000000,0.0000000000,1.2083048668,X,9.3093093093,9.2282276267e-03
1,0.0000000000,0.5000000000,0.0000000000,1.2083048668,X,9.3693693694,8.9822893532e-03
1,0.0000000000,0.5000000000,0.0000000000,1.2083048668,X,9.4294294294,8.7508369289e-03
1,0.0000000000,0.5000000000,0.0000000000,1.2083048668,X,9.4894894895,8.5331024236e-03
1,0.0000000000,0.5000000000,0.0000000000,1.2083048668,X,9.5495495495,8.3283922864e-03
1,0.0000000000,0.5000000000,0.0000000000,1.2083048668,X,9.6096096096,8.1360817788e-03
1,0.0000000000,0.5000000000,0.0000000000,1.2083048668,X,9.6696696697,7.9556101686e-03
1,0.0000000000,0.5000000000,0.0000000000,1.2083048668,X,9.7297297297,7.7864766161e-03
1,0.0000000000,0.5000000000,0.0000000000,1.2083048668,X,9.7897897898,7.6282366949e-03
1,0.0000000000,0.5000000000,0.0000000000,1.2083048668,X,9.8498498498,7.4804995052e-03
1,0.0000000000,0.5000000000,0.0000000000,1.2083048668,X,9.9099099099,7.3429253455e-03
1,0.0000000000,0.5000000000,0.0000000000,1.2083048668,X,9.9699699700,7.2152239177e-03
1,0.0000000000,0.5000000000,0.0000000000,1.2083048668,X,10.0300300300,7.0971530537e-03
1,0.0000000000,0.5000000000,0.0000000000,1.2083048668,X,10.0900900901,6.9885179581e-03
1,0.0000000000,0.5000000000,0.0000000000,1.2083048668,X,10.1501501502,6.8891709734e-03
1,0.0000000000,0.5000000000,0.0000000000,1.2083048668,X,10.2102102102,6.7990118841e-03
1,0.0000000000,0.5000000000,0.0000000000,1.2083048668,X,10.2702702703,6.7179887869e-03
1,0.0000000000,0.5000000000,0.0000000000,1.2083048668,X,10.3303303303,6.6460995683e-03
1,0.0000000000,0.5000000000,0.0000000000,1.2083048668,X,10.3903903904,6.5833940442e-03
1,0.0000000000,0.5000000000,0.0000000000,1.2083048668,X,10.4504504505,6.5299768336e-03
1,0.0000000000,0.5000000000,0.0000000000,1.2083048668,X,10.5105105105,6.4860110570e-03
1,0.0000000000,0.5000000000,0.0000000000,1.2083048668,X,10.5705705706,6.4517229766e-03
1,0.0000000000,0.5000000000,0.0000000000,1.2083048668,X,10.6306306306,6.4274077203e-03
1,0.0000000000,0.5000000000,0.0000000000,1.2083048668,X,10.6906906907,6.4134362703e-03
1,0.0000000000,0.5000000000,0.0000000000,1.2083048668,X,10.7507507508,6.4102639367e-03
1,0.0000000000,0.5000000000,0.0000000000,1.2083048668,X,10.8108108108,6.4184405926e-03
1,0.0000000000,0.5000000000,0.0000000000,1.2083048668,X,10.8708708709,6.4386230136e-03
1,0.0000000000,0.5000000000,0.0000000000,1.2083048668,X,10.9309309309,6.4715897466e-03
1,0.0000000000,0.5000000000,0.0000000000,1.2083048668,X,10.9909909910,6.5182590420e-03
1,0.0000000000,0.5000000000,0.0000000000,1.2083048668,X,11.0510510511,6.5797105184e-03
1,0.0000000000,0.5000000000,0.0000000000,1.2083048668,X,11.1111111111,6.6572114010e-03
1,0.0000000000,0.5000000000,0.0000000000,1.2083048668,X,11.1711711712,6.7522484004e-03
1,0.0000000000,0.5000000000,0.0000000000,1.2083048668,X,11.2312312312,6.8665665900e-03
1,0.0000000000,0.5000000000,0.0000000000,1.2083048668,X,11.2912912913,7.0022170181e-03
1,0.0000000000,0.5000000000,0.0000000000,1.2083048668,X,11.3513513514,7.1616152915e-03
1,0.0000000000,0.5000000000,0.0000000000,1.2083048668,X,11.4114114114,7.3476140267e-03
1,0.0000000000,0.5000000000,0.0000000000,1.2083048668,X,11.4714714715,7.5635929457e-03
1,0.0000000000,0.5000000000,0.0000000000,1.2083048668,X,11.5315315315,7.8135715748e-03
1,0.0000000000,0.5000000000,0.0000000000,1.2083048668,X,11.5915915916,8.1023510987e-03
1,0.0000000000,0.5000000000,0.0000000000,1.2083048668,X,11.6516516517,8.4356940981e-03
1,0.0000000000,0.5000000000,0.0000000000,1.2083048668,X,11.7117117117,8.8205538756e-03
1,0.0000000000,0.5000000000,0.0000000000,1.2083048668,X,11.7717717718,9.2653691925e-03
1,0.0000000000,0.5000000000,0.0000000000,1.2083048668,X,11.8318318318,9.7804459614e-03
1,0.0000000000,0.5000000000,0.0000000000,1.2083048668,X,11.8918918919,1.0378455454e-02
1,0.0000000000,0.5000000000,0.0000000000,1.2083048668,X,11.9519519520,1.1075089864e-02
1,0.0000000000,0.5000000000,0.0000000000,1.2083048668,X,12.0120120120,1.1889931997e-02
1,0.0000000000,0.5000000000,0.0000000000,1.2083048668,X,12.0720720721,1.2847618450e-02
1,0.0000000000,0.5000000000,0.0000000000,1.2083048668,X,12.1321321321,1.3979407471e-02
1,0.0000000000,0.5000000000,0.0000000000,1.2083048668,X,12.1921921922,1.5325307280e-02
1,0.0000000000,0.5000000000,0.0000000000,1.2083048668,X,12.2522522523,1.6936981534e-02
1,0.0000000000,0.5000000000,0.0000000000,1.2083048668,X,12.3123123123,1.8881727971e-02
1,0.0000000000,0.5000000000,0.0000000000,1.2083048668,X,12.3723723724,2.1247918830e-02
1,0.0000000000,0.5000000000,0.0000000000,1.2083048668,X,12.4324324324,2.4152369134e-02
1,0.0000000000,0.5000000000,0.0000000000,1.2083048668,X,12.4924924925,2.7750069161e-02
1,0.0000000000,0.5000000000,0.0000000000,1.2083048668,X,12.5525525526,3.2246321652e-02
1,0.0000000000,0.5000000000,0.0000000000,1.2083048668,X,12.6126126126,3.7909892550e-02
1,0.0000000000,0.5000000000,0.0000000000,1.2083048668,X,12.6726726727,4.5081695743e-02
1,0.0000000000,0.5000000000,0.0000000000,1.2083048668,X,12.7327327327,5.4163239322e-02
1,0.0000000000,0.5000000000,0.0000000000,1.2083048668,X,12.7927927928,6.5546290784e-02
1,0.0000000000,0.5000000000,0.0000000000,1.2083048668,X,12.8528528529,7.9405277178e-02
1,0.0000000000,0.5000000000,0.0000000000,1.2083048668,X,12.9129129129,9.5242079995e-02
1,0.0000000000,0.5000000000,0.0000000000,1.2083048668,X,12.9729729730,1.1118752324e-01
1,0.0000000000,0.5000000000,0.0000000000,1.2083048668,X,13.0330330330,1.2360294815e-01
1,0.0000000000,0.5000000000,0.0000000000,1.2083048668,X,13.0930930931,1.2823844346e-01
1,0.0000000000,0.5000000000,0.0000000000,1.2083048668,X,13.1531531532,1.2315512208e-01
1,0.0000000000,0.5000000000,0.0000000000,1.2083048668,X,13.2132132132,1.1044245529e-01
1,0.0000000000,0.5000000000,0.0000000000,1.2083048668,X,13.2732732733,9.4376437157e-02
1,0.0000000000,0.5000000000,0.0000000000,1.2083048668,X,13.3333333333,7.8530906075e-02
1,0.0000000000,0.5000000000,0.0000000000,1.2083048668,X,13.3933933934,6.4705292995e-02
1,0.0000000000,0.5000000000,0.0000000000,1.2083048668,X,13.4534534535,5.3357310923e-02
1,0.0000000000,0.5000000000,0.0000000000,1.2083048668,X,13.5135135135,4.4296644435e-02
1,0.0000000000,0.5000000000,0.0000000000,1.2083048668,X,13.5735735736,3.7128285730e-02
1,0.0000000000,0.5000000000,0.0000000000,1.2083048668,X,13.6336336336,3.1452373645e-02
1,0.0000000000,0.5000000000,0.0000000000,1.2083048668,X,13.6936936937,2.6930896451e-02
1,0.0000000000,0.5000000000,0.0000000000,1.2083048668,X,13.7537537538,2.3297869667e-02
1,0.0000000000,0.5000000000,0.0000000000,1.2083048668,X,13.8138138138,2.0350259508e-02
1,0.0000000000,0.5000000000,0.0000000000,1.2083048668,X,13.8738738739,1.7934807864e-02
1,0.0000000000,0.5000000000,0.0000000000,1.2083048668,X,13.9339339339,1.5935981719e-02
1,0.0000000000,0.5000000000,0.0000000000,1.2083048668,X,13.9939939940,1.4266343121e-02
1,0.0000000000,0.5000000000,0.0000000000,1.2083048668,X,14.0540540541,1.2859269310e-02
1,0.0000000000,0.5000000000,0.0000000000,1.2083048668,X,14.1141141141,1.1663580894e-02
1,0.0000000000,0.5000000000,0.0000000000,1.2083048668,X,14.1741741742,1.0639614061e-02
1,0.0000000000,0.5000000000,0.0000000000,1.2083048668,X,14.2342342342,9.7563520477e-03
1,0.0000000000,0.5000000000,0.0000000000,1.2083048668,X,14.2942942943,8.9893234123e-03
1,0.0000000000,0.5000000000,0.0000000000,1.2083048668,X,14.3543543544,8.3190533005e-03
1,0.0000000000,0.5000000000,0.0000000000,1.2083048668,X,14.4144144144,7.7299140460e-03
1,0.0000000000,0.5000000000,0.0000000000,1.2083048668,X,14.4744744745,7.2092654363e-03
1,0.0000000000,0.5000000000,0.0000000000,1.2083048668,X,14.5345345345,6.7468063772e-03
1,0.0000000000,0.5000000000,0.0000000000,1.2083048668,X,14.5945945946,6.3340819476e-03
1,0.0000000000,0.5000000000,0.0000000000,1.2083048668,X,14.6546546547,5.9641055462e-03
1,0.0000000000,0.5000000000,0.0000000000,1.2083048668,X,14.7147147147,5.6310669541e-03
1,0.0000000000,0.5000000000,0.0000000000,1.2083048668,X,14.7747747748,5.3301050436e-03
1,0.0000000000,0.5000000000,0.0000000000,1.2083048668,X,14.8348348348,5.0571295025e-03
1,0.0000000000,0.5000000000,0.0000000000,1.2083048668,X,14.8948948949,4.8086800107e-03
1,0.0000000000,0.5000000000,0.0000000000,1.2083048668,X,14.9549549550,4.5818142427e-03
1,0.0000000000,0.5000000000,0.0000000000,1.2083048668,X,15.0150150150,4.3740182151e-03
1,0.0000000000,0.5000000000,0.0000000000,1.2083048668,X,15.0750750751,4.1831340758e-03
1,0.0000000000,0.5000000000,0.0000000000,1.2083048668,X,15.1351351351,4.0073015956e-03
1,0.0000000000,0.5000000000,0.0000000000,1.2083048668,X,15.1951951952,3.8449104948e-03
1,0.0000000000,0.5000000000,0.0000000000,1.2083048668,X,15.2552552553,3.6945613872e-03
1,0.0000000000,0.5000000000,0.0000000000,1.2083048668,X,15.3153153153,3.5550336210e-03
1,0.0000000000,0.5000000000,0.0000000000,1.2083048668,X,15.3753753754,3.4252586655e-03
1,0.0000000000,0.5000000000,0.0000000000,1.2083048668,X,15.4354354354,3.3042979867e-03
1,0.0000000000,0.5000000000,0.0000000000,1.2083048668,X,15.4954954955,3.1913245697e-03
1,0.0000000000,0.5000000000,0.0000000000,1.2083048668,X,15.5555555556,3.0856074223e-03
1,0.0000000000,0.5000000000,0.0000000000,1.2083048668,X,15.6156156156,2.9864985242e-03
1,0.0000000000,0.5000000000,0.0000000000,1.2083048668,X,15.6756756757,2.8934217935e-03
1,0.0000000000,0.5000000000,0.0000000000,1.2083048668,X,15.7357357357,2.8058637227e-03
1,0.0000000000,0.5000000000,0.0000000000,1.2083048668,X,15.7957957958,2.7233654048e-03
1,0.0000000000,0.5000000000,0.0000000000,1.2083048668,X,15.8558558559,2.6455157166e-03
1,0.0000000000,0.5000000000,0.0000000000,1.2083048668,X,15.9159159159,2.5719454758e-03
1,0.0000000000,0.5000000000,0.0000000000,1.2083048668,X,15.9759759760,2.5023224135e-03
1,0.0000000000,0.5000000000,0.0000000000,1.2083048668,X,16.0360360360,2.4363468375e-03
1,0.0000000000,0.5000000000,0.0000000000,1.2083048668,X,16.0960960961,2.3737478792e-03
1,0.0000000000,0.5000000000,0.0000000000,1.2083048668,X,16.1561561562,2.3142802380e-03
1,0.0000000000,0.5000000000,0.0000000000,1.2083048668,X,16.2162162162,2.2577213477e-03
1,0.0000000000,0.5000000000,0.0000000000,1.2083048668,X,16.2762762763,2.2038689062e-03
1,0.0000000000,0.5000000000,0.0000000000,1.2083048668,X,16.3363363363,2.1525387147e-03
1,0.0000000000,0.5000000000,0.0000000000,1.2083048668,X,16.3963963964,2.1035627856e-03
1,0.0000000000,0.5000000000,0.0000000000,1.2083048668,X,16.4564564565,2.0567876793e-03
1,0.0000000000,0.5000000000,0.0000000000,1.2083048668,X,16.5165165165,2.0120730422e-03
1,0.0000000000,0.5000000000,0.0000000000,1.2083048668,X,16.5765765766,1.9692903172e-03
1,0.0000000000,0.5000000000,0.0000000000,1.2083048668,X,16.6366366366,1.9283216050e-03
1,0.0000000000,0.5000000000,0.0000000000,1.2083048668,X,16.6966966967,1.8890586579e-03
1,0.0000000000,0.5000000000,0.0000000000,1.2083048668,X,16.7567567568,1.8514019887e-03
1,0.0000000000,0.5000000000,0.0000000000,1.2083048668,X,16.8168168168,1.8152600810e-03
1,0.0000000000,0.5000000000,0.0000000000,1.2083048668,X,16.8768768769,1.7805486895e-03
1,0.0000000000,0.5000000000,0.0000000000,1.2083048668,X,16.9369369369,1.7471902197e-03
1,0.0000000000,0.5000000000,0.0000000000,1.2083048668,X,16.9969969970,1.7151131781e-03
1,0.0000000000,0.5000000000,0.0000000000,1.2083048668,X,17.0570570571,1.6842516867e-03
1,0.0000000000,0.5000000000,0.0000000000,1.2083048668,X,17.1171171171,1.6545450536e-03
1,0.0000000000,0.5000000000,0.0000000000,1.2083048668,X,17.1771771772,1.6259373960e-03
1,0.0000000000,0.5000000000,0.0000000000,1.2083048668,X,17.2372372372,1.5983773118e-03
1,0.0000000000,0.5000000000,0.0000000000,1.2083048668,X,17.2972972973,1.5718175943e-03
1,0.0000000000,0.5000000000,0.0000000000,1.2083048668,X,17.3573573574,1.5462149892e-03
1,0.0000000000,0.5000000000,0.0000000000,1.2083048668,X,17.4174174174,1.5215299921e-03
1,0.0000000000,0.5000000000,0.0000000000,1.2083048668,X,17.4774774775,1.4977266843e-03
1,0.0000000000,0.5000000000,0.0000000000,1.2083048668,X,17.5375375375,1.4747726080e-03
1,0.0000000000,0.5000000000,0.0000000000,1.2083048668,X,17.5975975976,1.4526386816e-03
1,0.0000000000,0.5000000000,0.0000000000,1.2083048668,X,17.6576576577,1.4312991563e-03
1,0.0000000000,0.5000000000,0.0000000000,1.2083048668,X,17.7177177177,1.4107316179e-03
1,0.0000000000,0.5000000000,0.0000000000,1.2083048668,X,17.7777777778,1.3909170387e-03
1,0.0000000000,0.5000000000,0.0000000000,1.2083048668,X,17.8378378378,1.3718398845e-03
1,0.0000000000,0.5000000000,0.0000000000,1.2083048668,X,17.8978978979,1.3534882878e-03
1,0.0000000000,0.5000000000,0.0000000000,1.2083048668,X,17.9579579580,1.3358542966e-03
1,0.0000000000,0.5000000000,0.0000000000,1.2083048668,X,18.0180180180,1.3189342158e-03
1,0.0000000000,0.5000000000,0.0000000000,1.2083048668,X,18.0780780781,1.3027290605e-03
1,0.0000000000,0.5000000000,0.0000000000,1.2083048668,X,18.1381381381,1.2872451486e-03
1,0.0000000000,0.5000000000,0.0000000000,1.2083048668,X,18.1981981982,1.2724948671e-03
1,0.0000000000,0.5000000000,0.0000000000,1.2083048668,X,18.2582582583,1.2584976590e-03
1,0.0000000000,0.5000000000,0.0000000000,1.2083048668,X,18.3183183183,1.2452812924e-03
1,0.0000000000,0.5000000000,0.0000000000,1.2083048668,X,18.3783783784,1.2328834943e-03
1,0.0000000000,0.5000000000,0.0000000000,1.2083048668,X,18.4384384384,1.2213540606e-03
1,0.0000000000,0.5000000000,0.0000000000,1.2083048668,X,18.4984984985,1.2107575924e-03
1,0.0000000000,0.5000000000,0.0000000000,1.2083048668,X,18.5585585586,1.2011770644e-03
1,0.0000000000,0.5000000000,0.0000000000,1.2083048668,X,18.6186186186,1.1927185086e-03
1,0.0000000000,0.5000000000,0.0000000000,1.2083048668,X,18.6786786787,1.1855172024e-03
1,0.0000000000,0.5000000000,0.0000000000,1.2083048668,X,18.7387387387,1.1797459080e-03
1,0.0000000000,0.5000000000,0.0000000000,1.2083048668,X,18.7987987988,1.1756259221e-03
1,0.0000000000,0.5000000000,0.0000000000,1.2083048668,X,18.8588588589,1.1734420041e-03
1,0.0000000000,0.5000000000,0.0000000000,1.2083048668,X,18.9189189189,1.1735626772e-03
1,0.0000000000,0.5000000000,0.0000000000,1.2083048668,X,18.9789789790,1.1764679751e-03
1,0.0000000000,0.5000000000,0.0000000000,1.2083048668,X,19.0390390390,1.1827874567e-03
1,0.0000000000,0.5000000000,0.0000000000,1.2083048668,X,19.0990990991,1.1933521519e-03
1,0.0000000000,0.5000000000,0.0000000000,1.2083048668,X,19.1591591592,1.2092647255e-03
1,0.0000000000,0.5000000000,0.0000000000,1.2083048668,X,19.2192192192,1.2319915503e-03
1,0.0000000000,0.5000000000,0.0000000000,1.2083048668,X,19.2792792793,1.2634757906e-03
1,0.0000000000,0.5000000000,0.0000000000,1.2083048668,X,19.3393393393,1.3062549482e-03
1,0.0000000000,0.5000000000,0.0000000000,1.2083048668,X,19.3993993994,1.3635226937e-03
1,0.0000000000,0.5000000000,0.0000000000,1.2083048668,X,19.4594594595,1.4389670818e-03
1,0.0000000000,0.5000000000,0.0000000000,1.2083048668,X,19.5195195195,1.5359854559e-03
1,0.0000000000,0.5000000000,0.0000000000,1.2083048668,X,19.5795795796,1.6554950638e-03
1,0.0000000000,0.5000000000,0.0000000000,1.2083048668,X,19.6396396396,1.7913611475e-03
1,0.0000000000,0.5000000000,0.0000000000,1.2083048668,X,19.6996996997,1.9239678230e-03
1,0.0000000000,0.5000000000,0.0000000000,1.2083048668,X,19.7597597598,2.0180975417e-03
1,0.0000000000,0.5000000000,0.0000000000,1.2083048668,X,19.8198198198,2.0366799602e-03
1,0.0000000000,0.5000000000,0.0000000000,1.2083048668,X,19.8798798799,1.9679914328e-03
1,0.0000000000,0.5000000000,0.0000000000,1.2083048668,X,19.9399399399,1.8361978990e-03
1,0.0000000000,0.5000000000,0.0000000000,1.2083048668,X,20.0000000000,1.6805572891e-03
2,0.5000000000,0.5000000000,0.0000000000,2.4166097335,M,-20.0000000000,1.8705339941e-03
2,0.5000000000,0.5000000000,0.0000000000,2.4166097335,M,-19.9399399399,1.6145084507e-03
2,0.5000000000,0.5000000000,0.0000000000,2.4166097335,M,-19.8798798799,1.4067843797e-03
2,0.5000000000,0.5000000000,0.0000000000,2.4166097335,M,-19.8198198198,1.2428000054e-03
2,0.5000000000,0.5000000000,0.0000000000,2.4166097335,M,-19.7597597598,1.1147925692e-03
2,0.5000000000,0.5000000000,0.0000000000,2.4166097335,M,-19.6996996997,1.0152027931e-03
2,0.5000000000,0.5000000000,0.0000000000,2.4166097335,M,-19.6396396396,9.3775489029e-04
2,0.5000000000,0.5000000000,0.0000000000,2.4166097335,M,-19.5795795796,8.7757791363e-04
2,0.5000000000,0.5000000000,0.0000000000,2.4166097335,M,-19.5195195195,8.3101381785e-04
2,0.5000000000,0.5000000000,0.0000000000,2.4166097335,M,-19.4594594595,7.9536966041e-04
2,0.5000000000,0.5000000000,0.0000000000,2.4166097335,M,-19.3993993994,7.6870076860e-04
2,0.5000000000,0.5000000000,0.0000000000,2.4166097335,M,-19.3393393393,7.4964552898e-04
2,0.5000000000,0.5000000000,0.0000000000,2.4166097335,M,-19.2792792793,7.3731024369e-04
2,0.5000000000,0.5000000000,0.0000000000,2.4166097335,M,-19.2192192192,7.3119721798e-04
2,0.5000000000,0.5000000000,0.0000000000,2.4166097335,M,-19.1591591592,7.3116976952e-04
2,0.5000000000,0.5000000000,0.0000000000,2.4166097335,M,-19.0990990991,7.3744961229e-04
2,0.5000000000,0.5000000000,0.0000000000,2.4166097335,M,-19.0390390390,7.5064253954e-04
2,0.5000000000,0.5000000000,0.0000000000,2.4166097335,M,-18.9789789790,7.7178427788e-04
2,0.5000000000,0.5000000000,0.0000000000,2.4166097335,M,-18.9189189189,8.0238280810e-04
2,0.5000000000,0.5000000000,0.0000000000,2.4166097335,M,-18.8588588589,8.4439059271e-04
2,0.5000000000,0.5000000000,0.0000000000,2.4166097335,M,-18.7987987988,8.9993938800e-04
2,0.5000000000,0.5000000000,0.0000000000,2.4166097335,M,-18.7387387387,9.7047455208e-04
2,0.5000000000,0.5000000000,0.0000000000,2.4166097335,M,-18.6786786787,1.0546878296e-03
2,0.5000000000,0.5000000000,0.0000000000,2.4166097335,M,-18.6186186186,1.1448725335e-03
2,0.5000000000,0.5000000000,0.0000000000,2.4166097335,M,-18.5585585586,1.2234452797e-03
2,0.5000000000,0.5000000000,0.0000000000,2.4166097335,M,-18.4984984985,1.2658117276e-03
2,0.5000000000,0.5000000000,0.0000000000,2.4166097335,M,-18.4384384384,1.2546494497e-03
2,0.5000000000,0.5000000000,0.0000000000,2.4166097335,M,-18.3783783784,1.1944321530e-03
2,0.5000000000,0.5000000000,0.0000000000,2.4166097335,M,-18.3183183183,1.1073257124e-03
2,0.5000000000,0.5000000000,0.0000000000,2.4166097335,M,-18.2582582583,1.0162107111e-03
2,0.5000000000,0.5000000000,0.0000000000,2.4166097335,M,-18.1981981982,9.3458751088e-04
2,0.5000000000,0.5000000000,0.0000000000,2.4166097335,M,-18.1381381381,8.6707715142e-04
2,0.5000000000,0.5000000000,0.0000000000,2.4166097335,M,-18.0780780781,8.1342685840e-04
2,0.5000000000,0.5000000000,0.0000000000,2.4166097335,M,-18.0180180180,7.7157439142e-04
2,0.5000000000,0.5000000000,0.0000000000,2.4166097335,M,-17.9579579580,7.3917076622e-04
2,0.5000000000,0.5000000000,0.0000000000,2.4166097335,M,-17.8978978979,7.1414726060e-04
2,0.5000000000,0.5000000000,0.0000000000,2.4166097335,M,-17.8378378378,6.9484656403e-04
2,0.5000000000,0.5000000000,0.0000000000,2.4166097335,M,-17.7777777778,6.7999317407e-04
2,0.5000000000,0.5000000000,0.0000000000,2.4166097335,M,-17.7177177177,6.6862089213e-04
2,0.5000000000,0.5000000000,0.0000000000,2.4166097335,M,-17.6576576577,6.6000055171e-04
2,0.5000000000,0.5000000000,0.0000000000,2.4166097335,M,-17.5975975976,6.5358041943e-04
2,0.5000000000,0.5000000000,0.0000000000,2.4166097335,M,-17.5375375375,6.4894051319e-04
2,0.5000000000,0.5000000000,0.0000000000,2.4166097335,M,-17.4774774775,6.4575868428e-04
2,0.5000000000,0.5000000000,0.0000000000,2.4166097335,M,-17.4174174174,6.4378575862e-04
2,0.5000000000,0.5000000000,0.0000000000,2.4166097335,M,-17.3573573574,6.4282737684e-04
2,0.5000000000,0.5000000000,0.0000000000,2.4166097335,M,-17.2972972973,6.4273070140e-04
2,0.5000000000,0.5000000000,0.0000000000,2.4166097335,M,-17.2372372372,6.4337463807e-04
2,0.5000000000,0.5000000000,0.0000000000,2.4166097335,M,-17.1771771772,6.4466259592e-04
2,0.5000000000,0.5000000000,0.0000000000,2.4166097335,M,-17.1171171171,6.4651708841e-04
2,0.5000000000,0.5000000000,0.0000000000,2.4166097335,M,-17.0570570571,6.4887567819e-04
2,0.5000000000,0.5000000000,0.0000000000,2.4166097335,M,-16.9969969970,6.5168791062e-04
2,0.5000000000,0.5000000000,0.0000000000,2.4166097335,M,-16.9369369369,6.5491298145e-04
2,0.5000000000,0.5000000000,0.0000000000,2.4166097335,M,-16.8768768769,6.5851795555e-04
2,0.5000000000,0.5000000000,0.0000000000,2.4166097335,M,-16.8168168168,6.6247640450e-04
2,0.5000000000,0.5000000000,0.0000000000,2.4166097335,M,-16.7567567568,6.6676736719e-04
2,0.5000000000,0.5000000000,0.0000000000,2.4166097335,M,-16.6966966967,6.7137456469e-04
2,0.5000000000,0.5000000000,0.0000000000,2.4166097335,M,-16.6366366366,6.7628582015e-04
2,0.5000000000,0.5000000000,0.0000000000,2.4166097335,M,-16.5765765766,6.8149264992e-04
2,0.5000000000,0.5000000000,0.0000000000,2.4166097335,M,-16.5165165165,6.8699000427e-04
2,0.5000000000,0.5000000000,0.0000000000,2.4166097335,M,-16.4564564565,6.9277614641e-04
2,0.5000000000,0.5000000000,0.0000000000,2.4166097335,M,-16.3963963964,6.9885266841e-04
2,0.5000000000,0.5000000000,0.0000000000,2.4166097335,M,-16.3363363363,7.0522465247e-04
2,0.5000000000,0.5000000000,0.0000000000,2.4166097335,M,-16.2762762763,7.1190099737e-04
2,0.5000000000,0.5000000000,0.0000000000,2.4166097335,M,-16.2162162162,7.1889494380e-04
2,0.5000000000,0.5000000000,0.0000000000,2.4166097335,M,-16.1561561562,7.2622485061e-04
2,0.5000000000,0.5000000000,0.0000000000,2.4166097335,M,-16.0960960961,7.3391529807e-04
2,0.5000000000,0.5000000000,0.0000000000,2.4166097335,M,-16.0360360360,7.4199862852e-04
2,0.5000000000,0.5000000000,0.0000000000,2.4166097335,M,-15.9759759760,7.5051708098e-04
2,0.5000000000,0.5000000000,0.0000000000,2.4166097335,M,-15.9159159159,7.5952574094e-04
2,0.5000000000,0.5000000000,0.0000000000,2.4166097335,M,-15.8558558559,7.6909661105e-04
2,0.5000000000,0.5000000000,0.0000000000,2.4166097335,M,-15.7957957958,7.7932421327e-04
2,0.5000000000,0.5000000000,0.0000000000,2.4166097335,M,-15.7357357357,7.9033323722e-04
2,0.5000000000,0.5000000000,0.0000000000,2.4166097335,M,-15.6756756757,8.0228878346e-04
2,0.5000000000,0.5000000000,0.0000000000,2.4166097335,M,-15.6156156156,8.1540950629e-04
2,0.5000000000,0.5000000000,0.0000000000,2.4166097335,M,-15.5555555556,8.2998288939e-04
2,0.5000000000,0.5000000000,0.0000000000,2.4166097335,M,-15.4954954955,8.4637861927e-04
2,0.5000000000,0.5000000000,0.0000000000,2.4166097335,M,-15.4354354354,8.6504742786e-04
2,0.5000000000,0.5000000000,0.0000000000,2.4166097335,M,-15.3753753754,8.8647270517e-04
2,0.5000000000,0.5000000000,0.0000000000,2.4166097335,M,-15.3153153153,9.1100287353e-04
2,0.5000000000,0.5000000000,0.0000000000,2.4166097335,M,-15.2552552553,9.3844286125e-04
2,0.5000000000,0.5000000000,0.0000000000,2.4166097335,M,-15.1951951952,9.6731962813e-04
2,0.5000000000,0.5000000000,0.0000000000,2.4166097335,M,-15.1351351351,9.9414595192e-04
2,0.5000000000,0.5000000000,0.0000000000,2.4166097335,M,-15.0750750751,1.0139117633e-03
2,0.5000000000,0.5000000000,0.0000000000,2.4166097335,M,-15.0150150150,1.0229249761e-03
2,0.5000000000,0.5000000000,0.0000000000,2.4166097335,M,-14.9549549550,1.0218953605e-03
2,0.5000000000,0.5000000000,0.0000000000,2.4166097335,M,-14.8948948949,1.0152972285e-03
2,0.5000000000,0.5000000000,0.0000000000,2.4166097335,M,-14.8348348348,1.0079066289e-03
2,0.5000000000,0.5000000000,0.0000000000,2.4166097335,M,-14.7747747748,1.0026124463e-03
2,0.5000000000,0.5000000000,0.0000000000,2.4166097335,M,-14.7147147147,1.0004470061e-03
2,0.5000000000,0.5000000000,0.0000000000,2.4166097335,M,-14.6546546547,1.0014037511e-03
2,0.5000000000,0.5000000000,0.0000000000,2.4166097335,M,-14.5945945946,1.0050824570e-03
2,0.5000000000,0.5000000000,0.0000000000,2.4166097335,M,-14.5345345345,1.0110146893e-03
2,0.5000000000,0.5000000000,0.0000000000,2.4166097335,M,-14.4744744745,1.0187867883e-03
2,0.5000000000,0.5000000000,0.0000000000,2.4166097335,M,-14.4144144144,1.0280695099e-03
2,0.5000000000,0.5000000000,0.0000000000,2.4166097335,M,-14.3543543544,1.0386128715e-03
2,0.5000000000,0.5000000000,0.0000000000,2.4166097335,M,-14.2942942943,1.0502314849e-03
2,0.5000000000,0.5000000000,0.0000000000,2.4166097335,M,-14.2342342342,1.0627897024e-03
2,0.5000000000,0.5000000000,0.0000000000,2.4166097335,M,-14.1741741742,1.0761893124e-03
2,0.5000000000,0.5000000000,0.0000000000,2.4166097335,M,-14.1141141141,1.0903601009e-03
2,0.5000000000,0.5000000000,0.0000000000,2.4166097335,M,-14.0540540541,1.1052528546e-03
2,0.5000000000,0.5000000000,0.0000000000,2.4166097335,M,-13.9939939940,1.1208342476e-03
2,0.5000000000,0.5000000000,0.0000000000,2.4166097335,M,-13.9339339339,1.1370831260e-03
2,0.5000000000,0.5000000000,0.0000000000,2.4166097335,M,-13.8738738739,1.1539878069e-03
2,0.5000000000,0.5000000000,0.0000000000,2.4166097335,M,-13.8138138138,1.1715441134e-03
2,0.5000000000,0.5000000000,0.0000000000,2.4166097335,M,-13.7537537538,1.1897539395e-03
2,0.5000000000,0.5000000000,0.0000000000,2.4166097335,M,-13.6936936937,1.2086242026e-03
2,0.5000000000,0.5000000000,0.0000000000,2.4166097335,M,-13.6336336336,1.2281660788e-03
2,0.5000000000,0.5000000000,0.0000000000,2.4166097335,M,-13.5735735736,1.2483944474e-03
2,0.5000000000,0.5000000000,0.0000000000,2.4166097335,M,-13.5135135135,1.2693274929e-03
2,0.5000000000,0.5000000000,0.0000000000,2.4166097335,M,-13.4534534535,1.2909864252e-03
2,0.5000000000,0.5000000000,0.0000000000,2.4166097335,M,-13.3933933934,1.3133952924e-03
2,0.5000000000,0.5000000000,0.0000000000,2.4166097335,M,-13.3333333333,1.3365808646e-03
2,0.5000000000,0.5000000000,0.0000000000,2.4166097335,M,-13.2732732733,1.3605725756e-03
2,0.5000000000,0.5000000000,0.0000000000,2.4166097335,M,-13.2132132132,1.3854025125e-03
2,0.5000000000,0.5000000000,0.0000000000,2.4166097335,M,-13.1531531532,1.4111054439e-03
2,0.5000000000,0.5000000000,0.0000000000,2.4166097335,M,-13.0930930931,1.4377188832e-03
2,0.5000000000,0.5000000000,0.0000000000,2.4166097335,M,-13.0330330330,1.4652831831e-03
2,0.5000000000,0.5000000000,0.0000000000,2.4166097335,M,-12.9729729730,1.4938416575e-03
2,0.5000000000,0.5000000000,0.0000000000,2.4166097335,M,-12.9129129129,1.5234407317e-03
2,0.5000000000,0.5000000000,0.0000000000,2.4166097335,M,-12.8528528529,1.5541301178e-03
2,0.5000000000,0.5000000000,0.0000000000,2.4166097335,M,-12.7927927928,1.5859630177e-03
2,0.5000000000,0.5000000000,0.0000000000,2.4166097335,M,-12.7327327327,1.6189963530e-03
2,0.5000000000,0.5000000000,0.0000000000,2.4166097335,M,-12.6726726727,1.6532910230e-03
2,0.5000000000,0.5000000000,0.0000000000,2.4166097335,M,-12.6126126126,1.6889121933e-03
2,0.5000000000,0.5000000000,0.0000000000,2.4166097335,M,-12.5525525526,1.7259296169e-03
2,0.5000000000,0.5000000000,0.0000000000,2.4166097335,M,-12.4924924925,1.7644179894e-03
2,0.5000000000,0.5000000000,0.0000000000,2.4166097335,M,-12.4324324324,1.8044573432e-03
2,0.5000000000,0.5000000000,0.0000000000,2.4166097335,M,-12.3723723724,1.8461334835e-03
2,0.5000000000,0.5000000000,0.0000000000,2.4166097335,M,-12.3123123123,1.8895384702e-03
2,0.5000000000,0.5000000000,0.0000000000,2.4166097335,M,-12.2522522523,1.9347711508e-03
2,0.5000000000,0.5000000000,0.0000000000,2.4166097335,M,-12.1921921922,1.9819377510e-03
2,0.5000000000,0.5000000000,0.0000000000,2.4166097335,M,-12.1321321321,2.0311525271e-03
2,0.5000000000,0.5000000000,0.0000000000,2.4166097335,M,-12.0720720721,2.0825384911e-03
2,0.5000000000,0.5000000000,0.0000000000,2.4166097335,M,-12.0120120120,2.1362282135e-03
2,0.5000000000,0.5000000000,0.0000000000,2.4166097335,M,-11.9519519520,2.1923647159e-03
2,0.5000000000,0.5000000000,0.0000000000,2.4166097335,M,-11.8918918919,2.2511024638e-03
2,0.5000000000,0.5000000000,0.0000000000,2.4166097335,M,-11.8318318318,2.3126084721e-03
2,0.5000000000,0.5000000000,0.0000000000,2.4166097335,M,-11.7717717718,2.3770635387e-03
2,0.5000000000,0.5000000000,0.0000000000,2.4166097335,M,-11.7117117117,2.4446636226e-03
2,0.5000000000,0.5000000000,0.0000000000,2.4166097335,M,-11.6516516517,2.5156213861e-03
2,0.5000000000,0.5000000000,0.0000000000,2.4166097335,M,-11.5915915916,2.5901679237e-03
2,0.5000000000,0.5000000000,0.0000000000,2.4166097335,M,-11.5315315315,2.6685547044e-03
2,0.5000000000,0.5000000000,0.0000000000,2.4166097335,M,-11.4714714715,2.7510557558e-03
2,0.5000000000,0.5000000000,0.0000000000,2.4166097335,M,-11.4114114114,2.8379701281e-03
2,0.5000000000,0.5000000000,0.0000000000,2.4166097335,M,-11.3513513514,2.9296246763e-03
2,0.5000000000,0.5000000000,0.0000000000,2.4166097335,M,-11.2912912913,3.0263772105e-03
2,0.5000000000,0.5000000000,0.0000000000,2.4166097335,M,-11.2312312312,3.1286200689e-03
2,0.5000000000,0.5000000000,0.0000000000,2.4166097335,M,-11.1711711712,3.2367841818e-03
2,0.5000000000,0.5000000000,0.0000000000,2.4166097335,M,-11.1111111111,3.3513437020e-03
2,0.5000000000,0.5000000000,0.0000000000,2.4166097335,M,-11.0510510511,3.4728212954e-03
2,0.5000000000,0.5000000000,0.0000000000,2.4166097335,M,-10.9909909910,3.6017942001e-03
2,0.5000000000,0.5000000000,0.0000000000,2.4166097335,M,-10.9309309309,3.7389011843e-03
2,0.5000000000,0.5000000000,0.0000000000,2.4166097335,M,-10.8708708709,3.8848505575e-03
2,0.5000000000,0.5000000000,0.0000000000,2.4166097335,M,-10.8108108108,4.0404294200e-03
2,0.5000000000,0.5000000000,0.0000000000,2.4166097335,M,-10.7507507508,4.2065143745e-03
2,0.5000000000,0.5000000000,0.0000000000,2.4166097335,M,-10.6906906907,4.3840839672e-03
2,0.5000000000,0.5000000000,0.0000000000,2.4166097335,M,-10.6306306306,4.5742331844e-03
2,0.5000000000,0.5000000000,0.0000000000,2.4166097335,M,-10.5705705706,4.7781903990e-03
2,0.5000000000,0.5000000000,0.0000000000,2.4166097335,M,-10.5105105105,4.9973372488e-03
2,0.5000000000,0.5000000000,0.0000000000,2.4166097335,M,-10.4504504505,5.2332320375e-03
2,0.5000000000,0.5000000000,0.0000000000,2.4166097335,M,-10.3903903904,5.4876373852e-03
2,0.5000000000,0.5000000000,0.0000000000,2.4166097335,M,-10.3303303303,5.7625530268e-03
2,0.5000000000,0.5000000000,0.0000000000,2.4166097335,M,-10.2702702703,6.0602548742e-03
2,0.5000000000,0.5000000000,0.0000000000,2.4166097335,M,-10.2102102102,6.3833417377e-03
2,0.5000000000,0.5000000000,0.0000000000,2.4166097335,M,-10.1501501502,6.7347914534e-03
2,0.5000000000,0.5000000000,0.0000000000,2.4166097335,M,-10.0900900901,7.1180286265e-03
2,0.5000000000,0.5000000000,0.0000000000,2.4166097335,M,-10.0300300300,7.5370067887e-03
2,0.5000000000,0.5000000000,0.0000000000,2.4166097335,M,-9.9699699700,7.9963085461e-03
2,0.5000000000,0.5000000000,0.0000000000,2.4166097335,M,-9.9099099099,8.5012683060e-03
2,0.5000000000,0.5000000000,0.0000000000,2.4166097335,M,-9.8498498498,9.0581235153e-03
2,0.5000000000,0.5000000000,0.0000000000,2.4166097335,M,-9.7897897898,9.6742021236e-03
2,0.5000000000,0.5000000000,0.0000000000,2.4166097335,M,-9.7297297297,1.0358156376e-02
2,0.5000000000,0.5000000000,0.0000000000,2.4166097335,M,-9.6696696697,1.1120256259e-02
2,0.5000000000,0.5000000000,0.0000000000,2.4166097335,M,-9.6096096096,1.1972760295e-02
2,0.5000000000,0.5000000000,0.0000000000,2.4166097335,M,-9.5495495495,1.2930387378e-02
2,0.5000000000,0.5000000000,0.0000000000,2.4166097335,M,-9.4894894895,1.4010921577e-02
2,0.5000000000,0.5000000000,0.0000000000,2.4166097335,M,-9.4294294294,1.5235993300e-02
2,0.5000000000,0.5000000000,0.0000000000,2.4166097335,M,-9.3693693694,1.6632096197e-02
2,0.5000000000,0.5000000000,0.0000000000,2.4166097335,M,-9.3093093093,1.8231921678e-02
2,0.5000000000,0.5000000000,0.0000000000,2.4166097335,M,-9.2492492492,2.0076124652e-02
2,0.5000000000,0.5000000000,0.0000000000,2.4166097335,M,-9.1891891892,2.2215679041e-02
2,0.5000000000,0.5000000000,0.0000000000,2.4166097335,M,-9.1291291291,2.4715045133e-02
2,0.5000000000,0.5000000000,0.0000000000,2.4166097335,M,-9.0690690691,2.7656460065e-02
2,0.5000000000,0.5000000000,0.0000000000,2.4166097335,M,-9.0090090090,3.1145785736e-02
2,0.5000000000,0.5000000000,0.0000000000,2.4166097335,M,-8.9489489489,3.5320511862e-02
2,0.5000000000,0.5000000000,0.0000000000,2.4166097335,M,-8.8888888889,4.0360711339e-02
2,0.5000000000,0.5000000000,0.0000000000,2.4166097335,M,-8.8288288288,4.6503939841e-02
2,0.5000000000,0.5000000000,0.0000000000,2.4166097335,M,-8.7687687688,5.4065116909e-02
2,0.5000000000,0.5000000000,0.0000000000,2.4166097335,M,-8.7087087087,6.3461900951e-02
2,0.5000000000,0.5000000000,0.0000000000,2.4166097335,M,-8.6486486486,7.5243862053e-02
2,0.5000000000,0.5000000000,0.0000000000,2.4166097335,M,-8.5885885886,9.0117110294e-02
2,0.5000000000,0.5000000000,0.0000000000,2.4166097335,M,-8.5285285285,1.0893869304e-01
2,0.5000000000,0.5000000000,0.0000000000,2.4166097335,M,-8.4684684685,1.3261492841e-01
2,0.5000000000,0.5000000000,0.0000000000,2.4166097335,M,-8.4084084084,1.6176051061e-01
2,0.5000000000,0.5000000000,0.0000000000,2.4166097335,M,-8.3483483483,1.9588290360e-01
2,0.5000000000,0.5000000000,0.0000000000,2.4166097335,M,-8.2882882883,2.3195202354e-01
2,0.5000000000,0.5000000000,0.0000000000,2.4166097335,M,-8.2282282282,2.6306334555e-01
2,0.5000000000,0.5000000000,0.0000000000,2.4166097335,M,-8.1681681682,2.7963536604e-01
2,0.5000000000,0.5000000000,0.0000000000,2.4166097335,M,-8.1081081081,2.7505523937e-01
2,0.5000000000,0.5000000000,0.0000000000,2.4166097335,M,-8.0480480480,2.5126569291e-01
2,0.5000000000,0.5000000000,0.0000000000,2.4166097335,M,-7.9879879880,2.1700654452e-01
2,0.5000000000,0.5000000000,0.0000000000,2.4166097335,M,-7.9279279279,1.8117545747e-01
2,0.5000000000,0.5000000000,0.0000000000,2.4166097335,M,-7.8678678679,1.4897817340e-01
2,0.5000000000,0.5000000000,0.0000000000,2.4166097335,M,-7.8078078078,1.2217840748e-01
2,0.5000000000,0.5000000000,0.0000000000,2.4166097335,M,-7.7477477477,1.0066457757e-01
2,0.5000000000,0.5000000000,0.0000000000,2.4166097335,M,-7.6876876877,8.3633959391e-02
2,0.5000000000,0.5000000000,0.0000000000,2.4166097335,M,-7.6276276276,7.0177697145e-02
2,0.5000000000,0.5000000000,0.0000000000,2.4166097335,M,-7.5675675676,5.9497455639e-02
2,0.5000000000,0.5000000000,0.0000000000,2.4166097335,M,-7.5075075075,5.0954799458e-02
2,0.5000000000,0.5000000000,0.0000000000,2.4166097335,M,-7.4474474474,4.4059130668e-02
2,0.5000000000,0.5000000000,0.0000000000,2.4166097335,M,-7.3873873874,3.8439382648e-02
2,0.5000000000,0.5000000000,0.0000000000,2.4166097335,M,-7.3273273273,3.3815960041e-02
2,0.5000000000,0.5000000000,0.0000000000,2.4166097335,M,-7.2672672673,2.9977648925e-02
2,0.5000000000,0.5000000000,0.0000000000,2.4166097335,M,-7.2072072072,2.6763940085e-02
2,0.5000000000,0.5000000000,0.0000000000,2.4166097335,M,-7.1471471471,2.4051915694e-02
2,0.5000000000,0.5000000000,0.0000000000,2.4166097335,M,-7.0870870871,2.1746645570e-02
2,0.5000000000,0.5000000000,0.0000000000,2.4166097335,M,-7.0270270270,1.9774176659e-02
2,0.5000000000,0.5000000000,0.0000000000,2.4166097335,M,-6.9669669670,1.8076405483e-02
2,0.5000000000,0.5000000000,0.0000000000,2.4166097335,M,-6.9069069069,1.6607309605e-02
2,0.5000000000,0.5000000000,0.0000000000,2.4166097335,M,-6.8468468468,1.5330160293e-02
2,0.5000000000,0.5000000000,0.0000000000,2.4166097335,M,-6.7867867868,1.4215446510e-02
2,0.5000000000,0.5000000000,0.0000000000,2.4166097335,M,-6.7267267267,1.3239317936e-02
2,0.5000000000,0.5000000000,0.0000000000,2.4166097335,M,-6.6666666667,1.2382409857e-02
2,0.5000000000,0.5000000000,0.0000000000,2.4166097335,M,-6.6066066066,1.1628951768e-02
2,0.5000000000,0.5000000000,0.0000000000,2.4166097335,M,-6.5465465465,1.0966089304e-02
2,0.5000000000,0.5000000000,0.0000000000,2.4166097335,M,-6.4864864865,1.0383368926e-02
2,0.5000000000,0.5000000000,0.0000000000,2.4166097335,M,-6.4264264264,9.8723492133e-03
2,0.5000000000,0.5000000000,0.0000000000,2.4166097335,M,-6.3663663664,9.4263132921e-03
2,0.5000000000,0.5000000000,0.0000000000,2.4166097335,M,-6.3063063063,9.0400650954e-03
2,0.5000000000,0.5000000000,0.0000000000,2.4166097335,M,-6.2462462462,8.7097988059e-03
2,0.5000000000,0.5000000000,0.0000000000,2.4166097335,M,-6.1861861862,8.4330366028e-03
2,0.5000000000,0.5000000000,0.0000000000,2.4166097335,M,-6.1261261261,8.2086354401e-03
2,0.5000000000,0.5000000000,0.0000000000,2.4166097335,M,-6.0660660661,8.0368695965e-03
2,0.5000000000,0.5000000000,0.0000000000,2.4166097335,M,-6.0060060060,7.9196027982e-03
2,0.5000000000,0.5000000000,0.0000000000,2.4166097335,M,-5.9459459459,7.8605724836e-03
2,0.5000000000,0.5000000000,0.0000000000,2.4166097335,M,-5.8858858859,7.8658197909e-03
2,0.5000000000,0.5000000000,0.0000000000,2.4166097335,M,-5.8258258258,7.9443119870e-03
2,0.5000000000,0.5000000000,0.0000000000,2.4166097335,M,-5.7657657658,8.1088171064e-03
2,0.5000000000,0.5000000000,0.0000000000,2.4166097335,M,-5.7057057057,8.3770952061e-03
2,0.5000000000,0.5000000000,0.0000000000,2.4166097335,M,-5.6456456456,8.7734424040e-03
2,0.5000000000,0.5000000000,0.0000000000,2.4166097335,M,-5.5855855856,9.3304975399e-03
2,0.5000000000,0.5000000000,0.0000000000,2.4166097335,M,-5.5255255255,1.0090834679e-02
2,0.5000000000,0.5000000000,0.0000000000,2.4166097335,M,-5.4654654655,1.1106845974e-02
2,0.5000000000,0.5000000000,0.0000000000,2.4166097335,M,-5.4054054054,1.2435036370e-02
2,0.5000000000,0.5000000000,0.0000000000,2.4166097335,M,-5.3453453453,1.4116169691e-02
2,0.5000000000,0.5000000000,0.0000000000,2.4166097335,M,-5.2852852853,1.6126732608e-02
2,0.5000000000,0.5000000000,0.0000000000,2.4166097335,M,-5.2252252252,1.8291282616e-02
2,0.5000000000,0.5000000000,0.0000000000,2.4166097335,M,-5.1651651652,2.0193495858e-02
2,0.5000000000,0.5000000000,0.0000000000,2.4166097335,M,-5.1051051051,2.1232015417e-02
2,0.5000000000,0.5000000000,0.0000000000,2.4166097335,M,-5.0450450450,2.0958007113e-02
2,0.5000000000,0.5000000000,0.0000000000,2.4166097335,M,-4.9849849850,1.9447916566e-02
2,0.5000000000,0.5000000000,0.0000000000,2.4166097335,M,-4.9249249249,1.7233642470e-02
2,0.5000000000,0.5000000000,0.0000000000,2.4166097335,M,-4.8648648649,1.4888292509e-02
2,0.5000000000,0.5000000000,0.0000000000,2.4166097335,M,-4.8048048048,1.2760052577e-02
2,0.5000000000,0.5000000000,0.0000000000,2.4166097335,M,-4.7447447447,1.0973463166e-02
2,0.5000000000,0.5000000000,0.0000000000,2.4166097335,M,-4.6846846847,9.5272521342e-03
2,0.5000000000,0.5000000000,0.0000000000,2.4166097335,M,-4.6246246246,8.3721919225e-03
2,0.5000000000,0.5000000000,0.0000000000,2.4166097335,M,-4.5645645646,7.4505261746e-03
2,0.5000000000,0.5000000000,0.0000000000,2.4166097335,M,-4.5045045045,6.7109210322e-03
2,0.5000000000,0.5000000000,0.0000000000,2.4166097335,M,-4.4444444444,6.1120995107e-03
2,0.5000000000,0.5000000000,0.0000000000,2.4166097335,M,-4.3843843844,5.6222459564e-03
2,0.5000000000,0.5000000000,0.0000000000,2.4166097335,M,-4.3243243243,5.2172468096e-03
2,0.5000000000,0.5000000000,0.0000000000,2.4166097335,M,-4.2642642643,4.8789012228e-03
2,0.5000000000,0.5000000000,0.0000000000,2.4166097335,M,-4.2042042042,4.5934354753e-03
2,0.5000000000,0.5000000000,0.0000000000,2.4166097335,M,-4.1441441441,4.3503611800e-03
2,0.5000000000,0.5000000000,0.0000000000,2.4166097335,M,-4.0840840841,4.1416266377e-03
2,0.5000000000,0.5000000000,0.0000000000,2.4166097335,M,-4.0240240240,3.9609947107e-03
2,0.5000000000,0.5000000000,0.0000000000,2.4166097335,M,-3.9639639640,3.8035884227e-03
2,0.5000000000,0.5000000000,0.0000000000,2.4166097335,M,-3.9039039039,3.6655584423e-03
2,0.5000000000,0.5000000000,0.0000000000,2.4166097335,M,-3.8438438438,3.5438385364e-03
2,0.5000000000,0.5000000000,0.0000000000,2.4166097335,M,-3.7837837838,3.4359644998e-03
2,0.5000000000,0.5000000000,0.0000000000,2.4166097335,M,-3.7237237237,3.3399390466e-03
2,0.5000000000,0.5000000000,0.0000000000,2.4166097335,M,-3.6636636637,3.2541301689e-03
2,0.5000000000,0.5000000000,0.0000000000,2.4166097335,M,-3.6036036036,3.1771940322e-03
2,0.5000000000,0.5000000000,0.0000000000,2.4166097335,M,-3.5435435435,3.1080159984e-03
2,0.5000000000,0.5000000000,0.0000000000,2.4166097335,M,-3.4834834835,3.0456651433e-03
2,0.5000000000,0.5000000000,0.0000000000,2.4166097335,M,-3.4234234234,2.9893589041e-03
2,0.5000000000,0.5000000000,0.0000000000,2.4166097335,M,-3.3633633634,2.9384353875e-03
2,0.5000000000,0.5000000000,0.0000000000,2.4166097335,M,-3.3033033033,2.8923315188e-03
2,0.5000000000,0.5000000000,0.0000000000,2.4166097335,M,-3.2432432432,2.8505656770e-03
2,0.5000000000,0.5000000000,0.0000000000,2.4166097335,M,-3.1831831832,2.8127238014e-03
2,0.5000000000,0.5000000000,0.0000000000,2.4166097335,M,-3.1231231231,2.7784482024e-03
2,0.5000000000,0.5000000000,0.0000000000,2.4166097335,M,-3.0630630631,2.7474284949e-03
2,0.5000000000,0.5000000000,0.0000000000,2.4166097335,M,-3.0030030030,2.7193942074e-03
2,0.5000000000,0.5000000000,0.0000000000,2.4166097335,M,-2.9429429429,2.6941087228e-03
2,0.5000000000,0.5000000000,0.0000000000,2.4166097335,M,-2.8828828829,2.6713642835e-03
2,0.5000000000,0.5000000000,0.0000000000,2.4166097335,M,-2.8228228228,2.6509778537e-03
2,0.5000000000,0.5000000000,0.0000000000,2.4166097335,M,-2.7627627628,2.6327876733e-03
2,0.5000000000,0.5000000000,0.0000000000,2.4166097335,M,-2.7027027027,2.6166503750e-03
2,0.5000000000,0.5000000000,0.0000000000,2.4166097335,M,-2.6426426426,2.6024385613e-03
2,0.5000000000,0.5000000000,0.0000000000,2.4166097335,M,-2.5825825826,2.5900387597e-03
2,0.5000000000,0.5000000000,0.0000000000,2.4166097335,M,-2.5225225225,2.5793496891e-03
2,0.5000000000,0.5000000000,0.0000000000,2.4166097335,M,-2.4624624625,2.5702807849e-03
2,0.5000000000,0.5000000000,0.0000000000,2.4166097335,M,-2.4024024024,2.5627509395e-03
2,0.5000000000,0.5000000000,0.0000000000,2.4166097335,M,-2.3423423423,2.5566874224e-03
2,0.5000000000,0.5000000000,0.0000000000,2.4166097335,M,-2.2822822823,2.5520249514e-03
2,0.5000000000,0.5000000000,0.0000000000,2.4166097335,M,-2.2222222222,2.5487048914e-03
2,0.5000000000,0.5000000000,0.0000000000,2.4166097335,M,-2.1621621622,2.5466745611e-03
2,0.5000000000,0.5000000000,0.0000000000,2.4166097335,M,-2.1021021021,2.5458866310e-03
2,0.5000000000,0.5000000000,0.0000000000,2.4166097335,M,-2.0420420420,2.5462985994e-03
2,0.5000000000,0.5000000000,0.0000000000,2.4166097335,M,-1.9819819820,2.5478723358e-03
2,0.5000000000,0.5000000000,0.0000000000,2.4166097335,M,-1.9219219219,2.5505736813e-03
2,0.5000000000,0.5000000000,0.0000000000,2.4166097335,M,-1.8618618619,2.5543720980e-03
2,0.5000000000,0.5000000000,0.0000000000,2.4166097335,M,-1.8018018018,2.5592403625e-03
2,0.5000000000,0.5000000000,0.0000000000,2.4166097335,M,-1.7417417417,2.5651542946e-03
2,0.5000000000,0.5000000000,0.0000000000,2.4166097335,M,-1.6816816817,2.5720925203e-03
2,0.5000000000,0.5000000000,0.0000000000,2.4166097335,M,-1.6216216216,2.5800362615e-03
2,0.5000000000,0.5000000000,0.0000000000,2.4166097335,M,-1.5615615616,2.5889691507e-03
2,0.5000000000,0.5000000000,0.0000000000,2.4166097335,M,-1.5015015015,2.5988770682e-03
2,0.5000000000,0.5000000000,0.0000000000,2.4166097335,M,-1.4414414414,2.6097479975e-03
2,0.5000000000,0.5000000000,0.0000000000,2.4166097335,M,-1.3813813814,2.6215718983e-03
2,0.5000000000,0.5000000000,0.0000000000,2.4166097335,M,-1.3213213213,2.6343405939e-03
2,0.5000000000,0.5000000000,0.0000000000,2.4166097335,M,-1.2612612613,2.6480476730e-03
2,0.5000000000,0.5000000000,0.0000000000,2.4166097335,M,-1.2012012012,2.6626884025e-03
2,0.5000000000,0.5000000000,0.0000000000,2.4166097335,M,-1.1411411411,2.6782596516e-03
2,0.5000000000,0.5000000000,0.0000000000,2.4166097335,M,-1.0810810811,2.6947598258e-03
2,0.5000000000,0.5000000000,0.0000000000,2.4166097335,M,-1.0210210210,2.7121888094e-03
2,0.5000000000,0.5000000000,0.0000000000,2.4166097335,M,-0.9609609610,2.7305479162e-03
2,0.5000000000,0.5000000000,0.0000000000,2.4166097335,M,-0.9009009009,2.7498398471e-03
2,0.5000000000,0.5000000000,0.0000000000,2.4166097335,M,-0.8408408408,2.7700686554e-03
2,0.5000000000,0.5000000000,0.0000000000,2.4166097335,M,-0.7807807808,2.7912397173e-03
2,0.5000000000,0.5000000000,0.0000000000,2.4166097335,M,-0.7207207207,2.8133597086e-03
2,0.5000000000,0.5000000000,0.0000000000,2.4166097335,M,-0.6606606607,2.8364365872e-03
2,0.5000000000,0.5000000000,0.0000000000,2.4166097335,M,-0.6006006006,2.8604795801e-03
2,0.5000000000,0.5000000000,0.0000000000,2.4166097335,M,-0.5405405405,2.8854991750e-03
2,0.5000000000,0.5000000000,0.0000000000,2.4166097335,M,-0.4804804805,2.9115071178e-03
2,0.5000000000,0.5000000000,0.0000000000,2.4166097335,M,-0.4204204204,2.9385164124e-03
2,0.5000000000,0.5000000000,0.0000000000,2.4166097335,M,-0.3603603604,2.9665413270e-03
2,0.5000000000,0.5000000000,0.0000000000,2.4166097335,M,-0.3003003003,2.9955974025e-03
2,0.5000000000,0.5000000000,0.0000000000,2.4166097335,M,-0.2402402402,3.0257014661e-03
2,0.5000000000,0.5000000000,0.0000000000,2.4166097335,M,-0.1801801802,3.0568716486e-03
2,0.5000000000,0.5000000000,0.0000000000,2.4166097335,M,-0.1201201201,3.0891274054e-03
2,0.5000000000,0.5000000000,0.0000000000,2.4166097335,M,-0.0600600601,3.1224895416e-03
2,0.5000000000,0.5000000000,0.0000000000,2.4166097335,M,0.0000000000,3.1569802408e-03
2,0.5000000000,0.5000000000,0.0000000000,2.4166097335,M,0.0600600601,3.1926230979e-03
2,0.5000000000,0.5000000000,0.0000000000,2.4166097335,M,0.1201201201,3.2294431561e-03
2,0.5000000000,0.5000000000,0.0000000000,2.4166097335,M,0.1801801802,3.2674669478e-03
2,0.5000000000,0.5000000000,0.0000000000,2.4166097335,M,0.2402402402,3.3067225396e-03
2,0.5000000000,0.5000000000,0.0000000000,2.4166097335,M,0.3003003003,3.3472395818e-03
2,0.5000000000,0.5000000000,0.0000000000,2.4166097335,M,0.3603603604,3.3890493620e-03
2,0.5000000000,0.5000000000,0.0000000000,2.4166097335,M,0.4204204204,3.4321848638e-03
2,0.5000000000,0.5000000000,0.0000000000,2.4166097335,M,0.4804804805,3.4766808301e-03
2,0.5000000000,0.5000000000,0.0000000000,2.4166097335,M,0.5405405405,3.5225738307e-03
2,0.5000000000,0.5000000000,0.0000000000,2.4166097335,M,0.6006006006,3.5699023368e-03
2,0.5000000000,0.5000000000,0.0000000000,2.4166097335,M,0.6606606607,3.6187067992e-03
2,0.5000000000,0.5000000000,0.0000000000,2.4166097335,M,0.7207207207,3.6690297336e-03
2,0.5000000000,0.5000000000,0.0000000000,2.4166097335,M,0.7807807808,3.7209158115e-03
2,0.5000000000,0.5000000000,0.0000000000,2.4166097335,M,0.8408408408,3.7744119577e-03
2,0.5000000000,0.5000000000,0.0000000000,2.4166097335,M,0.9009009009,3.8295674544e-03
2,0.5000000000,0.5000000000,0.0000000000,2.4166097335,M,0.9609609610,3.8864340536e-03
2,0.5000000000,0.5000000000,0.0000000000,2.4166097335,M,1.0210210210,3.9450660959e-03
2,0.5000000000,0.5000000000,0.0000000000,2.4166097335,M,1.0810810811,4.0055206388e-03
2,0.5000000000,0.5000000000,0.0000000000,2.4166097335,M,1.1411411411,4.0678575929e-03
2,0.5000000000,0.5000000000,0.0000000000,2.4166097335,M,1.2012012012,4.1321398687e-03
2,0.5000000000,0.5000000000,0.0000000000,2.4166097335,M,1.2612612613,4.1984335320e-03
2,0.5000000000,0.5000000000,0.0000000000,2.4166097335,M,1.3213213213,4.2668079716e-03
2,0.5000000000,0.5000000000,0.0000000000,2.4166097335,M,1.3813813814,4.3373360778e-03
2,0.5000000000,0.5000000000,0.0000000000,2.4166097335,M,1.4414414414,4.4100944335e-03
2,0.5000000000,0.5000000000,0.0000000000,2.4166097335,M,1.5015015015,4.4851635188e-03
2,0.5000000000,0.5000000000,0.0000000000,2.4166097335,M,1.5615615616,4.5626279299e-03
2,0.5000000000,0.5000000000,0.0000000000,2.4166097335,M,1.6216216216,4.6425766138e-03
2,0.5000000000,0.5000000000,0.0000000000,2.4166097335,M,1.6816816817,4.7251031190e-03
2,0.5000000000,0.5000000000,0.0000000000,2.4166097335,M,1.7417417417,4.8103058653e-03
2,0.5000000000,0.5000000000,0.0000000000,2.4166097335,M,1.8018018018,4.8982884321e-03
2,0.5000000000,0.5000000000,0.0000000000,2.4166097335,M,1.8618618619,4.9891598683e-03
2,0.5000000000,0.5000000000,0.0000000000,2.4166097335,M,1.9219219219,5.0830350244e-03
2,0.5000000000,0.5000000000,0.0000000000,2.4166097335,M,1.9819819820,5.1800349102e-03
2,0.5000000000,0.5000000000,0.0000000000,2.4166097335,M,2.0420420420,5.2802870777e-03
2,0.5000000000,0.5000000000,0.0000000000,2.4166097335,M,2.1021021021,5.3839260347e-03
2,0.5000000000,0.5000000000,0.0000000000,2.4166097335,M,2.1621621622,5.4910936881e-03
2,0.5000000000,0.5000000000,0.0000000000,2.4166097335,M,2.2222222222,5.6019398227e-03
2,0.5000000000,0.5000000000,0.0000000000,2.4166097335,M,2.2822822823,5.7166226161e-03
2,0.5000000000,0.5000000000,0.0000000000,2.4166097335,M,2.3423423423,5.8353091947e-03
2,0.5000000000,0.5000000000,0.0000000000,2.4166097335,M,2.4024024024,5.9581762334e-03
2,0.5000000000,0.5000000000,0.0000000000,2.4166097335,M,2.4624624625,6.0854106031e-03
2,0.5000000000,0.5000000000,0.0000000000,2.4166097335,M,2.5225225225,6.2172100713e-03
2,0.5000000000,0.5000000000,0.0000000000,2.4166097335,M,2.5825825826,6.3537840593e-03
2,0.5000000000,0.5000000000,0.0000000000,2.4166097335,M,2.6426426426,6.4953544624e-03
2,0.5000000000,0.5000000000,0.0000000000,2.4166097335,M,2.7027027027,6.6421565383e-03
2,0.5000000000,0.5000000000,0.0000000000,2.4166097335,M,2.7627627628,6.7944398717e-03
2,0.5000000000,0.5000000000,0.0000000000,2.4166097335,M,2.8228228228,6.9524694203e-03
2,0.5000000000,0.5000000000,0.0000000000,2.4166097335,M,2.8828828829,7.1165266520e-03
2,0.5000000000,0.5000000000,0.0000000000,2.4166097335,M,2.9429429429,7.2869107822e-03
2,0.5000000000,0.5000000000,0.0000000000,2.4166097335,M,3.0030030030,7.4639401202e-03
2,0.5000000000,0.5000000000,0.0000000000,2.4166097335,M,3.0630630631,7.6479535373e-03
2,0.5000000000,0.5000000000,0.0000000000,2.4166097335,M,3.1231231231,7.8393120684e-03
2,0.5000000000,0.5000000000,0.0000000000,2.4166097335,M,3.1831831832,8.0384006609e-03
2,0.5000000000,0.5000000000,0.0000000000,2.4166097335,M,3.2432432432,8.2456300873e-03
2,0.5000000000,0.5000000000,0.0000000000,2.4166097335,M,3.3033033033,8.4614390393e-03
2,0.5000000000,0.5000000000,0.0000000000,2.4166097335,M,3.3633633634,8.6862964221e-03
2,0.5000000000,0.5000000000,0.0000000000,2.4166097335,M,3.4234234234,8.9207038719e-03
2,0.5000000000,0.5000000000,0.0000000000,2.4166097335,M,3.4834834835,9.1651985218e-03
2,0.5000000000,0.5000000000,0.0000000000,2.4166097335,M,3.5435435435,9.4203560444e-03
2,0.5000000000,0.5000000000,0.0000000000,2.4166097335,M,3.6036036036,9.6867940024e-03
2,0.5000000000,0.5000000000,0.0000000000,2.4166097335,M,3.6636636637,9.9651755442e-03
2,0.5000000000,0.5000000000,0.0000000000,2.4166097335,M,3.7237237237,1.0256213485e-02
2,0.5000000000,0.5000000000,0.0000000000,2.4166097335,M,3.7837837838,1.0560674820e-02
2,0.5000000000,0.5000000000,0.0000000000,2.4166097335,M,3.8438438438,1.0879385724e-02
2,0.5000000000,0.5000000000,0.0000000000,2.4166097335,M,3.9039039039,1.1213237094e-02
2,0.5000000000,0.5000000000,0.0000000000,2.4166097335,M,3.9639639640,1.1563190709e-02
2,0.5000000000,0.5000000000,0.0000000000,2.4166097335,M,4.0240240240,1.1930286084e-02
2,0.5000000000,0.5000000000,0.0000000000,2.4166097335,M,4.0840840841,1.2315648104e-02
2,0.5000000000,0.5000000000,0.0000000000,2.4166097335,M,4.1441441441,1.2720495550e-02
2,0.5000000000,0.5000000000,0.0000000000,2.4166097335,M,4.2042042042,1.3146150630e-02
2,0.5000000000,0.5000000000,0.0000000000,2.4166097335,M,4.2642642643,1.3594049661e-02
2,0.5000000000,0.5000000000,0.0000000000,2.4166097335,M,4.3243243243,1.4065755045e-02
2,0.5000000000,0.5000000000,0.0000000000,2.4166097335,M,4.3843843844,1.4562968749e-02
2,0.5000000000,0.5000000000,0.0000000000,2.4166097335,M,4.4444444444,1.5087547483e-02
2,0.5000000000,0.5000000000,0.0000000000,2.4166097335,M,4.5045045045,1.5641519833e-02
2,0.5000000000,0.5000000000,0.0000000000,2.4166097335,M,4.5645645646,1.6227105650e-02
2,0.5000000000,0.5000000000,0.0000000000,2.4166097335,M,4.6246246246,1.6846738017e-02
2,0.5000000000,0.5000000000,0.0000000000,2.4166097335,M,4.6846846847,1.7503088223e-02
2,0.5000000000,0.5000000000,0.0000000000,2.4166097335,M,4.7447447447,1.8199094196e-02
2,0.5000000000,0.5000000000,0.0000000000,2.4166097335,M,4.8048048048,1.8937992960e-02
2,0.5000000000,0.5000000000,0.0000000000,2.4166097335,M,4.8648648649,1.9723357782e-02
2,0.5000000000,0.5000000000,0.0000000000,2.4166097335,M,4.9249249249,2.0559140793e-02
2,0.5000000000,0.5000000000,0.0000000000,2.4166097335,M,4.9849849850,2.1449722014e-02
2,0.5000000000,0.5000000000,0.0000000000,2.4166097335,M,5.0450450450,2.2399965926e-02
2,0.5000000000,0.5000000000,0.0000000000,2.4166097335,M,5.1051051051,2.3415286899e-02
2,0.5000000000,0.5000000000,0.0000000000,2.4166097335,M,5.1651651652,2.4501725137e-02
2,0.5000000000,0.5000000000,0.0000000000,2.4166097335,M,5.2252252252,2.5666035063e-02
2,0.5000000000,0.5000000000,0.0000000000,2.4166097335,M,5.2852852853,2.6915788546e-02
2,0.5000000000,0.5000000000,0.0000000000,2.4166097335,M,5.3453453453,2.8259495855e-02
2,0.5000000000,0.5000000000,0.0000000000,2.4166097335,M,5.4054054054,2.9706747885e-02
2,0.5000000000,0.5000000000,0.0000000000,2.4166097335,M,5.4654654655,3.1268384014e-02
2,0.5000000000,0.5000000000,0.0000000000,2.4166097335,M,5.5255255255,3.2956690969e-02
2,0.5000000000,0.5000000000,0.0000000000,2.4166097335,M,5.5855855856,3.4785639365e-02
2,0.5000000000,0.5000000000,0.0000000000,2.4166097335,M,5.6456456456,3.6771166252e-02
2,0.5000000000,0.5000000000,0.0000000000,2.4166097335,M,5.7057057057,3.8931514058e-02
2,0.5000000000,0.5000000000,0.0000000000,2.4166097335,M,5.7657657658,4.1287639084e-02
2,0.5000000000,0.5000000000,0.0000000000,2.4166097335,M,5.8258258258,4.3863706151e-02
2,0.5000000000,0.5000000000,0.0000000000,2.4166097335,M,5.8858858859,4.6687690595e-02
2,0.5000000000,0.5000000000,0.0000000000,2.4166097335,M,5.9459459459,4.9792114725e-02
2,0.5000000000,0.5000000000,0.0000000000,2.4166097335,M,6.0060060060,5.3214953772e-02
2,0.5000000000,0.5000000000,0.0000000000,2.4166097335,M,6.0660660661,5.7000756740e-02
2,0.5000000000,0.5000000000,0.0000000000,2.4166097335,M,6.1261261261,6.1202041530e-02
2,0.5000000000,0.5000000000,0.0000000000,2.4166097335,M,6.1861861862,6.5881042456e-02
2,0.5000000000,0.5000000000,0.0000000000,2.4166097335,M,6.2462462462,7.1111913672e-02
2,0.5000000000,0.5000000000,0.0000000000,2.4166097335,M,6.3063063063,7.6983526736e-02
2,0.5000000000,0.5000000000,0.0000000000,2.4166097335,M,6.3663663664,8.3603048219e-02
2,0.5000000000,0.5000000000,0.0000000000,2.4166097335,M,6.4264264264,9.1100549346e-02
2,0.5000000000,0.5000000000,0.0000000000,2.4166097335,M,6.4864864865,9.9634991751e-02
2,0.5000000000,0.5000000000,0.0000000000,2.4166097335,M,6.5465465465,1.0940206268e-01
2,0.5000000000,0.5000000000,0.0000000000,2.4166097335,M,6.6066066066,1.2064451514e-01
2,0.5000000000,0.5000000000,0.0000000000,2.4166097335,M,6.6666666667,1.3366592645e-01
2,0.5000000000,0.5000000000,0.0000000000,2.4166097335,M,6.7267267267,1.4884915308e-01
2,0.5000000000,0.5000000000,0.0000000000,2.4166097335,M,6.7867867868,1.6668127398e-01
2,0.5000000000,0.5000000000,0.0000000000,2.4166097335,M,6.8468468468,1.8778752785e-01
2,0.5000000000,0.5000000000,0.0000000000,2.4166097335,M,6.9069069069,2.1297771258e-01
2,0.5000000000,0.5000000000,0.0000000000,2.4166097335,M,6.9669669670,2.4330973119e-01
2,0.5000000000,0.5000000000,0.0000000000,2.4166097335,M,7.0270270270,2.8017628023e-01
2,0.5000000000,0.5000000000,0.0000000000,2.4166097335,M,7.0870870871,3.2542144313e-01
2,0.5000000000,0.5000000000,0.0000000000,2.4166097335,M,7.1471471471,3.8149222284e-01
2,0.5000000000,0.5000000000,0.0000000000,2.4166097335,M,7.2072072072,4.5162054346e-01
2,0.5000000000,0.5000000000,0.0000000000,2.4166097335,M,7.2672672673,5.4000061807e-01
2,0.5000000000,0.5000000000,0.0000000000,2.4166097335,M,7.3273273273,6.5184351751e-01
2,0.5000000000,0.5000000000,0.0000000000,2.4166097335,M,7.3873873874,7.9299060930e-01
2,0.5000000000,0.5000000000,0.0000000000,2.4166097335,M,7.4474474474,9.6835316120e-01
2,0.5000000000,0.5000000000,0.0000000000,2.4166097335,M,7.5075075075,1.1778279772e+00
2,0.5000000000,0.5000000000,0.0000000000,2.4166097335,M,7.5675675676,1.4082959701e+00
2,0.5000000000,0.5000000000,0.0000000000,2.4166097335,M,7.6276276276,1.6237395375e+00
2,0.5000000000,0.5000000000,0.0000000000,2.4166097335,M,7.6876876877,1.7656019728e+00
2,0.5000000000,0.5000000000,0.0000000000,2.4166097335,M,7.7477477477,1.7805282072e+00
2,0.5000000000,0.5000000000,0.0000000000,2.4166097335,M,7.8078078078,1.6621838395e+00
2,0.5000000000,0.5000000000,0.0000000000,2.4166097335,M,7.8678678679,1.4570105851e+00
2,0.5000000000,0.5000000000,0.0000000000,2.4166097335,M,7.9279279279,1.2258206878e+00
2,0.5000000000,0.5000000000,0.0000000000,2.4166097335,M,7.9879879880,1.0101653997e+00
2,0.5000000000,0.5000000000,0.0000000000,2.4166097335,M,8.0480480480,8.2727184340e-01
2,0.5000000000,0.5000000000,0.0000000000,2.4166097335,M,8.1081081081,6.7919683054e-01
2,0.5000000000,0.5000000000,0.0000000000,2.4166097335,M,8.1681681682,5.6163477110e-01
2,0.5000000000,0.5000000000,0.0000000000,2.4166097335,M,8.2282282282,4.6875068532e-01
2,0.5000000000,0.5000000000,0.0000000000,2.4166097335,M,8.2882882883,3.9514260598e-01
2,0.5000000000,0.5000000000,0.0000000000,2.4166097335,M,8.3483483483,3.3639697550e-01
2,0.5000000000,0.5000000000,0.0000000000,2.4166097335,M,8.4084084084,2.8909099582e-01
2,0.5000000000,0.5000000000,0.0000000000,2.4166097335,M,8.4684684685,2.5062703576e-01
2,0.5000000000,0.5000000000,0.0000000000,2.4166097335,M,8.5285285285,2.1904696897e-01
2,0.5000000000,0.5000000000,0.0000000000,2.4166097335,M,8.5885885886,1.9287322032e-01
2,0.5000000000,0.5000000000,0.0000000000,2.4166097335,M,8.6486486486,1.7098502974e-01
2,0.5000000000,0.5000000000,0.0000000000,2.4166097335,M,8.7087087087,1.5252598307e-01
2,0.5000000000,0.5000000000,0.0000000000,2.4166097335,M,8.7687687688,1.3683609775e-01
2,0.5000000000,0.5000000000,0.0000000000,2.4166097335,M,8.8288288288,1.2340222161e-01
2,0.5000000000,0.5000000000,0.0000000000,2.4166097335,M,8.8888888889,1.1182177880e-01
2,0.5000000000,0.5000000000,0.0000000000,2.4166097335,M,8.9489489489,1.0177615638e-01
2,0.5000000000,0.5000000000,0.0000000000,2.4166097335,M,9.0090090090,9.3011043617e-02
2,0.5000000000,0.5000000000,0.0000000000,2.4166097335,M,9.0690690691,8.5321799241e-02
2,0.5000000000,0.5000000000,0.0000000000,2.4166097335,M,9.1291291291,7.8542473518e-02
2,0.5000000000,0.5000000000,0.0000000000,2.4166097335,M,9.1891891892,7.2537504658e-02
2,0.5000000000,0.5000000000,0.0000000000,2.4166097335,M,9.2492492492,6.7195386545e-02
2,0.5000000000,0.5000000000,0.0000000000,2.4166097335,M,9.3093093093,6.2423800908e-02
2,0.5000000000,0.5000000000,0.0000000000,2.4166097335,M,9.3693693694,5.8145846013e-02
2,0.5000000000,0.5000000000,0.0000000000,2.4166097335,M,9.4294294294,5.4297092879e-02
2,0.5000000000,0.5000000000,0.0000000000,2.4166097335,M,9.4894894895,5.0823270904e-02
2,0.5000000000,0.5000000000,0.0000000000,2.4166097335,M,9.5495495495,4.7678435845e-02
2,0.5000000000,0.5000000000,0.0000000000,2.4166097335,M,9.6096096096,4.4823510252e-02
2,0.5000000000,0.5000000000,0.0000000000,2.4166097335,M,9.6696696697,4.2225113567e-02
2,0.5000000000,0.5000000000,0.0000000000,2.4166097335,M,9.7297297297,3.9854619129e-02
2,0.5000000000,0.5000000000,0.0000000000,2.4166097335,M,9.7897897898,3.7687390196e-02
2,0.5000000000,0.5000000000,0.0000000000,2.4166097335,M,9.8498498498,3.5702158201e-02
2,0.5000000000,0.5000000000,0.0000000000,2.4166097335,M,9.9099099099,3.3880514875e-02
2,0.5000000000,0.5000000000,0.0000000000,2.4166097335,M,9.9699699700,3.2206496259e-02
2,0.5000000000,0.5000000000,0.0000000000,2.4166097335,M,10.0300300300,3.0666241507e-02
2,0.5000000000,0.5000000000,0.0000000000,2.4166097335,M,10.0900900901,2.9247713246e-02
2,0.5000000000,0.5000000000,0.0000000000,2.4166097335,M,10.1501501502,2.7940469245e-02
2,0.5000000000,0.5000000000,0.0000000000,2.4166097335,M,10.2102102102,2.6735477578e-02
2,0.5000000000,0.5000000000,0.0000000000,2.4166097335,M,10.2702702703,2.5624969489e-02
2,0.5000000000,0.5000000000,0.0000000000,2.4166097335,M,10.3303303303,2.4602325927e-02
2,0.5000000000,0.5000000000,0.0000000000,2.4166097335,M,10.3903903904,2.3661995295e-02
2,0.5000000000,0.5000000000,0.0000000000,2.4166097335,M,10.4504504505,2.2799441571e-02
2,0.5000000000,0.5000000000,0.0000000000,2.4166097335,M,10.5105105105,2.2011123617e-02
2,0.5000000000,0.5000000000,0.0000000000,2.4166097335,M,10.5705705706,2.1294508464e-02
2,0.5000000000,0.5000000000,0.0000000000,2.4166097335,M,10.6306306306,2.0648123756e-02
2,0.5000000000,0.5000000000,0.0000000000,2.4166097335,M,10.6906906907,2.0071657685e-02
2,0.5000000000,0.5000000000,0.0000000000,2.4166097335,M,10.7507507508,1.9566118955e-02
2,0.5000000000,0.5000000000,0.0000000000,2.4166097335,M,10.8108108108,1.9134075116e-02
2,0.5000000000,0.5000000000,0.0000000000,2.4166097335,M,10.8708708709,1.8779995658e-02
2,0.5000000000,0.5000000000,0.0000000000,2.4166097335,M,10.9309309309,1.8510737287e-02
2,0.5000000000,0.5000000000,0.0000000000,2.4166097335,M,10.9909909910,1.8336223696e-02
2,0.5000000000,0.5000000000,0.0000000000,2.4166097335,M,11.0510510511,1.8270390944e-02
2,0.5000000000,0.5000000000,0.0000000000,2.4166097335,M,11.1111111111,1.8332490057e-02
2,0.5000000000,0.5000000000,0.0000000000,2.4166097335,M,11.1711711712,1.8548851303e-02
2,0.5000000000,0.5000000000,0.0000000000,2.4166097335,M,11.2312312312,1.8955190995e-02
2,0.5000000000,0.5000000000,0.0000000000,2.4166097335,M,11.2912912913,1.9599403468e-02
2,0.5000000000,0.5000000000,0.0000000000,2.4166097335,M,11.3513513514,2.0544329664e-02
2,0.5000000000,0.5000000000,0.0000000000,2.4166097335,M,11.4114114114,2.1868762584e-02
2,0.5000000000,0.5000000000,0.0000000000,2.4166097335,M,11.4714714715,2.3661965450e-02
2,0.5000000000,0.5000000000,0.0000000000,2.4166097335,M,11.5315315315,2.6000740504e-02
2,0.5000000000,0.5000000000,0.0000000000,2.4166097335,M,11.5915915916,2.8888549505e-02
2,0.5000000000,0.5000000000,0.0000000000,2.4166097335,M,11.6516516517,3.2134391660e-02
2,0.5000000000,0.5000000000,0.0000000000,2.4166097335,M,11.7117117117,3.5198139795e-02
2,0.5000000000,0.5000000000,0.0000000000,2.4166097335,M,11.7717717718,3.7181405177e-02
2,0.5000000000,0.5000000000,0.0000000000,2.4166097335,M,11.8318318318,3.7235607531e-02
2,0.5000000000,0.5000000000,0.0000000000,2.4166097335,M,11.8918918919,3.5217071260e-02
2,0.5000000000,0.5000000000,0.0000000000,2.4166097335,M,11.9519519520,3.1816716507e-02
2,0.5000000000,0.5000000000,0.0000000000,2.4166097335,M,12.0120120120,2.7982142508e-02
2,0.5000000000,0.5000000000,0.0000000000,2.4166097335,M,12.0720720721,2.4376915568e-02
2,0.5000000000,0.5000000000,0.0000000000,2.4166097335,M,12.1321321321,2.1283406955e-02
2,0.5000000000,0.5000000000,0.0000000000,2.4166097335,M,12.1921921922,1.8740819302e-02
2,0.5000000000,0.5000000000,0.0000000000,2.4166097335,M,12.2522522523,1.6684464912e-02
2,0.5000000000,0.5000000000,0.0000000000,2.4166097335,M,12.3123123123,1.5023557397e-02
2,0.5000000000,0.5000000000,0.0000000000,2.4166097335,M,12.3723723724,1.3673230149e-02
2,0.5000000000,0.5000000000,0.0000000000,2.4166097335,M,12.4324324324,1.2563829761e-02
2,0.5000000000,0.5000000000,0.0000000000,2.4166097335,M,12.4924924925,1.1641186822e-02
2,0.5000000000,0.5000000000,0.0000000000,2.4166097335,M,12.5525525526,1.0864099401e-02
2,0.5000000000,0.5000000000,0.0000000000,2.4166097335,M,12.6126126126,1.0201441586e-02
2,0.5000000000,0.5000000000,0.0000000000,2.4166097335,M,12.6726726727,9.6296699232e-03
2,0.5000000000,0.5000000000,0.0000000000,2.4166097335,M,12.7327327327,9.1308763435e-03
2,0.5000000000,0.5000000000,0.0000000000,2.4166097335,M,12.7927927928,8.6913309707e-03
2,0.5000000000,0.5000000000,0.0000000000,2.4166097335,M,12.8528528529,8.3004111003e-03
2,0.5000000000,0.5000000000,0.0000000000,2.4166097335,M,12.9129129129,7.9498186811e-03
2,0.5000000000,0.5000000000,0.0000000000,2.4166097335,M,12.9729729730,7.6330082374e-03
2,0.5000000000,0.5000000000,0.0000000000,2.4166097335,M,13.0330330330,7.3447668404e-03
2,0.5000000000,0.5000000000,0.0000000000,2.4166097335,M,13.0930930931,7.0809037473e-03
2,0.5000000000,0.5000000000,0.0000000000,2.4166097335,M,13.1531531532,6.8380193433e-03
2,0.5000000000,0.5000000000,0.0000000000,2.4166097335,M,13.2132132132,6.6133317236e-03
2,0.5000000000,0.5000000000,0.0000000000,2.4166097335,M,13.2732732733,6.4045454487e-03
2,0.5000000000,0.5000000000,0.0000000000,2.4166097335,M,13.3333333333,6.2097513825e-03
2,0.5000000000,0.5000000000,0.0000000000,2.4166097335,M,13.3933933934,6.0273496207e-03
2,0.5000000000,0.5000000000,0.0000000000,2.4166097335,M,13.4534534535,5.8559897072e-03
2,0.5000000000,0.5000000000,0.0000000000,2.4166097335,M,13.5135135135,5.6945238980e-03
2,0.5000000000,0.5000000000,0.0000000000,2.4166097335,M,13.5735735736,5.5419703491e-03
2,0.5000000000,0.5000000000,0.0000000000,2.4166097335,M,13.6336336336,5.3974839106e-03
2,0.5000000000,0.5000000000,0.0000000000,2.4166097335,M,13.6936936937,5.2603327935e-03
2,0.5000000000,0.5000000000,0.0000000000,2.4166097335,M,13.7537537538,5.1298798033e-03
2,0.5000000000,0.5000000000,0.0000000000,2.4166097335,M,13.8138138138,5.0055671496e-03
2,0.5000000000,0.5000000000,0.0000000000,2.4166097335,M,13.8738738739,4.8869040752e-03
2,0.5000000000,0.5000000000,0.0000000000,2.4166097335,M,13.9339339339,4.7734567204e-03
2,0.5000000000,0.5000000000,0.0000000000,2.4166097335,M,13.9939939940,4.6648397731e-03
2,0.5000000000,0.5000000000,0.0000000000,2.4166097335,M,14.0540540541,4.5607095514e-03
2,0.5000000000,0.5000000000,0.0000000000,2.4166097335,M,14.1141141141,4.4607582434e-03
2,0.5000000000,0.5000000000,0.0000000000,2.4166097335,M,14.1741741742,4.3647090868e-03
2,0.5000000000,0.5000000000,0.0000000000,2.4166097335,M,14.2342342342,4.2723123152e-03
2,0.5000000000,0.5000000000,0.0000000000,2.4166097335,M,14.2942942943,4.1833417329e-03
2,0.5000000000,0.5000000000,0.0000000000,2.4166097335,M,14.3543543544,4.0975918083e-03
2,0.5000000000,0.5000000000,0.0000000000,2.4166097335,M,14.4144144144,4.0148751971e-03
2,0.5000000000,0.5000000000,0.0000000000,2.4166097335,M,14.4744744745,3.9350206217e-03
2,0.5000000000,0.5000000000,0.0000000000,2.4166097335,M,14.5345345345,3.8578710497e-03
2,0.5000000000,0.5000000000,0.0000000000,2.4166097335,M,14.5945945946,3.7832821218e-03
2,0.5000000000,0.5000000000,0.0000000000,2.4166097335,M,14.6546546547,3.7111207922e-03
2,0.5000000000,0.5000000000,0.0000000000,2.4166097335,M,14.7147147147,3.6412641450e-03
2,0.5000000000,0.5000000000,0.0000000000,2.4166097335,M,14.7747747748,3.5735983641e-03
2,0.5000000000,0.5000000000,0.0000000000,2.4166097335,M,14.8348348348,3.5080178306e-03
2,0.5000000000,0.5000000000,0.0000000000,2.4166097335,M,14.8948948949,3.4444243313e-03
2,0.5000000000,0.5000000000,0.0000000000,2.4166097335,M,14.9549549550,3.3827263614e-03
2,0.5000000000,0.5000000000,0.0000000000,2.4166097335,M,15.0150150150,3.3228385087e-03
2,0.5000000000,0.5000000000,0.0000000000,2.4166097335,M,15.0750750751,3.2646809079e-03
2,0.5000000000,0.5000000000,0.0000000000,2.4166097335,M,15.1351351351,3.2081787564e-03
2,0.5000000000,0.5000000000,0.0000000000,2.4166097335,M,15.1951951952,3.1532618826e-03
2,0.5000000000,0.5000000000,0.0000000000,2.4166097335,M,15.2552552553,3.0998643601e-03
2,0.5000000000,0.5000000000,0.0000000000,2.4166097335,M,15.3153153153,3.0479241629e-03
2,0.5000000000,0.5000000000,0.0000000000,2.4166097335,M,15.3753753754,2.9973828551e-03
2,0.5000000000,0.5000000000,0.0000000000,2.4166097335,M,15.4354354354,2.9481853125e-03
2,0.5000000000,0.5000000000,0.0000000000,2.4166097335,M,15.4954954955,2.9002794708e-03
2,0.5000000000,0.5000000000,0.0000000000,2.4166097335,M,15.5555555556,2.8536160985e-03
2,0.5000000000,0.5000000000,0.0000000000,2.4166097335,M,15.6156156156,2.8081485908e-03
2,0.5000000000,0.5000000000,0.0000000000,2.4166097335,M,15.6756756757,2.7638327826e-03
2,0.5000000000,0.5000000000,0.0000000000,2.4166097335,M,15.7357357357,2.7206267790e-03
2,0.5000000000,0.5000000000,0.0000000000,2.4166097335,M,15.7957957958,2.6784907996e-03
2,0.5000000000,0.5000000000,0.0000000000,2.4166097335,M,15.8558558559,2.6373870375e-03
2,0.5000000000,0.5000000000,0.0000000000,2.4166097335,M,15.9159159159,2.5972795298e-03
2,0.5000000000,0.5000000000,0.0000000000,2.4166097335,M,15.9759759760,2.5581340387e-03
2,0.5000000000,0.5000000000,0.0000000000,2.4166097335,M,16.0360360360,2.5199179432e-03
2,0.5000000000,0.5000000000,0.0000000000,2.4166097335,M,16.0960960961,2.4826001384e-03
2,0.5000000000,0.5000000000,0.0000000000,2.4166097335,M,16.1561561562,2.4461509439e-03
2,0.5000000000,0.5000000000,0.0000000000,2.4166097335,M,16.2162162162,2.4105420183e-03
2,0.5000000000,0.5000000000,0.0000000000,2.4166097335,M,16.2762762763,2.3757462813e-03
2,0.5000000000,0.5000000000,0.0000000000,2.4166097335,M,16.3363363363,2.3417378409e-03
2,0.5000000000,0.5000000000,0.0000000000,2.4166097335,M,16.3963963964,2.3084919259e-03
2,0.5000000000,0.5000000000,0.0000000000,2.4166097335,M,16.4564564565,2.2759848244e-03
2,0.5000000000,0.5000000000,0.0000000000,2.4166097335,M,16.5165165165,2.2441938254e-03
2,0.5000000000,0.5000000000,0.0000000000,2.4166097335,M,16.5765765766,2.2130971655e-03
2,0.5000000000,0.5000000000,0.0000000000,2.4166097335,M,16.6366366366,2.1826739786e-03
2,0.5000000000,0.5000000000,0.0000000000,2.4166097335,M,16.6966966967,2.1529042501e-03
2,0.5000000000,0.5000000000,0.0000000000,2.4166097335,M,16.7567567568,2.1237687732e-03
2,0.5000000000,0.5000000000,0.0000000000,2.4166097335,M,16.8168168168,2.0952491087e-03
2,0.5000000000,0.5000000000,0.0000000000,2.4166097335,M,16.8768768769,2.0673275475e-03
2,0.5000000000,0.5000000000,0.0000000000,2.4166097335,M,16.9369369369,2.0399870757e-03
2,0.5000000000,0.5000000000,0.0000000000,2.4166097335,M,16.9969969970,2.0132113418e-03
2,0.5000000000,0.5000000000,0.0000000000,2.4166097335,M,17.0570570571,1.9869846261e-03
2,0.5000000000,0.5000000000,0.0000000000,2.4166097335,M,17.1171171171,1.9612918127e-03
2,0.5000000000,0.5000000000,0.0000000000,2.4166097335,M,17.1771771772,1.9361183627e-03
2,0.5000000000,0.5000000000,0.0000000000,2.4166097335,M,17.2372372372,1.9114502900e-03
2,0.5000000000,0.5000000000,0.0000000000,2.4166097335,M,17.2972972973,1.8872741379e-03
2,0.5000000000,0.5000000000,0.0000000000,2.4166097335,M,17.3573573574,1.8635769585e-03
2,0.5000000000,0.5000000000,0.0000000000,2.4166097335,M,17.4174174174,1.8403462929e-03
2,0.5000000000,0.5000000000,0.0000000000,2.4166097335,M,17.4774774775,1.8175701531e-03
2,0.5000000000,0.5000000000,0.0000000000,2.4166097335,M,17.5375375375,1.7952370060e-03
2,0.5000000000,0.5000000000,0.0000000000,2.4166097335,M,17.5975975976,1.7733357582e-03
2,0.5000000000,0.5000000000,0.0000000000,2.4166097335,M,17.6576576577,1.7518557430e-03
2,0.5000000000,0.5000000000,0.0000000000,2.4166097335,M,17.7177177177,1.7307867085e-03
2,0.5000000000,0.5000000000,0.0000000000,2.4166097335,M,17.7777777778,1.7101188077e-03
2,0.5000000000,0.5000000000,0.0000000000,2.4166097335,M,17.8378378378,1.6898425902e-03
2,0.5000000000,0.5000000000,0.0000000000,2.4166097335,M,17.8978978979,1.6699489958e-03
2,0.5000000000,0.5000000000,0.0000000000,2.4166097335,M,17.9579579580,1.6504293502e-03
2,0.5000000000,0.5000000000,0.0000000000,2.4166097335,M,18.0180180180,1.6312753629e-03
2,0.5000000000,0.5000000000,0.0000000000,2.4166097335,M,18.0780780781,1.6124791279e-03
2,0.5000000000,0.5000000000,0.0000000000,2.4166097335,M,18.1381381381,1.5940331267e-03
2,0.5000000000,0.5000000000,0.0000000000,2.4166097335,M,18.1981981982,1.5759302357e-03
2,0.5000000000,0.5000000000,0.0000000000,2.4166097335,M,18.2582582583,1.5581637364e-03
2,0.5000000000,0.5000000000,0.0000000000,2.4166097335,M,18.3183183183,1.5407273317e-03
2,0.5000000000,0.5000000000,0.0000000000,2.4166097335,M,18.3783783784,1.5236151667e-03
2,0.5000000000,0.5000000000,0.0000000000,2.4166097335,M,18.4384384384,1.5068218574e-03
2,0.5000000000,0.5000000000,0.0000000000,2.4166097335,M,18.4984984985,1.4903425272e-03
2,0.5000000000,0.5000000000,0.0000000000,2.4166097335,M,18.5585585586,1.4741728550e-03
2,0.5000000000,0.5000000000,0.0000000000,2.4166097335,M,18.6186186186,1.4583091357e-03
2,0.5000000000,0.5000000000,0.0000000000,2.4166097335,M,18.6786786787,1.4427483581e-03
2,0.5000000000,0.5000000000,0.0000000000,2.4166097335,M,18.7387387387,1.4274883039e-03
2,0.5000000000,0.5000000000,0.0000000000,2.4166097335,M,18.7987987988,1.4125276745e-03
2,0.5000000000,0.5000000000,0.0000000000,2.4166097335,M,18.8588588589,1.3978662528e-03
2,0.5000000000,0.5000000000,0.0000000000,2.4166097335,M,18.9189189189,1.3835051120e-03
2,0.5000000000,0.5000000000,0.0000000000,2.4166097335,M,18.9789789790,1.3694468847e-03
2,0.5000000000,0.5000000000,0.0000000000,2.4166097335,M,19.0390390390,1.3556961132e-03
2,0.5000000000,0.5000000000,0.0000000000,2.4166097335,M,19.0990990991,1.3422597074e-03
2,0.5000000000,0.5000000000,0.0000000000,2.4166097335,M,19.1591591592,1.3291475484e-03
2,0.5000000000,0.5000000000,0.0000000000,2.4166097335,M,19.2192192192,1.3163732891e-03
2,0.5000000000,0.5000000000,0.0000000000,2.4166097335,M,19.2792792793,1.3039554260e-03
2,0.5000000000,0.5000000000,0.0000000000,2.4166097335,M,19.3393393393,1.2919187420e-03
2,0.5000000000,0.5000000000,0.0000000000,2.4166097335,M,19.3993993994,1.2802962648e-03
2,0.5000000000,0.5000000000,0.0000000000,2.4166097335,M,19.4594594595,1.2691319391e-03
2,0.5000000000,0.5000000000,0.0000000000,2.4166097335,M,19.5195195195,1.2584842859e-03
2,0.5000000000,0.5000000000,0.0000000000,2.4166097335,M,19.5795795796,1.2484314116e-03
2,0.5000000000,0.5000000000,0.0000000000,2.4166097335,M,19.6396396396,1.2390778126e-03
2,0.5000000000,0.5000000000,0.0000000000,2.4166097335,M,19.6996996997,1.2305634263e-03
2,0.5000000000,0.5000000000,0.0000000000,2.4166097335,M,19.7597597598,1.2230750959e-03
2,0.5000000000,0.5000000000,0.0000000000,2.4166097335,M,19.8198198198,1.2168595047e-03
2,0.5000000000,0.5000000000,0.0000000000,2.4166097335,M,19.8798798799,1.2122333474e-03
2,0.5000000000,0.5000000000,0.0000000000,2.4166097335,M,19.9399399399,1.2095780392e-03
2,0.5000000000,0.5000000000,0.0000000000,2.4166097335,M,20.0000000000,1.2092869666e-03
3,0.0000000000,0.0000000000,0.0000000000,4.1254108636,G,-20.0000000000,8.5382266581e-04
3,0.0000000000,0.0000000000,0.0000000000,4.1254108636,G,-19.9399399399,8.5952109426e-04
3,0.0000000000,0.0000000000,0.0000000000,4.1254108636,G,-19.8798798799,8.6538310119e-04
3,0.0000000000,0.0000000000,0.0000000000,4.1254108636,G,-19.8198198198,8.7140374299e-04
3,0.0000000000,0.0000000000,0.0000000000,4.1254108636,G,-19.7597597598,8.7757877864e-04
3,0.0000000000,0.0000000000,0.0000000000,4.1254108636,G,-19.6996996997,8.8390459098e-04
3,0.0000000000,0.0000000000,0.0000000000,4.1254108636,G,-19.6396396396,8.9037811915e-04
3,0.0000000000,0.0000000000,0.0000000000,4.1254108636,G,-19.5795795796,8.9699680075e-04
3,0.0000000000,0.0000000000,0.0000000000,4.1254108636,G,-19.5195195195,9.0375852205e-04
3,0.0000000000,0.0000000000,0.0000000000,4.1254108636,G,-19.4594594595,9.1066157544e-04
3,0.0000000000,0.0000000000,0.0000000000,4.1254108636,G,-19.3993993994,9.1770462297e-04
3,0.0000000000,0.0000000000,0.0000000000,4.1254108636,G,-19.3393393393,9.2488666533e-04
3,0.0000000000,0.0000000000,0.0000000000,4.1254108636,G,-19.2792792793,9.3220701578e-04
3,0.0000000000,0.0000000000,0.0000000000,4.1254108636,G,-19.2192192192,9.3966527838e-04
3,0.0000000000,0.0000000000,0.0000000000,4.1254108636,G,-19.1591591592,9.4726133045e-04
3,0.0000000000,0.0000000000,0.0000000000,4.1254108636,G,-19.0990990991,9.5499530891e-04
3,0.0000000000,0.0000000000,0.0000000000,4.1254108636,G,-19.0390390390,9.6286760064e-04
3,0.0000000000,0.0000000000,0.0000000000,4.1254108636,G,-18.9789789790,9.7087883679e-04
3,0.0000000000,0.0000000000,0.0000000000,4.1254108636,G,-18.9189189189,9.7902989162e-04
3,0.0000000000,0.0000000000,0.0000000000,4.1254108636,G,-18.8588588589,9.8732188628e-04
3,0.0000000000,0.0000000000,0.0000000000,4.1254108636,G,-18.7987987988,9.9575619850e-04
3,0.0000000000,0.0000000000,0.0000000000,4.1254108636,G,-18.7387387387,1.0043344795e-03
3,0.0000000000,0.0000000000,0.0000000000,4.1254108636,G,-18.6786786787,1.0130586801e-03
3,0.0000000000,0.0000000000,0.0000000000,4.1254108636,G,-18.6186186186,1.0219310889e-03
3,0.0000000000,0.0000000000,0.0000000000,4.1254108636,G,-18.5585585586,1.0309543859e-03
3,0.0000000000,0.0000000000,0.0000000000,4.1254108636,G,-18.4984984985,1.0401317180e-03
3,0.0000000000,0.0000000000,0.0000000000,4.1254108636,G,-18.4384384384,1.0494668037e-03
3,0.0000000000,0.0000000000,0.0000000000,4.1254108636,G,-18.3783783784,1.0589640775e-03
3,0.0000000000,0.0000000000,0.0000000000,4.1254108636,G,-18.3183183183,1.0686288898e-03
3,0.0000000000,0.0000000000,0.0000000000,4.1254108636,G,-18.2582582583,1.0784677830e-03
3,0.0000000000,0.0000000000,0.0000000000,4.1254108636,G,-18.1981981982,1.0884888667e-03
3,0.0000000000,0.0000000000,0.0000000000,4.1254108636,G,-18.1381381381,1.0987023205e-03
3,0.0000000000,0.0000000000,0.0000000000,4.1254108636,G,-18.0780780781,1.1091210347e-03
3,0.0000000000,0.0000000000,0.0000000000,4.1254108636,G,-18.0180180180,1.1197613440e-03
3,0.0000000000,0.0000000000,0.0000000000,4.1254108636,G,-17.9579579580,1.1306436370e-03
3,0.0000000000,0.0000000000,0.0000000000,4.1254108636,G,-17.8978978979,1.1417921755e-03
3,0.0000000000,0.0000000000,0.0000000000,4.1254108636,G,-17.8378378378,1.1532324262e-03
3,0.0000000000,0.0000000000,0.0000000000,4.1254108636,G,-17.7777777778,1.1649822337e-03
3,0.0000000000,0.0000000000,0.0000000000,4.1254108636,G,-17.7177177177,1.1770308687e-03
3,0.0000000000,0.0000000000,0.0000000000,4.1254108636,G,-17.6576576577,1.1893026901e-03
3,0.0000000000,0.0000000000,0.0000000000,4.1254108636,G,-17.5975975976,1.2016242763e-03
3,0.0000000000,0.0000000000,0.0000000000,4.1254108636,G,-17.5375375375,1.2137575106e-03
3,0.0000000000,0.0000000000,0.0000000000,4.1254108636,G,-17.4774774775,1.2255441390e-03
3,0.0000000000,0.0000000000,0.0000000000,4.1254108636,G,-17.4174174174,1.2370430445e-03
3,0.0000000000,0.0000000000,0.0000000000,4.1254108636,G,-17.3573573574,1.2484801573e-03
3,0.0000000000,0.0000000000,0.0000000000,4.1254108636,G,-17.2972972973,1.2600811029e-03
3,0.0000000000,0.0000000000,0.0000000000,4.1254108636,G,-17.2372372372,1.2719777587e-03
3,0.0000000000,0.0000000000,0.0000000000,4.1254108636,G,-17.1771771772,1.2842165161e-03
3,0.0000000000,0.0000000000,0.0000000000,4.1254108636,G,-17.1171171171,1.2967977799e-03
3,0.0000000000,0.0000000000,0.0000000000,4.1254108636,G,-17.0570570571,1.3097053009e-03
3,0.0000000000,0.0000000000,0.0000000000,4.1254108636,G,-16.9969969970,1.3229205411e-03
3,0.0000000000,0.0000000000,0.0000000000,4.1254108636,G,-16.9369369369,1.3364279494e-03
3,0.0000000000,0.0000000000,0.0000000000,4.1254108636,G,-16.8768768769,1.3502161354e-03
3,0.0000000000,0.0000000000,0.0000000000,4.1254108636,G,-16.8168168168,1.3642775474e-03
3,0.0000000000,0.0000000000,0.0000000000,4.1254108636,G,-16.7567567568,1.3786077596e-03
3,0.0000000000,0.0000000000,0.0000000000,4.1254108636,G,-16.6966966967,1.3932047737e-03
3,0.0000000000,0.0000000000,0.0000000000,4.1254108636,G,-16.6366366366,1.4080684452e-03
3,0.0000000000,0.0000000000,0.0000000000,4.1254108636,G,-16.5765765766,1.4232000473e-03
3,0.0000000000,0.0000000000,0.0000000000,4.1254108636,G,-16.5165165165,1.4386019479e-03
3,0.0000000000,0.0000000000,0.0000000000,4.1254108636,G,-16.4564564565,1.4542773752e-03
3,0.0000000000,0.0000000000,0.0000000000,4.1254108636,G,-16.3963963964,1.4702302472e-03
3,0.0000000000,0.0000000000,0.0000000000,4.1254108636,G,-16.3363363363,1.4864650497e-03
3,0.0000000000,0.0000000000,0.0000000000,4.1254108636,G,-16.2762762763,1.5029867471e-03
3,0.0000000000,0.0000000000,0.0000000000,4.1254108636,G,-16.2162162162,1.5198007186e-03
3,0.0000000000,0.0000000000,0.0000000000,4.1254108636,G,-16.1561561562,1.5369127122e-03
3,0.0000000000,0.0000000000,0.0000000000,4.1254108636,G,-16.0960960961,1.5543288117e-03
3,0.0000000000,0.0000000000,0.0000000000,4.1254108636,G,-16.0360360360,1.5720554137e-03
3,0.0000000000,0.0000000000,0.0000000000,4.1254108636,G,-15.9759759760,1.5900992117e-03
3,0.0000000000,0.0000000000,0.0000000000,4.1254108636,G,-15.9159159159,1.6084671856e-03
3,0.0000000000,0.0000000000,0.0000000000,4.1254108636,G,-15.8558558559,1.6271665959e-03
3,0.0000000000,0.0000000000,0.0000000000,4.1254108636,G,-15.7957957958,1.6462049807e-03
3,0.0000000000,0.0000000000,0.0000000000,4.1254108636,G,-15.7357357357,1.6655901552e-03
3,0.0000000000,0.0000000000,0.0000000000,4.1254108636,G,-15.6756756757,1.6853302142e-03
3,0.0000000000,0.0000000000,0.0000000000,4.1254108636,G,-15.6156156156,1.7054335353e-03
3,0.0000000000,0.0000000000,0.0000000000,4.1254108636,G,-15.5555555556,1.7259087839e-03
3,0.0000000000,0.0000000000,0.0000000000,4.1254108636,G,-15.4954954955,1.7467649197e-03
3,0.0000000000,0.0000000000,0.0000000000,4.1254108636,G,-15.4354354354,1.7680112041e-03
3,0.0000000000,0.0000000000,0.0000000000,4.1254108636,G,-15.3753753754,1.7896572083e-03
3,0.0000000000,0.0000000000,0.0000000000,4.1254108636,G,-15.3153153153,1.8117128229e-03
3,0.0000000000,0.0000000000,0.0000000000,4.1254108636,G,-15.2552552553,1.8341882677e-03
3,0.0000000000,0.0000000000,0.0000000000,4.1254108636,G,-15.1951951952,1.8570941028e-03
3,0.0000000000,0.0000000000,0.0000000000,4.1254108636,G,-15.1351351351,1.8804412402e-03
3,0.0000000000,0.0000000000,0.0000000000,4.1254108636,G,-15.0750750751,1.9042409564e-03
3,0.0000000000,0.0000000000,0.0000000000,4.1254108636,G,-15.0150150150,1.9285049055e-03
3,0.0000000000,0.0000000000,0.0000000000,4.1254108636,G,-14.9549549550,1.9532451331e-03
3,0.0000000000,0.0000000000,0.0000000000,4.1254108636,G,-14.8948948949,1.9784740914e-03
3,0.0000000000,0.0000000000,0.0000000000,4.1254108636,G,-14.8348348348,2.0042046547e-03
3,0.0000000000,0.0000000000,0.0000000000,4.1254108636,G,-14.7747747748,2.0304501356e-03
3,0.0000000000,0.0000000000,0.0000000000,4.1254108636,G,-14.7147147147,2.0572243029e-03
3,0.0000000000,0.0000000000,0.0000000000,4.1254108636,G,-14.6546546547,2.0845413993e-03
3,0.0000000000,0.0000000000,0.0000000000,4.1254108636,G,-14.5945945946,2.1124161608e-03
3,0.0000000000,0.0000000000,0.0000000000,4.1254108636,G,-14.5345345345,2.1408638371e-03
3,0.0000000000,0.0000000000,0.0000000000,4.1254108636,G,-14.4744744745,2.1699002124e-03
3,0.0000000000,0.0000000000,0.0000000000,4.1254108636,G,-14.4144144144,2.1995416280e-03
3,0.0000000000,0.0000000000,0.0000000000,4.1254108636,G,-14.3543543544,2.2298050058e-03
3,0.0000000000,0.0000000000,0.0000000000,4.1254108636,G,-14.2942942943,2.2607078727e-03
3,0.0000000000,0.0000000000,0.0000000000,4.1254108636,G,-14.2342342342,2.2922683872e-03
3,0.0000000000,0.0000000000,0.0000000000,4.1254108636,G,-14.1741741742,2.3245053660e-03
3,0.0000000000,0.0000000000,0.0000000000,4.1254108636,G,-14.1141141141,2.3574383132e-03
3,0.0000000000,0.0000000000,0.0000000000,4.1254108636,G,-14.0540540541,2.3910874506e-03
3,0.0000000000,0.0000000000,0.0000000000,4.1254108636,G,-13.9939939940,2.4254737494e-03
3,0.0000000000,0.0000000000,0.0000000000,4.1254108636,G,-13.9339339339,2.4606189639e-03
3,0.0000000000,0.0000000000,0.0000000000,4.1254108636,G,-13.8738738739,2.4965456671e-03
3,0.0000000000,0.0000000000,0.0000000000,4.1254108636,G,-13.8138138138,2.5332772879e-03
3,0.0000000000,0.0000000000,0.0000000000,4.1254108636,G,-13.7537537538,2.5708381505e-03
3,0.0000000000,0.0000000000,0.0000000000,4.1254108636,G,-13.6936936937,2.6092535159e-03
3,0.0000000000,0.0000000000,0.0000000000,4.1254108636,G,-13.6336336336,2.6485496259e-03
3,0.0000000000,0.0000000000,0.0000000000,4.1254108636,G,-13.5735735736,2.6887537494e-03
3,0.0000000000,0.0000000000,0.0000000000,4.1254108636,G,-13.5135135135,2.7298942316e-03
3,0.0000000000,0.0000000000,0.0000000000,4.1254108636,G,-13.4534534535,2.7720005453e-03
3,0.0000000000,0.0000000000,0.0000000000,4.1254108636,G,-13.3933933934,2.8151033460e-03
3,0.0000000000,0.0000000000,0.0000000000,4.1254108636,G,-13.3333333333,2.8592345297e-03
3,0.0000000000,0.0000000000,0.0000000000,4.1254108636,G,-13.2732732733,2.9044272942e-03
3,0.0000000000,0.0000000000,0.0000000000,4.1254108636,G,-13.2132132132,2.9507162042e-03
3,0.0000000000,0.0000000000,0.0000000000,4.1254108636,G,-13.1531531532,2.9981372599e-03
3,0.0000000000,0.0000000000,0.0000000000,4.1254108636,G,-13.0930930931,3.0467279702e-03
3,0.0000000000,0.0000000000,0.0000000000,4.1254108636,G,-13.0330330330,3.0965274302e-03
3,0.0000000000,0.0000000000,0.0000000000,4.1254108636,G,-12.9729729730,3.1475764030e-03
3,0.0000000000,0.0000000000,0.0000000000,4.1254108636,G,-12.9129129129,3.1999174076e-03
3,0.0000000000,0.0000000000,0.0000000000,4.1254108636,G,-12.8528528529,3.2535948112e-03
3,0.0000000000,0.0000000000,0.0000000000,4.1254108636,G,-12.7927927928,3.3086549282e-03
3,0.0000000000,0.0000000000,0.0000000000,4.1254108636,G,-12.7327327327,3.3651461252e-03
3,0.0000000000,0.0000000000,0.0000000000,4.1254108636,G,-12.6726726727,3.4231189329e-03
3,0.0000000000,0.0000000000,0.0000000000,4.1254108636,G,-12.6126126126,3.4826261653e-03
3,0.0000000000,0.0000000000,0.0000000000,4.1254108636,G,-12.5525525526,3.5437230467e-03
3,0.0000000000,0.0000000000,0.0000000000,4.1254108636,G,-12.4924924925,3.6064673477e-03
3,0.0000000000,0.0000000000,0.0000000000,4.1254108636,G,-12.4324324324,3.6709195298e-03
3,0.0000000000,0.0000000000,0.0000000000,4.1254108636,G,-12.3723723724,3.7371429003e-03
3,0.0000000000,0.0000000000,0.0000000000,4.1254108636,G,-12.3123123123,3.8052037784e-03
3,0.0000000000,0.0000000000,0.0000000000,4.1254108636,G,-12.2522522523,3.8751716719e-03
3,0.0000000000,0.0000000000,0.0000000000,4.1254108636,G,-12.1921921922,3.9471194676e-03
3,0.0000000000,0.0000000000,0.0000000000,4.1254108636,G,-12.1321321321,4.0211236352e-03
3,0.0000000000,0.0000000000,0.0000000000,4.1254108636,G,-12.0720720721,4.0972644458e-03
3,0.0000000000,0.0000000000,0.0000000000,4.1254108636,G,-12.0120120120,4.1756262069e-03
3,0.0000000000,0.0000000000,0.0000000000,4.1254108636,G,-11.9519519520,4.2562975151e-03
3,0.0000000000,0.0000000000,0.0000000000,4.1254108636,G,-11.8918918919,4.3393715282e-03
3,0.0000000000,0.0000000000,0.0000000000,4.1254108636,G,-11.8318318318,4.4249462585e-03
3,0.0000000000,0.0000000000,0.0000000000,4.1254108636,G,-11.7717717718,4.5131248885e-03
3,0.0000000000,0.0000000000,0.0000000000,4.1254108636,G,-11.7117117117,4.6040161129e-03
3,0.0000000000,0.0000000000,0.0000000000,4.1254108636,G,-11.6516516517,4.6977345076e-03
3,0.0000000000,0.0000000000,0.0000000000,4.1254108636,G,-11.5915915916,4.7944009296e-03
3,0.0000000000,0.0000000000,0.0000000000,4.1254108636,G,-11.5315315315,4.8941429499e-03
3,0.0000000000,0.0000000000,0.0000000000,4.1254108636,G,-11.4714714715,4.9970953238e-03
3,0.0000000000,0.0000000000,0.0000000000,4.1254108636,G,-11.4114114114,5.1034005023e-03
3,0.0000000000,0.0000000000,0.0000000000,4.1254108636,G,-11.3513513514,5.2132091874e-03
3,0.0000000000,0.0000000000,0.0000000000,4.1254108636,G,-11.2912912913,5.3266809391e-03
3,0.0000000000,0.0000000000,0.0000000000,4.1254108636,G,-11.2312312312,5.4439848369e-03
3,0.0000000000,0.0000000000,0.0000000000,4.1254108636,G,-11.1711711712,5.5653002030e-03
3,0.0000000000,0.0000000000,0.0000000000,4.1254108636,G,-11.1111111111,5.6908173956e-03
3,0.0000000000,0.0000000000,0.0000000000,4.1254108636,G,-11.0510510511,5.8207386779e-03
3,0.0000000000,0.0000000000,0.0000000000,4.1254108636,G,-10.9909909910,5.9552791747e-03
3,0.0000000000,0.0000000000,0.0000000000,4.1254108636,G,-10.9309309309,6.0946679256e-03
3,0.0000000000,0.0000000000,0.0000000000,4.1254108636,G,-10.8708708709,6.2391490474e-03
3,0.0000000000,0.0000000000,0.0000000000,4.1254108636,G,-10.8108108108,6.3889830206e-03
3,0.0000000000,0.0000000000,0.0000000000,4.1254108636,G,-10.7507507508,6.5444481150e-03
3,0.0000000000,0.0000000000,0.0000000000,4.1254108636,G,-10.6906906907,6.7058419757e-03
3,0.0000000000,0.0000000000,0.0000000000,4.1254108636,G,-10.6306306306,6.8734833886e-03
3,0.0000000000,0.0000000000,0.0000000000,4.1254108636,G,-10.5705705706,7.0477142551e-03
3,0.0000000000,0.0000000000,0.0000000000,4.1254108636,G,-10.5105105105,7.2289018033e-03
3,0.0000000000,0.0000000000,0.0000000000,4.1254108636,G,-10.4504504505,7.4174410744e-03
3,0.0000000000,0.0000000000,0.0000000000,4.1254108636,G,-10.3903903904,7.6137577255e-03
3,0.0000000000,0.0000000000,0.0000000000,4.1254108636,G,-10.3303303303,7.8183112010e-03
3,0.0000000000,0.0000000000,0.0000000000,4.1254108636,G,-10.2702702703,8.0315983332e-03
3,0.0000000000,0.0000000000,0.0000000000,4.1254108636,G,-10.2102102102,8.2541574455e-03
3,0.0000000000,0.0000000000,0.0000000000,4.1254108636,G,-10.1501501502,8.4865730476e-03
3,0.0000000000,0.0000000000,0.0000000000,4.1254108636,G,-10.0900900901,8.7294812306e-03
3,0.0000000000,0.0000000000,0.0000000000,4.1254108636,G,-10.0300300300,8.9835758929e-03
3,0.0000000000,0.0000000000,0.0000000000,4.1254108636,G,-9.9699699700,9.2496159607e-03
3,0.0000000000,0.0000000000,0.0000000000,4.1254108636,G,-9.9099099099,9.5284338023e-03
3,0.0000000000,0.0000000000,0.0000000000,4.1254108636,G,-9.8498498498,9.8209450844e-03
3,0.0000000000,0.0000000000,0.0000000000,4.1254108636,G,-9.7897897898,1.0128160385e-02
3,0.0000000000,0.0000000000,0.0000000000,4.1254108636,G,-9.7297297297,1.0451198950e-02
3,0.0000000000,0.0000000000,0.0000000000,4.1254108636,G,-9.6696696697,1.0791305100e-02
3,0.0000000000,0.0000000000,0.0000000000,4.1254108636,G,-9.6096096096,1.1149867910e-02
3,0.0000000000,0.0000000000,0.0000000000,4.1254108636,G,-9.5495495495,1.1528444993e-02
3,0.0000000000,0.0000000000,0.0000000000,4.1254108636,G,-9.4894894895,1.1928791433e-02
3,0.0000000000,0.0000000000,0.0000000000,4.1254108636,G,-9.4294294294,1.2352895263e-02
3,0.0000000000,0.0000000000,0.0000000000,4.1254108636,G,-9.3693693694,1.2803021295e-02
3,0.0000000000,0.0000000000,0.0000000000,4.1254108636,G,-9.3093093093,1.3281765719e-02
3,0.0000000000,0.0000000000,0.0000000000,4.1254108636,G,-9.2492492492,1.3792124705e-02
3,0.0000000000,0.0000000000,0.0000000000,4.1254108636,G,-9.1891891892,1.4337581345e-02
3,0.0000000000,0.0000000000,0.0000000000,4.1254108636,G,-9.1291291291,1.4922216852e-02
3,0.0000000000,0.0000000000,0.0000000000,4.1254108636,G,-9.0690690691,1.5550854121e-02
3,0.0000000000,0.0000000000,0.0000000000,4.1254108636,G,-9.0090090090,1.6229244812e-02
3,0.0000000000,0.0000000000,0.0000000000,4.1254108636,G,-8.9489489489,1.6964315493e-02
3,0.0000000000,0.0000000000,0.0000000000,4.1254108636,G,-8.8888888889,1.7764494497e-02
3,0.0000000000,0.0000000000,0.0000000000,4.1254108636,G,-8.8288288288,1.8640149816e-02
3,0.0000000000,0.0000000000,0.0000000000,4.1254108636,G,-8.7687687688,1.9604180393e-02
3,0.0000000000,0.0000000000,0.0000000000,4.1254108636,G,-8.7087087087,2.0672819452e-02
3,0.0000000000,0.0000000000,0.0000000000,4.1254108636,G,-8.6486486486,2.1866729277e-02
3,0.0000000000,0.0000000000,0.0000000000,4.1254108636,G,-8.5885885886,2.3212489774e-02
3,0.0000000000,0.0000000000,0.0000000000,4.1254108636,G,-8.5285285285,2.4744598395e-02
3,0.0000000000,0.0000000000,0.0000000000,4.1254108636,G,-8.4684684685,2.6508076035e-02
3,0.0000000000,0.0000000000,0.0000000000,4.1254108636,G,-8.4084084084,2.8561629011e-02
3,0.0000000000,0.0000000000,0.0000000000,4.1254108636,G,-8.3483483483,3.0980839124e-02
3,0.0000000000,0.0000000000,0.0000000000,4.1254108636,G,-8.2882882883,3.3859540750e-02
3,0.0000000000,0.0000000000,0.0000000000,4.1254108636,G,-8.2282282282,3.7304342239e-02
3,0.0000000000,0.0000000000,0.0000000000,4.1254108636,G,-8.1681681682,4.1410494418e-02
3,0.0000000000,0.0000000000,0.0000000000,4.1254108636,G,-8.1081081081,4.6196729830e-02
3,0.0000000000,0.0000000000,0.0000000000,4.1254108636,G,-8.0480480480,5.1473542466e-02
3,0.0000000000,0.0000000000,0.0000000000,4.1254108636,G,-7.9879879880,5.6669584636e-02
3,0.0000000000,0.0000000000,0.0000000000,4.1254108636,G,-7.9279279279,6.0806051169e-02
3,0.0000000000,0.0000000000,0.0000000000,4.1254108636,G,-7.8678678679,6.2927304593e-02
3,0.0000000000,0.0000000000,0.0000000000,4.1254108636,G,-7.8078078078,6.2837314592e-02
3,0.0000000000,0.0000000000,0.0000000000,4.1254108636,G,-7.7477477477,6.1289306660e-02
3,0.0000000000,0.0000000000,0.0000000000,4.1254108636,G,-7.6876876877,5.9363106527e-02
3,0.0000000000,0.0000000000,0.0000000000,4.1254108636,G,-7.6276276276,5.7841621937e-02
3,0.0000000000,0.0000000000,0.0000000000,4.1254108636,G,-7.5675675676,5.7081271606e-02
3,0.0000000000,0.0000000000,0.0000000000,4.1254108636,G,-7.5075075075,5.7161576217e-02
3,0.0000000000,0.0000000000,0.0000000000,4.1254108636,G,-7.4474474474,5.8044173452e-02
3,0.0000000000,0.0000000000,0.0000000000,4.1254108636,G,-7.3873873874,5.9663714187e-02
3,0.0000000000,0.0000000000,0.0000000000,4.1254108636,G,-7.3273273273,6.1966457063e-02
3,0.0000000000,0.0000000000,0.0000000000,4.1254108636,G,-7.2672672673,6.4922699240e-02
3,0.0000000000,0.0000000000,0.0000000000,4.1254108636,G,-7.2072072072,6.8528929105e-02
3,0.0000000000,0.0000000000,0.0000000000,4.1254108636,G,-7.1471471471,7.2807055979e-02
3,0.0000000000,0.0000000000,0.0000000000,4.1254108636,G,-7.0870870871,7.7803668906e-02
3,0.0000000000,0.0000000000,0.0000000000,4.1254108636,G,-7.0270270270,8.3590404043e-02
3,0.0000000000,0.0000000000,0.0000000000,4.1254108636,G,-6.9669669670,9.0265824042e-02
3,0.0000000000,0.0000000000,0.0000000000,4.1254108636,G,-6.9069069069,9.7959048133e-02
3,0.0000000000,0.0000000000,0.0000000000,4.1254108636,G,-6.8468468468,1.0683542400e-01
3,0.0000000000,0.0000000000,0.0000000000,4.1254108636,G,-6.7867867868,1.1710469237e-01
3,0.0000000000,0.0000000000,0.0000000000,4.1254108636,G,-6.7267267267,1.2903233530e-01
3,0.0000000000,0.0000000000,0.0000000000,4.1254108636,G,-6.6666666667,1.4295513060e-01
3,0.0000000000,0.0000000000,0.0000000000,4.1254108636,G,-6.6066066066,1.5930238976e-01
3,0.0000000000,0.0000000000,0.0000000000,4.1254108636,G,-6.5465465465,1.7862498201e-01
3,0.0000000000,0.0000000000,0.0000000000,4.1254108636,G,-6.4864864865,2.0163509666e-01
3,0.0000000000,0.0000000000,0.0000000000,4.1254108636,G,-6.4264264264,2.2926080283e-01
3,0.0000000000,0.0000000000,0.0000000000,4.1254108636,G,-6.3663663664,2.6272077681e-01
3,0.0000000000,0.0000000000,0.0000000000,4.1254108636,G,-6.3063063063,3.0362573067e-01
3,0.0000000000,0.0000000000,0.0000000000,4.1254108636,G,-6.2462462462,3.5411292434e-01
3,0.0000000000,0.0000000000,0.0000000000,4.1254108636,G,-6.1861861862,4.1701535889e-01
3,0.0000000000,0.0000000000,0.0000000000,4.1254108636,G,-6.1261261261,4.9604917814e-01
3,0.0000000000,0.0000000000,0.0000000000,4.1254108636,G,-6.0660660661,5.9595036207e-01
3,0.0000000000,0.0000000000,0.0000000000,4.1254108636,G,-6.0060060060,7.2235818219e-01
3,0.0000000000,0.0000000000,0.0000000000,4.1254108636,G,-5.9459459459,8.8094259183e-01
3,0.0000000000,0.0000000000,0.0000000000,4.1254108636,G,-5.8858858859,1.0747275985e+00
3,0.0000000000,0.0000000000,0.0000000000,4.1254108636,G,-5.8258258258,1.2980479702e+00
3,0.0000000000,0.0000000000,0.0000000000,4.1254108636,G,-5.7657657658,1.5268211732e+00
3,0.0000000000,0.0000000000,0.0000000000,4.1254108636,G,-5.7057057057,1.7117253685e+00
3,0.0000000000,0.0000000000,0.0000000000,4.1254108636,G,-5.6456456456,1.7916048527e+00
3,0.0000000000,0.0000000000,0.0000000000,4.1254108636,G,-5.5855855856,1.7336310274e+00
3,0.0000000000,0.0000000000,0.0000000000,4.1254108636,G,-5.5255255255,1.5620053472e+00
3,0.0000000000,0.0000000000,0.0000000000,4.1254108636,G,-5.4654654655,1.3363819525e+00
3,0.0000000000,0.0000000000,0.0000000000,4.1254108636,G,-5.4054054054,1.1097893778e+00
3,0.0000000000,0.0000000000,0.0000000000,4.1254108636,G,-5.3453453453,9.1030304532e-01
3,0.0000000000,0.0000000000,0.0000000000,4.1254108636,G,-5.2852852853,7.4590147577e-01
3,0.0000000000,0.0000000000,0.0000000000,4.1254108636,G,-5.2252252252,6.1446867118e-01
3,0.0000000000,0.0000000000,0.0000000000,4.1254108636,G,-5.1651651652,5.1051720318e-01
3,0.0000000000,0.0000000000,0.0000000000,4.1254108636,G,-5.1051051051,4.2830976574e-01
3,0.0000000000,0.0000000000,0.0000000000,4.1254108636,G,-5.0450450450,3.6294009227e-01
3,0.0000000000,0.0000000000,0.0000000000,4.1254108636,G,-4.9849849850,3.1052842132e-01
3,0.0000000000,0.0000000000,0.0000000000,4.1254108636,G,-4.9249249249,2.6810726016e-01
3,0.0000000000,0.0000000000,0.0000000000,4.1254108636,G,-4.8648648649,2.3343534099e-01
3,0.0000000000,0.0000000000,0.0000000000,4.1254108636,G,-4.8048048048,2.0482340662e-01
3,0.0000000000,0.0000000000,0.0000000000,4.1254108636,G,-4.7447447447,1.8099375170e-01
3,0.0000000000,0.0000000000,0.0000000000,4.1254108636,G,-4.6846846847,1.6097363137e-01
3,0.0000000000,0.0000000000,0.0000000000,4.1254108636,G,-4.6246246246,1.4401647946e-01
3,0.0000000000,0.0000000000,0.0000000000,4.1254108636,G,-4.5645645646,1.2954427600e-01
3,0.0000000000,0.0000000000,0.0000000000,4.1254108636,G,-4.5045045045,1.1710546247e-01
3,0.0000000000,0.0000000000,0.0000000000,4.1254108636,G,-4.4444444444,1.0634412166e-01
3,0.0000000000,0.0000000000,0.0000000000,4.1254108636,G,-4.3843843844,9.6977281882e-02
3,0.0000000000,0.0000000000,0.0000000000,4.1254108636,G,-4.3243243243,8.8778086348e-02
3,0.0000000000,0.0000000000,0.0000000000,4.1254108636,G,-4.2642642643,8.1563214475e-02
3,0.0000000000,0.0000000000,0.0000000000,4.1254108636,G,-4.2042042042,7.5183404276e-02
3,0.0000000000,0.0000000000,0.0000000000,4.1254108636,G,-4.1441441441,6.9516252362e-02
3,0.0000000000,0.0000000000,0.0000000000,4.1254108636,G,-4.0840840841,6.4460699593e-02
3,0.0000000000,0.0000000000,0.0000000000,4.1254108636,G,-4.0240240240,5.9932774043e-02
3,0.0000000000,0.0000000000,0.0000000000,4.1254108636,G,-3.9639639640,5.5862279207e-02
3,0.0000000000,0.0000000000,0.0000000000,4.1254108636,G,-3.9039039039,5.2190198388e-02
3,0.0000000000,0.0000000000,0.0000000000,4.1254108636,G,-3.8438438438,4.8866645839e-02
3,0.0000000000,0.0000000000,0.0000000000,4.1254108636,G,-3.7837837838,4.5849238434e-02
3,0.0000000000,0.0000000000,0.0000000000,4.1254108636,G,-3.7237237237,4.3101793086e-02
3,0.0000000000,0.0000000000,0.0000000000,4.1254108636,G,-3.6636636637,4.0593278243e-02
3,0.0000000000,0.0000000000,0.0000000000,4.1254108636,G,-3.6036036036,3.8296964865e-02
3,0.0000000000,0.0000000000,0.0000000000,4.1254108636,G,-3.5435435435,3.6189735030e-02
3,0.0000000000,0.0000000000,0.0000000000,4.1254108636,G,-3.4834834835,3.4251515848e-02
3,0.0000000000,0.0000000000,0.0000000000,4.1254108636,G,-3.4234234234,3.2464813559e-02
3,0.0000000000,0.0000000000,0.0000000000,4.1254108636,G,-3.3633633634,3.0814328216e-02
3,0.0000000000,0.0000000000,0.0000000000,4.1254108636,G,-3.3033033033,2.9286633480e-02
3,0.0000000000,0.0000000000,0.0000000000,4.1254108636,G,-3.2432432432,2.7869909350e-02
3,0.0000000000,0.0000000000,0.0000000000,4.1254108636,G,-3.1831831832,2.6553718093e-02
3,0.0000000000,0.0000000000,0.0000000000,4.1254108636,G,-3.1231231231,2.5328815636e-02
3,0.0000000000,0.0000000000,0.0000000000,4.1254108636,G,-3.0630630631,2.4186992168e-02
3,0.0000000000,0.0000000000,0.0000000000,4.1254108636,G,-3.0030030030,2.3120936915e-02
3,0.0000000000,0.0000000000,0.0000000000,4.1254108636,G,-2.9429429429,2.2124123026e-02
3,0.0000000000,0.0000000000,0.0000000000,4.1254108636,G,-2.8828828829,2.1190709213e-02
3,0.0000000000,0.0000000000,0.0000000000,4.1254108636,G,-2.8228228228,2.0315455444e-02
3,0.0000000000,0.0000000000,0.0000000000,4.1254108636,G,-2.7627627628,1.9493650444e-02
3,0.0000000000,0.0000000000,0.0000000000,4.1254108636,G,-2.7027027027,1.8721049155e-02
3,0.0000000000,0.0000000000,0.0000000000,4.1254108636,G,-2.6426426426,1.7993818632e-02
3,0.0000000000,0.0000000000,0.0000000000,4.1254108636,G,-2.5825825826,1.7308491097e-02
3,0.0000000000,0.0000000000,0.0000000000,4.1254108636,G,-2.5225225225,1.6661923104e-02
3,0.0000000000,0.0000000000,0.0000000000,4.1254108636,G,-2.4624624625,1.6051259912e-02
3,0.0000000000,0.0000000000,0.0000000000,4.1254108636,G,-2.4024024024,1.5473904330e-02
3,0.0000000000,0.0000000000,0.0000000000,4.1254108636,G,-2.3423423423,1.4927489409e-02
3,0.0000000000,0.0000000000,0.0000000000,4.1254108636,G,-2.2822822823,1.4409854434e-02
3,0.0000000000,0.0000000000,0.0000000000,4.1254108636,G,-2.2222222222,1.3919023792e-02
3,0.0000000000,0.0000000000,0.0000000000,4.1254108636,G,-2.1621621622,1.3453188308e-02
3,0.0000000000,0.0000000000,0.0000000000,4.1254108636,G,-2.1021021021,1.3010688742e-02
3,0.0000000000,0.0000000000,0.0000000000,4.1254108636,G,-2.0420420420,1.2590001155e-02
3,0.0000000000,0.0000000000,0.0000000000,4.1254108636,G,-1.9819819820,1.2189723911e-02
3,0.0000000000,0.0000000000,0.0000000000,4.1254108636,G,-1.9219219219,1.1808566117e-02
3,0.0000000000,0.0000000000,0.0000000000,4.1254108636,G,-1.8618618619,1.1445337306e-02
3,0.0000000000,0.0000000000,0.0000000000,4.1254108636,G,-1.8018018018,1.1098938227e-02
3,0.0000000000,0.0000000000,0.0000000000,4.1254108636,G,-1.7417417417,1.0768352606e-02
3,0.0000000000,0.0000000000,0.0000000000,4.1254108636,G,-1.6816816817,1.0452639755e-02
3,0.0000000000,0.0000000000,0.0000000000,4.1254108636,G,-1.6216216216,1.0150927941e-02
3,0.0000000000,0.0000000000,0.0000000000,4.1254108636,G,-1.5615615616,9.8624084231e-03
3,0.0000000000,0.0000000000,0.0000000000,4.1254108636,G,-1.5015015015,9.5863300777e-03
3,0.0000000000,0.0000000000,0.0000000000,4.1254108636,G,-1.4414414414,9.3219945547e-03
3,0.0000000000,0.0000000000,0.0000000000,4.1254108636,G,-1.3813813814,9.0687518996e-03
3,0.0000000000,0.0000000000,0.0000000000,4.1254108636,G,-1.3213213213,8.8259965937e-03
3,0.0000000000,0.0000000000,0.0000000000,4.1254108636,G,-1.2612612613,8.5931639662e-03
3,0.0000000000,0.0000000000,0.0000000000,4.1254108636,G,-1.2012012012,8.3697269398e-03
3,0.0000000000,0.0000000000,0.0000000000,4.1254108636,G,-1.1411411411,8.1551930749e-03
3,0.0000000000,0.0000000000,0.0000000000,4.1254108636,G,-1.0810810811,7.9491018805e-03
3,0.0000000000,0.0000000000,0.0000000000,4.1254108636,G,-1.0210210210,7.7510223659e-03
3,0.0000000000,0.0000000000,0.0000000000,4.1254108636,G,-0.9609609610,7.5605508080e-03
3,0.0000000000,0.0000000000,0.0000000000,4.1254108636,G,-0.9009009009,7.3773087138e-03
3,0.0000000000,0.0000000000,0.0000000000,4.1254108636,G,-0.8408408408,7.2009409575e-03
3,0.0000000000,0.0000000000,0.0000000000,4.1254108636,G,-0.7807807808,7.0311140768e-03
3,0.0000000000,0.0000000000,0.0000000000,4.1254108636,G,-0.7207207207,6.8675147119e-03
3,0.0000000000,0.0000000000,0.0000000000,4.1254108636,G,-0.6606606607,6.7098481741e-03
3,0.0000000000,0.0000000000,0.0000000000,4.1254108636,G,-0.6006006006,6.5578371326e-03
3,0.0000000000,0.0000000000,0.0000000000,4.1254108636,G,-0.5405405405,6.4112204074e-03
3,0.0000000000,0.0000000000,0.0000000000,4.1254108636,G,-0.4804804805,6.2697518586e-03
3,0.0000000000,0.0000000000,0.0000000000,4.1254108636,G,-0.4204204204,6.1331993651e-03
3,0.0000000000,0.0000000000,0.0000000000,4.1254108636,G,-0.3603603604,6.0013438821e-03
3,0.0000000000,0.0000000000,0.0000000000,4.1254108636,G,-0.3003003003,5.8739785729e-03
3,0.0000000000,0.0000000000,0.0000000000,4.1254108636,G,-0.2402402402,5.7509080063e-03
3,0.0000000000,0.0000000000,0.0000000000,4.1254108636,G,-0.1801801802,5.6319474162e-03
3,0.0000000000,0.0000000000,0.0000000000,4.1254108636,G,-0.1201201201,5.5169220156e-03
3,0.0000000000,0.0000000000,0.0000000000,4.1254108636,G,-0.0600600601,5.4056663625e-03
3,0.0000000000,0.0000000000,0.0000000000,4.1254108636,G,0.0000000000,5.2980237722e-03
3,0.0000000000,0.0000000000,0.0000000000,4.1254108636,G,0.0600600601,5.1938457725e-03
3,0.0000000000,0.0000000000,0.0000000000,4.1254108636,G,0.1201201201,5.0929915980e-03
3,0.0000000000,0.0000000000,0.0000000000,4.1254108636,G,0.1801801802,4.9953277208e-03
3,0.0000000000,0.0000000000,0.0000000000,4.1254108636,G,0.2402402402,4.9007274145e-03
3,0.0000000000,0.0000000000,0.0000000000,4.1254108636,G,0.3003003003,4.8090703480e-03
3,0.0000000000,0.0000000000,0.0000000000,4.1254108636,G,0.3603603604,4.7202422087e-03
3,0.0000000000,0.0000000000,0.0000000000,4.1254108636,G,0.4204204204,4.6341343503e-03
3,0.0000000000,0.0000000000,0.0000000000,4.1254108636,G,0.4804804805,4.5506434658e-03
3,0.0000000000,0.0000000000,0.0000000000,4.1254108636,G,0.5405405405,4.4696712815e-03
3,0.0000000000,0.0000000000,0.0000000000,4.1254108636,G,0.6006006006,4.3911242725e-03
3,0.0000000000,0.0000000000,0.0000000000,4.1254108636,G,0.6606606607,4.3149133959e-03
3,0.0000000000,0.0000000000,0.0000000000,4.1254108636,G,0.7207207207,4.2409538429e-03
3,0.0000000000,0.0000000000,0.0000000000,4.1254108636,G,0.7807807808,4.1691648056e-03
3,0.0000000000,0.0000000000,0.0000000000,4.1254108636,G,0.8408408408,4.0994692604e-03
3,0.0000000000,0.0000000000,0.0000000000,4.1254108636,G,0.9009009009,4.0317937637e-03
3,0.0000000000,0.0000000000,0.0000000000,4.1254108636,G,0.9609609610,3.9660682620e-03
3,0.0000000000,0.0000000000,0.0000000000,4.1254108636,G,1.0210210210,3.9022259132e-03
3,0.0000000000,0.0000000000,0.0000000000,4.1254108636,G,1.0810810811,3.8402029192e-03
3,0.0000000000,0.0000000000,0.0000000000,4.1254108636,G,1.1411411411,3.7799383689e-03
3,0.0000000000,0.0000000000,0.0000000000,4.1254108636,G,1.2012012012,3.7213740915e-03
3,0.0000000000,0.0000000000,0.0000000000,4.1254108636,G,1.2612612613,3.6644545177e-03
3,0.0000000000,0.0000000000,0.0000000000,4.1254108636,G,1.3213213213,3.6091265502e-03
3,0.0000000000,0.0000000000,0.0000000000,4.1254108636,G,1.3813813814,3.5553394421e-03
3,0.0000000000,0.0000000000,0.0000000000,4.1254108636,G,1.4414414414,3.5030446817e-03
3,0.0000000000,0.0000000000,0.0000000000,4.1254108636,G,1.5015015015,3.4521958854e-03
3,0.0000000000,0.0000000000,0.0000000000,4.1254108636,G,1.5615615616,3.4027486963e-03
3,0.0000000000,0.0000000000,0.0000000000,4.1254108636,G,1.6216216216,3.3546606888e-03
3,0.0000000000,0.0000000000,0.0000000000,4.1254108636,G,1.6816816817,3.3078912790e-03
3,0.0000000000,0.0000000000,0.0000000000,4.1254108636,G,1.7417417417,3.2624016406e-03
3,0.0000000000,0.0000000000,0.0000000000,4.1254108636,G,1.8018018018,3.2181546254e-03
3,0.0000000000,0.0000000000,0.0000000000,4.1254108636,G,1.8618618619,3.1751146885e-03
3,0.0000000000,0.0000000000,0.0000000000,4.1254108636,G,1.9219219219,3.1332478181e-03
3,0.0000000000,0.0000000000,0.0000000000,4.1254108636,G,1.9819819820,3.0925214694e-03
3,0.0000000000,0.0000000000,0.0000000000,4.1254108636,G,2.0420420420,3.0529045021e-03
3,0.0000000000,0.0000000000,0.0000000000,4.1254108636,G,2.1021021021,3.0143671218e-03
3,0.0000000000,0.0000000000,0.0000000000,4.1254108636,G,2.1621621622,2.9768808250e-03
3,0.0000000000,0.0000000000,0.0000000000,4.1254108636,G,2.2222222222,2.9404183468e-03
3,0.0000000000,0.0000000000,0.0000000000,4.1254108636,G,2.2822822823,2.9049536125e-03
3,0.0000000000,0.0000000000,0.0000000000,4.1254108636,G,2.3423423423,2.8704616917e-03
3,0.0000000000,0.0000000000,0.0000000000,4.1254108636,G,2.4024024024,2.8369187549e-03
3,0.0000000000,0.0000000000,0.0000000000,4.1254108636,G,2.4624624625,2.8043020335e-03
3,0.0000000000,0.0000000000,0.0000000000,4.1254108636,G,2.5225225225,2.7725897814e-03
3,0.0000000000,0.0000000000,0.0000000000,4.1254108636,G,2.5825825826,2.7417612401e-03
3,0.0000000000,0.0000000000,0.0000000000,4.1254108636,G,2.6426426426,2.7117966050e-03
3,0.0000000000,0.0000000000,0.0000000000,4.1254108636,G,2.7027027027,2.6826769950e-03
3,0.0000000000,0.0000000000,0.0000000000,4.1254108636,G,2.7627627628,2.6543844231e-03
3,0.0000000000,0.0000000000,0.0000000000,4.1254108636,G,2.8228228228,2.6269017699e-03
3,0.0000000000,0.0000000000,0.0000000000,4.1254108636,G,2.8828828829,2.6002127591e-03
3,0.0000000000,0.0000000000,0.0000000000,4.1254108636,G,2.9429429429,2.5743019339e-03
3,0.0000000000,0.0000000000,0.0000000000,4.1254108636,G,3.0030030030,2.5491546369e-03
3,0.0000000000,0.0000000000,0.0000000000,4.1254108636,G,3.0630630631,2.5247569900e-03
3,0.0000000000,0.0000000000,0.0000000000,4.1254108636,G,3.1231231231,2.5010958779e-03
3,0.0000000000,0.0000000000,0.0000000000,4.1254108636,G,3.1831831832,2.4781589317e-03
3,0.0000000000,0.0000000000,0.0000000000,4.1254108636,G,3.2432432432,2.4559345157e-03
3,0.0000000000,0.0000000000,0.0000000000,4.1254108636,G,3.3033033033,2.4344117146e-03
3,0.0000000000,0.0000000000,0.0000000000,4.1254108636,G,3.3633633634,2.4135803237e-03
3,0.0000000000,0.0000000000,0.0000000000,4.1254108636,G,3.4234234234,2.3934308398e-03
3,0.0000000000,0.0000000000,0.0000000000,4.1254108636,G,3.4834834835,2.3739544542e-03
3,0.0000000000,0.0000000000,0.0000000000,4.1254108636,G,3.5435435435,2.3551430478e-03
3,0.0000000000,0.0000000000,0.0000000000,4.1254108636,G,3.6036036036,2.3369891876e-03
3,0.0000000000,0.0000000000,0.0000000000,4.1254108636,G,3.6636636637,2.3194861251e-03
3,0.0000000000,0.0000000000,0.0000000000,4.1254108636,G,3.7237237237,2.3026277967e-03
3,0.0000000000,0.0000000000,0.0000000000,4.1254108636,G,3.7837837838,2.2864088259e-03
3,0.0000000000,0.0000000000,0.0000000000,4.1254108636,G,3.8438438438,2.2708245281e-03
3,0.0000000000,0.0000000000,0.0000000000,4.1254108636,G,3.9039039039,2.2558709167e-03
3,0.0000000000,0.0000000000,0.0000000000,4.1254108636,G,3.9639639640,2.2415447120e-03
3,0.0000000000,0.0000000000,0.0000000000,4.1254108636,G,4.0240240240,2.2278433527e-03
3,0.0000000000,0.0000000000,0.0000000000,4.1254108636,G,4.0840840841,2.2147650093e-03
3,0.0000000000,0.0000000000,0.0000000000,4.1254108636,G,4.1441441441,2.2023086006e-03
3,0.0000000000,0.0000000000,0.0000000000,4.1254108636,G,4.2042042042,2.1904738136e-03
3,0.0000000000,0.0000000000,0.0000000000,4.1254108636,G,4.2642642643,2.1792611253e-03
3,0.0000000000,0.0000000000,0.0000000000,4.1254108636,G,4.3243243243,2.1686718295e-03
3,0.0000000000,0.0000000000,0.0000000000,4.1254108636,G,4.3843843844,2.1587080660e-03
3,0.0000000000,0.0000000000,0.0000000000,4.1254108636,G,4.4444444444,2.1493728544e-03
3,0.0000000000,0.0000000000,0.0000000000,4.1254108636,G,4.5045045045,2.1406701327e-03
3,0.0000000000,0.0000000000,0.0000000000,4.1254108636,G,4.5645645646,2.1326048004e-03
3,0.0000000000,0.0000000000,0.0000000000,4.1254108636,G,4.6246246246,2.1251827668e-03
3,0.0000000000,0.0000000000,0.0000000000,4.1254108636,G,4.6846846847,2.1184110058e-03
3,0.0000000000,0.0000000000,0.0000000000,4.1254108636,G,4.7447447447,2.1122976170e-03
3,0.0000000000,0.0000000000,0.0000000000,4.1254108636,G,4.8048048048,2.1068518947e-03
3,0.0000000000,0.0000000000,0.0000000000,4.1254108636,G,4.8648648649,2.1020844045e-03
3,0.0000000000,0.0000000000,0.0000000000,4.1254108636,G,4.9249249249,2.0980070698e-03
3,0.0000000000,0.0000000000,0.0000000000,4.1254108636,G,4.9849849850,2.0946332686e-03
3,0.0000000000,0.0000000000,0.0000000000,4.1254108636,G,5.0450450450,2.0919779417e-03
3,0.0000000000,0.0000000000,0.0000000000,4.1254108636,G,5.1051051051,2.0900577151e-03
3,0.0000000000,0.0000000000,0.0000000000,4.1254108636,G,5.1651651652,2.0888910369e-03
3,0.0000000000,0.0000000000,0.0000000000,4.1254108636,G,5.2252252252,2.0884983314e-03
3,0.0000000000,0.0000000000,0.0000000000,4.1254108636,G,5.2852852853,2.0889021730e-03
3,0.0000000000,0.0000000000,0.0000000000,4.1254108636,G,5.3453453453,2.0901274831e-03
3,0.0000000000,0.0000000000,0.0000000000,4.1254108636,G,5.4054054054,2.0922017517e-03
3,0.0000000000,0.0000000000,0.0000000000,4.1254108636,G,5.4654654655,2.0951552896e-03
3,0.0000000000,0.0000000000,0.0000000000,4.1254108636,G,5.5255255255,2.0990215147e-03
3,0.0000000000,0.0000000000,0.0000000000,4.1254108636,G,5.5855855856,2.1038372774e-03
3,0.0000000000,0.0000000000,0.0000000000,4.1254108636,G,5.6456456456,2.1096432331e-03
3,0.0000000000,0.0000000000,0.0000000000,4.1254108636,G,5.7057057057,2.1164842675e-03
3,0.0000000000,0.0000000000,0.0000000000,4.1254108636,G,5.7657657658,2.1244099852e-03
3,0.0000000000,0.0000000000,0.0000000000,4.1254108636,G,5.8258258258,2.1334752722e-03
3,0.0000000000,0.0000000000,0.0000000000,4.1254108636,G,5.8858858859,2.1437409448e-03
3,0.0000000000,0.0000000000,0.0000000000,4.1254108636,G,5.9459459459,2.1552745014e-03
3,0.0000000000,0.0000000000,0.0000000000,4.1254108636,G,6.0060060060,2.1681509960e-03
3,0.0000000000,0.0000000000,0.0000000000,4.1254108636,G,6.0660660661,2.1824540570e-03
3,0.0000000000,0.0000000000,0.0000000000,4.1254108636,G,6.1261261261,2.1982770792e-03
3,0.0000000000,0.0000000000,0.0000000000,4.1254108636,G,6.1861861862,2.2157246241e-03
3,0.0000000000,0.0000000000,0.0000000000,4.1254108636,G,6.2462462462,2.2349140721e-03
3,0.0000000000,0.0000000000,0.0000000000,4.1254108636,G,6.3063063063,2.2559775786e-03
3,0.0000000000,0.0000000000,0.0000000000,4.1254108636,G,6.3663663664,2.2790644011e-03
3,0.0000000000,0.0000000000,0.0000000000,4.1254108636,G,6.4264264264,2.3043436806e-03
3,0.0000000000,0.0000000000,0.0000000000,4.1254108636,G,6.4864864865,2.3320077796e-03
3,0.0000000000,0.0000000000,0.0000000000,4.1254108636,G,6.5465465465,2.3622763114e-03
3,0.0000000000,0.0000000000,0.0000000000,4.1254108636,G,6.6066066066,2.3954010248e-03
3,0.0000000000,0.0000000000,0.0000000000,4.1254108636,G,6.6666666667,2.4316717628e-03
3,0.0000000000,0.0000000000,0.0000000000,4.1254108636,G,6.7267267267,2.4714237671e-03
3,0.0000000000,0.0000000000,0.0000000000,4.1254108636,G,6.7867867868,2.5150466913e-03
3,0.0000000000,0.0000000000,0.0000000000,4.1254108636,G,6.8468468468,2.5629957853e-03
3,0.0000000000,0.0000000000,0.0000000000,4.1254108636,G,6.9069069069,2.6158058693e-03
3,0.0000000000,0.0000000000,0.0000000000,4.1254108636,G,6.9669669670,2.6741089070e-03
3,0.0000000000,0.0000000000,0.0000000000,4.1254108636,G,7.0270270270,2.7386562634e-03
3,0.0000000000,0.0000000000,0.0000000000,4.1254108636,G,7.0870870871,2.8103471020e-03
3,0.0000000000,0.0000000000,0.0000000000,4.1254108636,G,7.1471471471,2.8902648930e-03
3,0.0000000000,0.0000000000,0.0000000000,4.1254108636,G,7.2072072072,2.9797247179e-03
3,0.0000000000,0.0000000000,0.0000000000,4.1254108636,G,7.2672672673,3.0803350655e-03
3,0.0000000000,0.0000000000,0.0000000000,4.1254108636,G,7.3273273273,3.1940792257e-03
3,0.0000000000,0.0000000000,0.0000000000,4.1254108636,G,7.3873873874,3.3234233935e-03
3,0.0000000000,0.0000000000,0.0000000000,4.1254108636,G,7.4474474474,3.4714614287e-03
3,0.0000000000,0.0000000000,0.0000000000,4.1254108636,G,7.5075075075,3.6421102135e-03
3,0.0000000000,0.0000000000,0.0000000000,4.1254108636,G,7.5675675676,3.8403751172e-03
3,0.0000000000,0.0000000000,0.0000000000,4.1254108636,G,7.6276276276,4.0727126292e-03
3,0.0000000000,0.0000000000,0.0000000000,4.1254108636,G,7.6876876877,4.3475268837e-03
3,0.0000000000,0.0000000000,0.0000000000,4.1254108636,G,7.7477477477,4.6758475863e-03
3,0.0000000000,0.0000000000,0.0000000000,4.1254108636,G,7.8078078078,5.0722443672e-03
3,0.0000000000,0.0000000000,0.0000000000,4.1254108636,G,7.8678678679,5.5560231477e-03
3,0.0000000000,0.0000000000,0.0000000000,4.1254108636,G,7.9279279279,6.1526861769e-03
3,0.0000000000,0.0000000000,0.0000000000,4.1254108636,G,7.9879879880,6.8954231756e-03
3,0.0000000000,0.0000000000,0.0000000000,4.1254108636,G,8.0480480480,7.8258090968e-03
3,0.0000000000,0.0000000000,0.0000000000,4.1254108636,G,8.1081081081,8.9914328235e-03
3,0.0000000000,0.0000000000,0.0000000000,4.1254108636,G,8.1681681682,1.0435093016e-02
3,0.0000000000,0.0000000000,0.0000000000,4.1254108636,G,8.2282282282,1.2165253451e-02
3,0.0000000000,0.0000000000,0.0000000000,4.1254108636,G,8.2882882883,1.4095488594e-02
3,0.0000000000,0.0000000000,0.0000000000,4.1254108636,G,8.3483483483,1.5962345429e-02
3,0.0000000000,0.0000000000,0.0000000000,4.1254108636,G,8.4084084084,1.7306503885e-02
3,0.0000000000,0.0000000000,0.0000000000,4.1254108636,G,8.4684684685,1.7664025182e-02
3,0.0000000000,0.0000000000,0.0000000000,4.1254108636,G,8.5285285285,1.6914349765e-02
3,0.0000000000,0.0000000000,0.0000000000,4.1254108636,G,8.5885885886,1.5389455575e-02
3,0.0000000000,0.0000000000,0.0000000000,4.1254108636,G,8.6486486486,1.3591521845e-02
3,0.0000000000,0.0000000000,0.0000000000,4.1254108636,G,8.7087087087,1.1890352620e-02
3,0.0000000000,0.0000000000,0.0000000000,4.1254108636,G,8.7687687688,1.0452016786e-02
3,0.0000000000,0.0000000000,0.0000000000,4.1254108636,G,8.8288288288,9.3064695917e-03
3,0.0000000000,0.0000000000,0.0000000000,4.1254108636,G,8.8888888889,8.4233845431e-03
3,0.0000000000,0.0000000000,0.0000000000,4.1254108636,G,8.9489489489,7.7560855164e-03
3,0.0000000000,0.0000000000,0.0000000000,4.1254108636,G,9.0090090090,7.2601218246e-03
3,0.0000000000,0.0000000000,0.0000000000,4.1254108636,G,9.0690690691,6.8989193358e-03
3,0.0000000000,0.0000000000,0.0000000000,4.1254108636,G,9.1291291291,6.6441991893e-03
3,0.0000000000,0.0000000000,0.0000000000,4.1254108636,G,9.1891891892,6.4747292728e-03
3,0.0000000000,0.0000000000,0.0000000000,4.1254108636,G,9.2492492492,6.3748083761e-03
3,0.0000000000,0.0000000000,0.0000000000,4.1254108636,G,9.3093093093,6.3329423409e-03
3,0.0000000000,0.0000000000,0.0000000000,4.1254108636,G,9.3693693694,6.3408094271e-03
3,0.0000000000,0.0000000000,0.0000000000,4.1254108636,G,9.4294294294,6.3924909444e-03
3,0.0000000000,0.0000000000,0.0000000000,4.1254108636,G,9.4894894895,6.4839137820e-03
3,0.0000000000,0.0000000000,0.0000000000,4.1254108636,G,9.5495495495,6.6124533345e-03
3,0.0000000000,0.0000000000,0.0000000000,4.1254108636,G,9.6096096096,6.7766555619e-03
3,0.0000000000,0.0000000000,0.0000000000,4.1254108636,G,9.6696696697,6.9760476084e-03
3,0.0000000000,0.0000000000,0.0000000000,4.1254108636,G,9.7297297297,7.2110152996e-03
3,0.0000000000,0.0000000000,0.0000000000,4.1254108636,G,9.7897897898,7.4827326965e-03
3,0.0000000000,0.0000000000,0.0000000000,4.1254108636,G,9.8498498498,7.7931340417e-03
3,0.0000000000,0.0000000000,0.0000000000,4.1254108636,G,9.9099099099,8.1449223714e-03
3,0.0000000000,0.0000000000,0.0000000000,4.1254108636,G,9.9699699700,8.5416121844e-03
3,0.0000000000,0.0000000000,0.0000000000,4.1254108636,G,10.0300300300,8.9876062048e-03
3,0.0000000000,0.0000000000,0.0000000000,4.1254108636,G,10.0900900901,9.4883087411e-03
3,0.0000000000,0.0000000000,0.0000000000,4.1254108636,G,10.1501501502,1.0050280681e-02
3,0.0000000000,0.0000000000,0.0000000000,4.1254108636,G,10.2102102102,1.0681444027e-02
3,0.0000000000,0.0000000000,0.0000000000,4.1254108636,G,10.2702702703,1.1391347353e-02
3,0.0000000000,0.0000000000,0.0000000000,4.1254108636,G,10.3303303303,1.2191508020e-02
3,0.0000000000,0.0000000000,0.0000000000,4.1254108636,G,10.3903903904,1.3095852825e-02
3,0.0000000000,0.0000000000,0.0000000000,4.1254108636,G,10.4504504505,1.4121286739e-02
3,0.0000000000,0.0000000000,0.0000000000,4.1254108636,G,10.5105105105,1.5288430214e-02
3,0.0000000000,0.0000000000,0.0000000000,4.1254108636,G,10.5705705706,1.6622580693e-02
3,0.0000000000,0.0000000000,0.0000000000,4.1254108636,G,10.6306306306,1.8154975069e-02
3,0.0000000000,0.0000000000,0.0000000000,4.1254108636,G,10.6906906907,1.9924459624e-02
3,0.0000000000,0.0000000000,0.0000000000,4.1254108636,G,10.7507507508,2.1979716112e-02
3,0.0000000000,0.0000000000,0.0000000000,4.1254108636,G,10.8108108108,2.4382252161e-02
3,0.0000000000,0.0000000000,0.0000000000,4.1254108636,G,10.8708708709,2.7210447941e-02
3,0.0000000000,0.0000000000,0.0000000000,4.1254108636,G,10.9309309309,3.0565067071e-02
3,0.0000000000,0.0000000000,0.0000000000,4.1254108636,G,10.9909909910,3.4576795295e-02
3,0.0000000000,0.0000000000,0.0000000000,4.1254108636,G,11.0510510511,3.9416564574e-02
3,0.0000000000,0.0000000000,0.0000000000,4.1254108636,G,11.1111111111,4.5309622448e-02
3,0.0000000000,0.0000000000,0.0000000000,4.1254108636,G,11.1711711712,5.2554400596e-02
3,0.0000000000,0.0000000000,0.0000000000,4.1254108636,G,11.2312312312,6.1546875799e-02
3,0.0000000000,0.0000000000,0.0000000000,4.1254108636,G,11.2912912913,7.2809370580e-02
3,0.0000000000,0.0000000000,0.0000000000,4.1254108636,G,11.3513513514,8.7017278011e-02
3,0.0000000000,0.0000000000,0.0000000000,4.1254108636,G,11.4114114114,1.0500261199e-01
3,0.0000000000,0.0000000000,0.0000000000,4.1254108636,G,11.4714714715,1.2767868199e-01
3,0.0000000000,0.0000000000,0.0000000000,4.1254108636,G,11.5315315315,1.5576043080e-01
3,0.0000000000,0.0000000000,0.0000000000,4.1254108636,G,11.5915915916,1.8905855850e-01
3,0.0000000000,0.0000000000,0.0000000000,4.1254108636,G,11.6516516517,2.2515325461e-01
3,0.0000000000,0.0000000000,0.0000000000,4.1254108636,G,11.7117117117,2.5790601105e-01
3,0.0000000000,0.0000000000,0.0000000000,4.1254108636,G,11.7717717718,2.7793334754e-01
3,0.0000000000,0.0000000000,0.0000000000,4.1254108636,G,11.8318318318,2.7749972555e-01
3,0.0000000000,0.0000000000,0.0000000000,4.1254108636,G,11.8918918919,2.5678607746e-01
3,0.0000000000,0.0000000000,0.0000000000,4.1254108636,G,11.9519519520,2.2372518994e-01
3,0.0000000000,0.0000000000,0.0000000000,4.1254108636,G,12.0120120120,1.8763583681e-01
3,0.0000000000,0.0000000000,0.0000000000,4.1254108636,G,12.0720720721,1.5449847399e-01
3,0.0000000000,0.0000000000,0.0000000000,4.1254108636,G,12.1321321321,1.2661573113e-01
3,0.0000000000,0.0000000000,0.0000000000,4.1254108636,G,12.1921921922,1.0412122172e-01
3,0.0000000000,0.0000000000,0.0000000000,4.1254108636,G,12.2522522523,8.6282736803e-02
3,0.0000000000,0.0000000000,0.0000000000,4.1254108636,G,12.3123123123,7.2186765664e-02
3,0.0000000000,0.0000000000,0.0000000000,4.1254108636,G,12.3723723724,6.1006703434e-02
3,0.0000000000,0.0000000000,0.0000000000,4.1254108636,G,12.4324324324,5.2073368611e-02
3,0.0000000000,0.0000000000,0.0000000000,4.1254108636,G,12.4924924925,4.4869832805e-02
3,0.0000000000,0.0000000000,0.0000000000,4.1254108636,G,12.5525525526,3.9004361044e-02
3,0.0000000000,0.0000000000,0.0000000000,4.1254108636,G,12.6126126126,3.4181715373e-02
3,0.0000000000,0.0000000000,0.0000000000,4.1254108636,G,12.6726726727,3.0179004868e-02
3,0.0000000000,0.0000000000,0.0000000000,4.1254108636,G,12.7327327327,2.6827019851e-02
3,0.0000000000,0.0000000000,0.0000000000,4.1254108636,G,12.7927927928,2.3996326278e-02
3,0.0000000000,0.0000000000,0.0000000000,4.1254108636,G,12.8528528529,2.1587064932e-02
3,0.0000000000,0.0000000000,0.0000000000,4.1254108636,G,12.9129129129,1.9521502544e-02
3,0.0000000000,0.0000000000,0.0000000000,4.1254108636,G,12.9729729730,1.7738585196e-02
3,0.0000000000,0.0000000000,0.0000000000,4.1254108636,G,13.0330330330,1.6189937199e-02
3,0.0000000000,0.0000000000,0.0000000000,4.1254108636,G,13.0930930931,1.4836902595e-02
3,0.0000000000,0.0000000000,0.0000000000,4.1254108636,G,13.1531531532,1.3648341056e-02
3,0.0000000000,0.0000000000,0.0000000000,4.1254108636,G,13.2132132132,1.2598972548e-02
3,0.0000000000,0.0000000000,0.0000000000,4.1254108636,G,13.2732732733,1.1668123918e-02
3,0.0000000000,0.0000000000,0.0000000000,4.1254108636,G,13.3333333333,1.0838772002e-02
3,0.0000000000,0.0000000000,0.0000000000,4.1254108636,G,13.3933933934,1.0096807233e-02
3,0.0000000000,0.0000000000,0.0000000000,4.1254108636,G,13.4534534535,9.4304624834e-03
3,0.0000000000,0.0000000000,0.0000000000,4.1254108636,G,13.5135135135,8.8298667367e-03
3,0.0000000000,0.0000000000,0.0000000000,4.1254108636,G,13.5735735736,8.2866937550e-03
3,0.0000000000,0.0000000000,0.0000000000,4.1254108636,G,13.6336336336,7.7938836075e-03
3,0.0000000000,0.0000000000,0.0000000000,4.1254108636,G,13.6936936937,7.3454204764e-03
3,0.0000000000,0.0000000000,0.0000000000,4.1254108636,G,13.7537537538,6.9361542397e-03
3,0.0000000000,0.0000000000,0.0000000000,4.1254108636,G,13.8138138138,6.5616563369e-03
3,0.0000000000,0.0000000000,0.0000000000,4.1254108636,G,13.8738738739,6.2181026547e-03
3,0.0000000000,0.0000000000,0.0000000000,4.1254108636,G,13.9339339339,5.9021778424e-03
3,0.0000000000,0.0000000000,0.0000000000,4.1254108636,G,13.9939939940,5.6109967226e-03
3,0.0000000000,0.0000000000,0.0000000000,4.1254108636,G,14.0540540541,5.3420394190e-03
3,0.0000000000,0.0000000000,0.0000000000,4.1254108636,G,14.1141141141,5.0930975490e-03
3,0.0000000000,0.0000000000,0.0000000000,4.1254108636,G,14.1741741742,4.8622293894e-03
3,0.0000000000,0.0000000000,0.0000000000,4.1254108636,G,14.2342342342,4.6477223546e-03
3,0.0000000000,0.0000000000,0.0000000000,4.1254108636,G,14.2942942943,4.4480614635e-03
3,0.0000000000,0.0000000000,0.0000000000,4.1254108636,G,14.3543543544,4.2619027321e-03
3,0.0000000000,0.0000000000,0.0000000000,4.1254108636,G,14.4144144144,4.0880506371e-03
3,0.0000000000,0.0000000000,0.0000000000,4.1254108636,G,14.4744744745,3.9254389565e-03
3,0.0000000000,0.0000000000,0.0000000000,4.1254108636,G,14.5345345345,3.7731144241e-03
3,0.0000000000,0.0000000000,0.0000000000,4.1254108636,G,14.5945945946,3.6302227383e-03
3,0.0000000000,0.0000000000,0.0000000000,4.1254108636,G,14.6546546547,3.4959965464e-03
3,0.0000000000,0.0000000000,0.0000000000,4.1254108636,G,14.7147147147,3.3697450934e-03
3,0.0000000000,0.0000000000,0.0000000000,4.1254108636,G,14.7747747748,3.2508452794e-03
3,0.0000000000,0.0000000000,0.0000000000,4.1254108636,G,14.8348348348,3.1387339108e-03
3,0.0000000000,0.0000000000,0.0000000000,4.1254108636,G,14.8948948949,3.0329009682e-03
3,0.0000000000,0.0000000000,0.0000000000,4.1254108636,G,14.9549549550,2.9328837429e-03
3,0.0000000000,0.0000000000,0.0000000000,4.1254108636,G,15.0150150150,2.8382617156e-03
3,0.0000000000,0.0000000000,0.0000000000,4.1254108636,G,15.0750750751,2.7486520759e-03
3,0.0000000000,0.0000000000,0.0000000000,4.1254108636,G,15.1351351351,2.6637057906e-03
3,0.0000000000,0.0000000000,0.0000000000,4.1254108636,G,15.1951951952,2.5831041490e-03
3,0.0000000000,0.0000000000,0.0000000000,4.1254108636,G,15.2552552553,2.5065557204e-03
3,0.0000000000,0.0000000000,0.0000000000,4.1254108636,G,15.3153153153,2.4337936704e-03
3,0.0000000000,0.0000000000,0.0000000000,4.1254108636,G,15.3753753754,2.3645733912e-03
3,0.0000000000,0.0000000000,0.0000000000,4.1254108636,G,15.4354354354,2.2986704050e-03
3,0.0000000000,0.0000000000,0.0000000000,4.1254108636,G,15.4954954955,2.2358785100e-03
3,0.0000000000,0.0000000000,0.0000000000,4.1254108636,G,15.5555555556,2.1760081387e-03
3,0.0000000000,0.0000000000,0.0000000000,4.1254108636,G,15.6156156156,2.1188849060e-03
3,0.0000000000,0.0000000000,0.0000000000,4.1254108636,G,15.6756756757,2.0643483264e-03
3,0.0000000000,0.0000000000,0.0000000000,4.1254108636,G,15.7357357357,2.0122506843e-03
3,0.0000000000,0.0000000000,0.0000000000,4.1254108636,G,15.7957957958,1.9624560428e-03
3,0.0000000000,0.0000000000,0.0000000000,4.1254108636,G,15.8558558559,1.9148393817e-03
3,0.0000000000,0.0000000000,0.0000000000,4.1254108636,G,15.9159159159,1.8692858558e-03
3,0.0000000000,0.0000000000,0.0000000000,4.1254108636,G,15.9759759760,1.8256901687e-03
3,0.0000000000,0.0000000000,0.0000000000,4.1254108636,G,16.0360360360,1.7839560604e-03
3,0.0000000000,0.0000000000,0.0000000000,4.1254108636,G,16.0960960961,1.7439959107e-03
3,0.0000000000,0.0000000000,0.0000000000,4.1254108636,G,16.1561561562,1.7057304622e-03
3,0.0000000000,0.0000000000,0.0000000000,4.1254108636,G,16.2162162162,1.6690886757e-03
3,0.0000000000,0.0000000000,0.0000000000,4.1254108636,G,16.2762762763,1.6340077327e-03
3,0.0000000000,0.0000000000,0.0000000000,4.1254108636,G,16.3363363363,1.6004332112e-03
3,0.0000000000,0.0000000000,0.0000000000,4.1254108636,G,16.3963963964,1.5683194692e-03
3,0.0000000000,0.0000000000,0.0000000000,4.1254108636,G,16.4564564565,1.5376302877e-03
3,0.0000000000,0.0000000000,0.0000000000,4.1254108636,G,16.5165165165,1.5083398418e-03
3,0.0000000000,0.0000000000,0.0000000000,4.1254108636,G,16.5765765766,1.4804341006e-03
3,0.0000000000,0.0000000000,0.0000000000,4.1254108636,G,16.6366366366,1.4539127910e-03
3,0.0000000000,0.0000000000,0.0000000000,4.1254108636,G,16.6966966967,1.4287921204e-03
3,0.0000000000,0.0000000000,0.0000000000,4.1254108636,G,16.7567567568,1.4051085292e-03
3,0.0000000000,0.0000000000,0.0000000000,4.1254108636,G,16.8168168168,1.3829238523e-03
3,0.0000000000,0.0000000000,0.0000000000,4.1254108636,G,16.8768768769,1.3623324266e-03
3,0.0000000000,0.0000000000,0.0000000000,4.1254108636,G,16.9369369369,1.3434708865e-03
3,0.0000000000,0.0000000000,0.0000000000,4.1254108636,G,16.9969969970,1.3265316590e-03
3,0.0000000000,0.0000000000,0.0000000000,4.1254108636,G,17.0570570571,1.3117814769e-03
3,0.0000000000,0.0000000000,0.0000000000,4.1254108636,G,17.1171171171,1.2995864576e-03
3,0.0000000000,0.0000000000,0.0000000000,4.1254108636,G,17.1771771772,1.2904450987e-03
3,0.0000000000,0.0000000000,0.0000000000,4.1254108636,G,17.2372372372,1.2850289392e-03
3,0.0000000000,0.0000000000,0.0000000000,4.1254108636,G,17.2972972973,1.2842251256e-03
3,0.0000000000,0.0000000000,0.0000000000,4.1254108636,G,17.3573573574,1.2891597055e-03
3,0.0000000000,0.0000000000,0.0000000000,4.1254108636,G,17.4174174174,1.3011423030e-03
3,0.0000000000,0.0000000000,0.0000000000,4.1254108636,G,17.4774774775,1.3213903337e-03
3,0.0000000000,0.0000000000,0.0000000000,4.1254108636,G,17.5375375375,1.3502538071e-03
3,0.0000000000,0.0000000000,0.0000000000,4.1254108636,G,17.5975975976,1.3855845375e-03
3,0.0000000000,0.0000000000,0.0000000000,4.1254108636,G,17.6576576577,1.4204107266e-03
3,0.0000000000,0.0000000000,0.0000000000,4.1254108636,G,17.7177177177,1.4420800474e-03
3,0.0000000000,0.0000000000,0.0000000000,4.1254108636,G,17.7777777778,1.4370590196e-03
3,0.0000000000,0.0000000000,0.0000000000,4.1254108636,G,17.8378378378,1.4007613471e-03
3,0.0000000000,0.0000000000,0.0000000000,4.1254108636,G,17.8978978979,1.3416501903e-03
3,0.0000000000,0.0000000000,0.0000000000,4.1254108636,G,17.9579579580,1.2739117353e-03
3,0.0000000000,0.0000000000,0.0000000000,4.1254108636,G,18.0180180180,1.2084864806e-03
3,0.0000000000,0.0000000000,0.0000000000,4.1254108636,G,18.0780780781,1.1504984981e-03
3,0.0000000000,0.0000000000,0.0000000000,4.1254108636,G,18.1381381381,1.1010082442e-03
3,0.0000000000,0.0000000000,0.0000000000,4.1254108636,G,18.1981981982,1.0592160615e-03
3,0.0000000000,0.0000000000,0.0000000000,4.1254108636,G,18.2582582583,1.0237845623e-03
3,0.0000000000,0.0000000000,0.0000000000,4.1254108636,G,18.3183183183,9.9341132096e-04
3,0.0000000000,0.0000000000,0.0000000000,4.1254108636,G,18.3783783784,9.6700963617e-04
3,0.0000000000,0.0000000000,0.0000000000,4.1254108636,G,18.4384384384,9.4372772734e-04
3,0.0000000000,0.0000000000,0.0000000000,4.1254108636,G,18.4984984985,9.2291503704e-04
3,0.0000000000,0.0000000000,0.0000000000,4.1254108636,G,18.5585585586,9.0407887616e-04
3,0.0000000000,0.0000000000,0.0000000000,4.1254108636,G,18.6186186186,8.8684587491e-04
3,0.0000000000,0.0000000000,0.0000000000,4.1254108636,G,18.6786786787,8.7093151112e-04
3,0.0000000000,0.0000000000,0.0000000000,4.1254108636,G,18.7387387387,8.5611718296e-04
3,0.0000000000,0.0000000000,0.0000000000,4.1254108636,G,18.7987987988,8.4223332208e-04
3,0.0000000000,0.0000000000,0.0000000000,4.1254108636,G,18.8588588589,8.2914705093e-04
3,0.0000000000,0.0000000000,0.0000000000,4.1254108636,G,18.9189189189,8.1675316490e-04
3,0.0000000000,0.0000000000,0.0000000000,4.1254108636,G,18.9789789790,8.0496751947e-04
3,0.0000000000,0.0000000000,0.0000000000,4.1254108636,G,19.0390390390,7.9372215231e-04
3,0.0000000000,0.0000000000,0.0000000000,4.1254108636,G,19.0990990991,7.8296165946e-04
3,0.0000000000,0.0000000000,0.0000000000,4.1254108636,G,19.1591591592,7.7264048250e-04
3,0.0000000000,0.0000000000,0.0000000000,4.1254108636,G,19.2192192192,7.6272086213e-04
3,0.0000000000,0.0000000000,0.0000000000,4.1254108636,G,19.2792792793,7.5317128276e-04
3,0.0000000000,0.0000000000,0.0000000000,4.1254108636,G,19.3393393393,7.4396528214e-04
3,0.0000000000,0.0000000000,0.0000000000,4.1254108636,G,19.3993993994,7.3508053488e-04
3,0.0000000000,0.0000000000,0.0000000000,4.1254108636,G,19.4594594595,7.2649814335e-04
3,0.0000000000,0.0000000000,0.0000000000,4.1254108636,G,19.5195195195,7.1820208727e-04
3,0.0000000000,0.0000000000,0.0000000000,4.1254108636,G,19.5795795796,7.1017879640e-04
3,0.0000000000,0.0000000000,0.0000000000,4.1254108636,G,19.6396396396,7.0241681948e-04
3,0.0000000000,0.0000000000,0.0000000000,4.1254108636,G,19.6996996997,6.9490657034e-04
3,0.0000000000,0.0000000000,0.0000000000,4.1254108636,G,19.7597597598,6.8764013629e-04
3,0.0000000000,0.0000000000,0.0000000000,4.1254108636,G,19.8198198198,6.8061113865e-04
3,0.0000000000,0.0000000000,0.0000000000,4.1254108636,G,19.8798798799,6.7381463791e-04
3,0.0000000000,0.0000000000,0.0000000000,4.1254108636,G,19.9399399399,6.6724707836e-04
3,0.0000000000,0.0000000000,0.0000000000,4.1254108636,G,20.0000000000,6.6090626953e-04
